Código;Descrição;Unidade de Medida;Familia;Foto ou Imagem
100027;GERADOR PORTÁTIL, 3,6KVA, 380/220/127V;EA;GERADORES;100027.jpg
100053;GERADOR 20KVA, 380/220/127V, GSCP006;EA;GERADORES;100053.jpg
100056;GERADOR PORTATIL, 1,5KVA, 380/220/127V,;EA;GERADORES;100056.jpg
110357;REG TENSÃO,1F,D,7,62,219A,167kVA,ET39;EA;REGULADORES;110357.jpg
110569;TD,1F,7,967/0,24-0,12KV,25KVA,GST001;EA;TRANSFORMADORES NOVOS;110569.jpg
110673;TRAFO DIST PEDESTAL,150KVA - À RECUPERAR;PEÇ;TRANSFORMADORES  À RECUPERAR;110673.jpg
111246;TRAFO,DIST,MONO/BI/TRIF,3KVA,SUCATA;UN;TRANSFORMADORES SUCATA;111246.jpg
111248;TRAFO,DIST,MONO/BI/TRIF,10KVA,INSERVÍVEL;PZ;TRANSFORMADORES SUCATA;111248.jpg
111249;TRAFO,DIST,MONO/BI/TRIF,15KVA,INSERVÍVEL;PC;TRANSFORMADORES SUCATA;111249.jpg
111253;TRAFO,DIST,MONO/BI/TRIF,37,5KVA,INSERV.;PC;TRANSFORMADORES SUCATA;111253.jpg
111257;TRAFO,DIST,MONO/BI/TRIF,150KV,INSERVÍVEL;PZ;TRANSFORMADORES SUCATA;111257.jpg
111268;TP,11,5KV/R3-2X115V,0,3P50,INT,PBR114010;UN;TRANSFORMADORES DE POTÊNCIA;111268.jpg
111269;TP,13,8KV/R3-2X115V,0,3P50,INT,PBR114010;UN;TRANSFORMADORES DE POTÊNCIA;111269.jpg
111271;TRAFO TRIFÁSICO 45KVA - SUC;PZ;TRANSFORMADORES SUCATA;111271.jpg
111272;TRAFO DIST BIFÁSICO,10KVA - SUCATA;PZ;TRANSFORMADORES SUCATA;111272.jpg
111273;TRAFO DIST BIFÁSICO,15KVA - SUCATA;PZ;TRANSFORMADORES SUCATA;111273.jpg
111274;TRAFO TRIFÁSICO 30KVA - SUC;PZ;TRANSFORMADORES SUCATA;111274.jpg
111306;TRAFO TRIFÁSICO 30KVA, DED-1844 I2 R4;PC;TRANSFORMADORES NOVOS;111306.jpg
111307;TRAFO TRIFÁSICO 45KVA, DED-1844 I3 R4;PC;TRANSFORMADORES NOVOS;111307.jpg
111308;TRAFO TRIFÁSICO 75KVA, DED-1844 I4 R4;PC;TRANSFORMADORES NOVOS;111308.jpg
111311;TRAFO DIST BIFÁSICO,10KVA,DED-1847 I4 R4;PC;TRANSFORMADORES NOVOS;111311.jpg
111312;TD,2P,13.8-0.24/0.12kV,15KVA,GST01/904;PC;TRANSFORMADORES NOVOS;111312.jpg
111316;TRAFO TRIF POTÊNCIA 500KVA,DED 1853 I1R3;PC;TRANSFORMADORES NOVOS;111316.jpg
111317;TRAFO TRIF POTÊNCIA 750KVA,DED 1853 I2R3;PC;TRANSFORMADORES NOVOS;111317.jpg
111319;TRAFO TRI 150KVA MINERAL, DED1832 I1R7;PC;TRANSFORMADORES NOVOS;111319.jpg
111321;TRAFO TRI 300KVA MINERAL, DED1832 I3 R7;PC;TRANSFORMADORES NOVOS;111321.jpg
111322;TRAFO DIST MONO,10KVA, DED-1847 I1 R4;PC;TRANSFORMADORES NOVOS;111322.jpg
111323;TRAFO DIST MONO,15KVA, DED-1847 I2 R4;PC;TRANSFORMADORES NOVOS;111323.jpg
111327;TRAFO DIST MONO RURAL,5KVA,DED-1937 I1R1;PC;TRANSFORMADORES NOVOS;111327.jpg
111350;TRAFO TRIFÁSICO 15KVA - RECUPERADO;PC;TRANSFORMADORES RECUPERADOS;111350.jpg
111351;TRAFO TRIFÁSICO 30KVA - RECUPERADO;PC;TRANSFORMADORES RECUPERADOS;111351.jpg
111352;TRAFO TRIFÁSICO 45KVA - RECUPERADO;PC;TRANSFORMADORES RECUPERADOS;111352.jpg
111353;TRAFO TRIFÁSICO 75KVA - RECUPERADO;PC;TRANSFORMADORES RECUPERADOS;111353.jpg
111354;TRAFO TRIFÁSICO 112-5KVA - RECUPERADO;PC;TRANSFORMADORES RECUPERADOS;111354.jpg
111355;TRAFO DIST BIFÁSICO-10KVA - RECUPERADO;PC;TRANSFORMADORES RECUPERADOS;111355.jpg
111356;TRAFO DIST BIFÁSICO-15KVA - RECUPERADO;PC;TRANSFORMADORES RECUPERADOS;111356.jpg
111357;TRAFO DIST BIFÁSICO-25KVA - RECUPERADO;PC;TRANSFORMADORES RECUPERADOS;111357.jpg
111358;TRAFO TRI 150KVA MINERAL - RECUPERADO;PC;TRANSFORMADORES RECUPERADOS;111358.jpg
111359;TRAFO TRI 225KVA MINERAL - RECUPERADO;PC;TRANSFORMADORES RECUPERADOS;111359.jpg
111360;TRAFO TRI 300KVA MINERAL - RECUPERADO;PC;TRANSFORMADORES RECUPERADOS;111360.jpg
111361;TRAFO DIST MONO-10KVA - RECUPERADO;PC;TRANSFORMADORES RECUPERADOS;111361.jpg
111362;TRAFO DIST MONO-15KVA - RECUPERADO;PC;TRANSFORMADORES RECUPERADOS;111362.jpg
111363;TRAFO DIST MONO-25KVA - RECUPERADO;PC;TRANSFORMADORES RECUPERADOS;111363.jpg
111365;TRAFO DIST MONO RURAL-5KVA - RECUPERADO;PC;TRANSFORMADORES RECUPERADOS;111365.jpg
111366;TRAFO DIST BIF RURAL-5KVA - RECUPERADO;PC;TRANSFORMADORES RECUPERADOS;111366.jpg
111367;TRAFO TRIF POTÊNCIA 500KVA-RECUPERADO;PC;TRANSFORMADORES RECUPERADOS;111367.jpg
111368;TRAFO TRIFÁSICO 15KVA-À RECUPERAR;PC;TRANSFORMADORES  À RECUPERAR;111368.jpg
111369;TRAFO TRIFÁSICO 30KVA-À RECUPERAR;PC;TRANSFORMADORES  À RECUPERAR;111369.jpg
111370;TRAFO TRIFÁSICO 45KVA-À RECUPERAR;PC;TRANSFORMADORES  À RECUPERAR;111370.jpg
111371;TRAFO TRIFÁSICO 75KVA-À RECUPERAR;PC;TRANSFORMADORES  À RECUPERAR;111371.jpg
111372;TRAFO TRIFÁSICO 112,5KVA-À RECUPERAR;PC;TRANSFORMADORES  À RECUPERAR;111372.jpg
111373;TRAFO DIST BIFÁSICO,10KVA-À RECUPERAR;PC;TRANSFORMADORES  À RECUPERAR;111373.jpg
111374;TRAFO DIST BIFÁSICO,15KVA-À RECUPERAR;PC;TRANSFORMADORES  À RECUPERAR;111374.jpg
111375;TRAFO DIST BIFÁSICO,25KVA-À RECUPERAR;PC;TRANSFORMADORES  À RECUPERAR;111375.jpg
111377;TRAFO TRI 75KVA AMB AGRES-À RECUPERAR;PC;TRANSFORMADORES  À RECUPERAR;111377.jpg
111378;TRAFO TRI 150KVA MINERAL-À RECUPERAR;PC;TRANSFORMADORES  À RECUPERAR;111378.jpg
111379;TRAFO TRI 225KVA MINERAL-À RECUPERAR;PC;TRANSFORMADORES  À RECUPERAR;111379.jpg
111380;TRAFO TRI 300KVA MINERAL-À RECUPERAR;PC;TRANSFORMADORES  À RECUPERAR;111380.jpg
111381;TRAFO DIST MONO,10KVA-À RECUPERAR;PC;TRANSFORMADORES  À RECUPERAR;111381.jpg
111382;TRAFO DIST MONO,15KVA-À RECUPERAR;PC;TRANSFORMADORES  À RECUPERAR;111382.jpg
111383;TRAFO DIST MONO,25KVA-À RECUPERAR;PC;TRANSFORMADORES  À RECUPERAR;111383.jpg
111384;TRAFO TRI 112,5KVA AMB AGRES-À RECUPERAR;PC;TRANSFORMADORES  À RECUPERAR;111384.jpg
111385;TRAFO DIST MONO RURAL,5KVA-À RECUPERAR;PC;TRANSFORMADORES  À RECUPERAR;111385.jpg
111386;TRAFO DIST BIF RURAL,5KVA-À RECUPERAR;PC;TRANSFORMADORES  À RECUPERAR;111386.jpg
111387;TRAFO TRIF POTÊNCIA 500KVA-À RECUPERAR;PC;TRANSFORMADORES  À RECUPERAR;111387.jpg
111409;TRAFO TRI 300KVA MINERAL CENTRO SAT- REC;PC;TRANSFORMADORES RECUPERADOS;111409.jpg
111410;TRAFORMADOR TRIFÁSICO 45KVA CENTRO SAT RECUPERADO;PC;TRANSFORMADORES RECUPERADOS;111410.jpg
111610;TRAFO,3F,15KVA,14145/330-572V,GST001;PC;TRANSFORMADORES NOVOS;111610.jpg
111611;TRAFO,3F,30KVA,14145/330-572V,GST001;PC;TRANSFORMADORES NOVOS;111611.jpg
111612;TRAFO,3F,45KVA,14145/330-572V,GST001;PC;TRANSFORMADORES NOVOS;111612.jpg
111682;TRAFO,3F,30KVA,14145/330-572V-RECUPERADO;PC;TRANSFORMADORES RECUPERADOS;111682.jpg
111688;TRAFO,3F,DIST,15kVA,REC,10,8KV,GST001;PC;TRANSFORMADORES RECUPERADOS;111688.jpg
111689;TRAFO,3F,DIST,30kVA,REC,10,8KV,GST001;PC;TRANSFORMADORES RECUPERADOS;111689.jpg
111690;TRAFO,3F,DIST,45kVA,REC,10.8KV,GST001;PC;TRANSFORMADORES RECUPERADOS;111690.jpg
111691;TRAFO,3F,DIST,75kVA,REC,10.8KV,GST001;PC;TRANSFORMADORES RECUPERADOS;111691.jpg
111692;TRAFO,3F,DIST,112,5kVA,REC,10.8KV,GST001;PC;TRANSFORMADORES RECUPERADOS;111692.jpg
111693;TRAFO,2F,DIST,10kVA,REC,10.8KV,GST001;PC;TRANSFORMADORES RECUPERADOS;111693.jpg
111694;TRAFO,2F,DIST,15kVA,REC,10.8KV,GST001;PC;TRANSFORMADORES RECUPERADOS;111694.jpg
111695;TRAFO,2F,DIST,25kVA,REC,10.8KV,GST001;PC;TRANSFORMADORES RECUPERADOS;111695.jpg
111696;TRAFO,3F,DIST,150kVA,REC,10.8KV,GST001;PC;TRANSFORMADORES;111696.jpg
111699;TRAFO,1F,DIST,10kVA,REC,10.8KV,GST001;PC;TRANSFORMADORES RECUPERADOS;111699.jpg
111700;TRAFO,1F,DIST,15kVA,REC,10.8KV,GST001;PC;TRANSFORMADORES RECUPERADOS;111700.jpg
111703;TC,INT,0.6KV, 200/5A,0.3FT2,SUCATA;UN;TRANSFORMADORES SUCATA;111703.jpg
111705;TRAFO DIST BIFASICO,10KVA - SUC;PC;TRANSFORMADORES SUCATA;111705.jpg
111707;TRAFO TRIFASICO,30KVA - SUCATA;UN;TRANSFORMADORES SUCATA;111707.jpg
111708;TRAFO DIST BIFÁSICO,25KVA - SUCATA;PZ;TRANSFORMADORES SUCATA;111708.jpg
111709;TRAFO TRIFASICO 75KVA - SUCATA;PZ;TRANSFORMADORES SUCATA;111709.jpg
111710;TRAFO TRIFÁSICO 15KVA - SUCATA;PZ;TRANSFORMADORES SUCATA;111710.jpg
111711;TRAFO DIST BIF RURAL,5KVA - SUCATA;PZ;TRANSFORMADORES SUCATA;111711.jpg
111727;TRAFO TRI 225KVA MINERAL - A RECUPERAR;PZ;TRANSFORMADORES  À RECUPERAR;111727.jpg
111728;TRAFO TRI 300KVA MINERAL - A RECUPERAR;PZ;PADRÃO;111728.jpg
111740;TRAFO,3F, 45KVA,14145/380-220V,SUCATA;UN;TRANSFORMADORES SUCATA;111740.jpg
111754;TRAFO,DIST,MONO/BI/TRIF,3KVA - À REC ;PC;TRANSFORMADORES  À RECUPERAR;111754.jpg
111755;TRAFO DIST MONO 25KVA-FORA PADRAO,SUCATA;PZ;TRANSFORMADORES SUCATA;111755.jpg
111756;TRAFO DIST MONO, 5KVA,DED-1844,FP,SUCATA;PZ;TRANSFORMADORES SUCATA;111756.jpg
111757;TRAFO DIST BIFÁSICO,25KVA - SUCATA;PC;TRANSFORMADORES SUCATA;111757.jpg
112173;TRAFO DIST PEDESTAL,500KVA,DQN-2049I4R2;PZ;TRANSFORMADORES NOVOS;112173.jpg
112201;TRAFO TRIFÁSICO 112,5KVA - SUCATA;PZ;TRANSFORMADORES SUCATA;112201.jpg
130579;CHAVE CC24KV-100A BASEC DQN1984R1 AMB AG;PC;CHAVES;130579.jpg
130620;MICRO SWITCH 10A- PM2132 I3;PC;MATERIAL GERAL;130620.jpg
130694;DISJUNTOR,TERM1P 63A240V/4,5KAEBT004;UN;MATERIAL GERAL ESPECIAL;130694.jpg
130725;DISJ TERM TRI 50A 10KA DED-1715 I30 R8;PC;MATERIAL GERAL ESPECIAL;130725.jpg
130726;DISJ TERM TRI 100A 10KA DED-1715 I32 R8;PC;MATERIAL GERAL ESPECIAL;130726.jpg
130727;DISJ TERM TRI 125A 10KA DED-1715 I33 R8;PC;MATERIAL GERAL ESPECIAL;130727.jpg
130728;DISJ TERM TRI 150A 10KA DED-1715 I34 R8;PC;MATERIAL GERAL;130728.jpg
130729;DISJ TERM TRI 200A 10KA DED-1715 I35 R8;PC;MATERIAL GERAL ESPECIAL;130729.jpg
130730;DISJ TERM BT MONO 40A 5KA DED-1715 I8 R8;PC;MATERIAL GERAL ESPECIAL;130730.jpg
130731;DISJ,BIP,40A,10KA-FP SUBST.P/6776602;PC;MATERIAL GERAL;130731.jpg
130732;DISJ TERM BT BIPO 50A 5KA DED1715 I16 R8;PC;MATERIAL GERAL ESPECIAL;130732.jpg
130733;DISJ TERM BT BIPO 70A 5KA DED1715 I17 R8;PC;MATERIAL GERAL ESPECIAL;130733.jpg
130734;DISJ TERM BIPO 100A 10KA DED-1715 I29 R8;PC;MATERIAL GERAL;130734.jpg
130736;DISJ TERM BT TRI 70A 5KA DED-1715 I25 R8;PC;MATERIAL GERAL ESPECIAL;130736.jpg
130738;DISJ TERM BT TRI 50A 5KA DED-1715 I24 R8;PC;MATERIAL GERAL ESPECIAL;130738.jpg
130739;DISJ TERM TRI 70A 10KA, FPM;PC;MATERIAL GERAL ESPECIAL;130739.jpg
130740;DISJ TERM BT TRI 100A 10KA DED1715 I26 R8;PC;MATERIAL GERAL ESPECIAL;130740.jpg
130741;DISJ TERM BIPO 70A 10KA, FPM;PC;MATERIAL GERAL ESPECIAL;130741.jpg
130742;CHAVE,PARAFUSO MAGNETICOGRUPO A.;UN;MATERIAL DE SEGURANÇA;130742.jpg
130743;DISJUNTOR TERM MONO 63A, PM1715 I3 R11;PC;MATERIAL GERAL ESPECIAL;130743.jpg
130744;DISJ TERM BT TRI 40A 5KA DED-1715 I23 R8;PC;MATERIAL GERAL ESPECIAL;130744.jpg
130746;DISJ TERM BT BIP 40A 5KA DED-1715 I15 R8;PC;MATERIAL GERAL ESPECIAL;130746.jpg
130761;DISJUNTOR,TERM,1P,80A,120V/5KA,EBT004;PC;MATERIAL GERAL;130761.jpg
130762;DISJUNTOR,TERM,1P,100A,120V/5KA,EBT004;UN;MATERIAL GERAL;130762.jpg
130866;CARTUCHO PORTA FUSÍVEL 100A C DQN1165 R2;PC;MATERIAL GERAL;130866.jpg
130882;BYPASS PROVIS.ROSQUEAVEL P/CHAVE FUSIV;UN;FERRAMENTAS;130882.jpg
141222;CH,MONO,A11,630A-15KV,16KA,NBI110-MANUAL;PC;MATERIAL GERAL;141222.jpg
141231;CH,A6,630A-15KV,16KA,SEC TRI,NBI110-MAN;PC;MATERIAL GERAL;141231.jpg
141233;RELIG.AUTOM.VÁCUO MICROPROCES.15KV-630A;PC;RELIGADORES;141233.jpg
141234;SECCIONALIZADOR,ELETRONIC,UNIPOL.D108.01;PC;TELECONTROLE;141234.jpg
141240;RELIGADOR,3F,38kV,630A,12,5kA,EMT-004 R3;PC;SUBSTAÇÃO;141240.jpg
141242;BLOQUEADOR,CHAVE FUSSECCIONEMS66;UN;FERRAMENTAS;141242.jpg
141264;SECCION,3F,SOB CARGA,24KV,630A,GSCM03/2;PC;TELECONTROLE;141264.jpg
141283;SECCIONADOR, PREFORMADO P/CERCA DED-0089;PC;MATERIAL GERAL;141283.jpg
141285;CHAVESECC BY-PASS, 400A-15KV DED 1910 R4;PC;CHAVES;141285.jpg
141286;ADAPTADOR P/ CX. MEDIDOR BI/TR DED-1795;PC;MATERIAL GERAL;141286.jpg
141292;CH SECC CARGA FUS400A,CX DIST RAM-PM2053;PZ;CHAVES;141292.jpg
141294;CHAVE SEC TRIP 15kV-400A C/CAR DQN2127I1;PC;CHAVES;141294.jpg
141296;CHAVE SECC UNIPOLAR DISTRIB. 400A 15KV;PC;CHAVES;141296.jpg
141297;CHAVE SECC UNIPOLAR DISTRIB. 630A 15KV;PC;CHAVES;141297.jpg
141298;CX P/BLINDAGEM BUCHA BT-45KVA-PM2213 I1;PC;MATERIAL GERAL;141298.jpg
141299;CX BLINDAG BUCHA BT-75/112-5KVA-PM2213I2;PC;MATERIAL GERAL;141299.jpg
141307;SECCION 3F B CARGA 24KV 400A 12KA SUCATA;PC;TELECONTROLE;141307.jpg
141308;SECCION 3F B CARGA 24KV 630A 16KA - REC;PC;TELECONTROLE;141308.jpg
141309;SECCION 3F B CARGA 24KV 630A 16KA À REC;PC;TELECONTROLE;141309.jpg
141310;RELIGADOR,630A 15,5KV 12,5KA  3F - À REC;PC;RELIGADORES;141310.jpg
141381;RELIGADOR, 630A - 15,5KV - 16KA - 3F-REC;PC;RELIGADORES;141381.jpg
141382;RELIGADOR, 400A - 15,5KV - 8KA - 3F-REC;PC;RELIGADORES;141382.jpg
141383;RELIGADOR, 630A- 15,5KV- 12,5KA - 3F-REC;PC;RELIGADORES;141383.jpg
141385;RELIGADO,800A-14,4KV-16KA-3F-À RECUPERAR;PC;TELECONTROLE;141385.jpg
141386;RELIGADO,630A-27KV-12,5KA-3F-À RECUPERAR;PC;RELIGADORES;141386.jpg
141389;RELIGADOR MONOPOLAR P/REDE DE DIST.AEREA;PC;RELIGADORES;141389.jpg
141390;RELIGADOR,630A-27KV-12,5KA-3F-REC;PC;RELIGADORES;141390.jpg
141391;RELIGADOR,800A-15,5KV-16KA-3F-REC;PC;RELIGADORES;141391.jpg
141401;CUBÍCULO,24KV,C/ IMS ISOL EM SF6,DY803/2;UN;MATERIAL GERAL;141401.jpg
141402;CUBÍCULO,24KV,C/ IMS ISOL EM SF6,DY803/3;UN;MATERIAL GERAL;141402.jpg
141403;CHAVE,SECCIONADORA,15KV,400A,3F,ÓLEO-REC;PC;CHAVES;141403.jpg
141404;RELIGADOR,27KV,800A,3F,AUT,12,5KA-REC;PC;RELIGADORES;141404.jpg
141405;RELIGADOR,15,5KV,400A,3F,AUT,12,5KA-REC;PC;RELIGADORES;141405.jpg
141406;CH,SECCIONADORA,15KV,200A,1F,ÓLEO-À REC;PC;CHAVES;141406.jpg
141408;CH,SECCIONADORA,15KV,400A,3F,ÓLEO-À REC;PC;CHAVES;141408.jpg
141409;CONTROLE,RELIGADOR,127/220V-À RECUPERAR;PC;RELIGADORES;141409.jpg
141413;REGULADOR,7,62KV,416KVA,546A,1F-À RECUPE;PC;REGULADORES;141413.jpg
141414;REGULADOR,7,62KV,509KVA,668A,1F-À RECUPE;PC;REGULADORES;141414.jpg
141415;REGULADOR,19,92KV,667KVA,335A,1F-À RECUP;PC;REGULADORES;141415.jpg
141416;REGULADOR,7,62KV,833KVA,1093A,1F-À RECUP;PC;REGULADORES;141416.jpg
141417;REGULADOR,19,92KV,333KVA,167A,1F-À RECUP;PC;REGULADORES;141417.jpg
141418;REGULADOR,19,92KV,400KVA,201A,1F-À RECUP;UN;REGULADORES;141418.jpg
141421;RELIGADOR,27KV,800A,3F,AUT,12,5KA-À RECU;PC;RELIGADORES;141421.jpg
141422;RELIGA,15,5KV,400A,3F,AUT,12,5KA-À RECUP;PC;RELIGADORES;141422.jpg
141423;SECCIONALIZAD,14,4KV,200A,3F,ÓLEO,-À REC;PC;CHAVES;141423.jpg
141426;CH,SECCIONADORA,15KV,400A,3F,OLEO-SUCATA;UN;SUCATA;141426.jpg
141434;SEC 3F BAJO CARGA 24KV 400A 12KA ,SUCATA;EA;SUCATA;141434.jpg
141442;SECCIONADORA UNIP,400A,15KV,PM219,SUCATA;PZ;SUCATA;141442.jpg
141466;RELIGADOR,3F,15V,630A,A6KA,E-MT-004R3;PC;RELIGADORES;141466.jpg
141467;CH,SEC,1P,36KV,630A,1750MM,PM-R 198.03.3;PC;CHAVES;141467.jpg
141475;CUB,INTERLIG BARRA,17.5KV,2500A,25KA,INT;PC;MATERIAL GERAL;141475.jpg
141476;CUB,ENT,TRAFO,17.5KV,2500A,25KA,I,ESE008;PC;MATERIAL GERAL;141476.jpg
141668;PAINEL DUAS POSIÇÕES - SIST DE MED E;PC;MEDIDOR;141668.jpg
141868;CHAVE MONOFÁSICA 200A COM INTERRUPÇÃO A;PC;CHAVES;141868.jpg
141880;SECCION 3F B CARGA 24KV 630A 16KA SUCATA;PC;SUCATA;141880.jpg
141947;Pole Mounted Auto Recloser 15,5 kV 16 kA;EA;RELIGADORES;141947.jpg
141980;RELIGADOR,1F,27KV, 100A,OP.3F,NTE044/01;UN;RELIGADORES;141980.jpg
142039;RELIG.,1F,15KV,200A,BASE TIP.C,COM.NBIOT;EA;RELIGADORES;142039.jpg
142047;RELIG,3F,15kV,12,5kA,Lítio,PM-Br 199.83;EA;RELIGADORES;142047.jpg
150711;CH,A3,2000A-15KV,25KA,SEC TRI,NBI110 MAN;PC;MATERIAL GERAL;150711.jpg
150719;CH,MONO,COMAN,BANC,CAP,15KV,200A,ETA-130;PC;CHAVES;150719.jpg
150755;DISJ,145KV,2000A,SF6,40KA,EXT,GSH001/4;PC;SUBSTAÇÃO;150755.jpg
150763;SECCIONADORA UNIP,400A,125KV,PM2190I3;PC;CHAVES;150763.jpg
150771;CHAVE,SECC,145KV,2000A,3F,MAN,SECO,<10M;PC;SUBSTAÇÃO;150771.jpg
160128;CUB, BARRA INT, 17,5 KV 4000A E-SE-008;PC;MATERIAL GERAL;160128.jpg
160232;KIT CONTENCAO EMERG AMBIENTAL ABSORV LIQ;UN;FERRAMENTAS;160232.jpg
160271;BY-PASS ISOLADO  TEMPORÁRIO PARA TRANSFO;UN;FERRAMENTAS;160271.jpg
160272;Cobertura flexível p/ condutor de 15kV d;UN;FERRAMENTAS;160272.jpg
160273;COBERTURA PROT. CABO Ø25mm 26,4kV+PRES;PI;FERRAMENTAS;160273.jpg
160373;TAPA CAJA EMPAL 1F ITM HORIZ M-2077;UN;FERRAMENTAS;160373.jpg
161962;INVERSOR CONVERSOR 24V-200V POT 2000W, 60HZ SENOID;UN;FERRAMENTAS;161962.jpg
161966;CAIXA PP,BT,SUBT,1200X700,TIPO5,D199.39;EA;MATERIAL GERAL;161966.jpg
161987;Kit de Isolação de Cabos Aplicados nas A;CDA;FERRAMENTAS;161987.jpg
161993;INVERSOR PORTAVEL 12/220V MIN: 300W;CDA;FERRAMENTAS;161993.jpg
161997;KIt de Motosserra a Bateria STIHL MSA 60;EA;FERRAMENTAS;161997.jpg
162011;Kit Motopoda a Bateria modelo DUA 300 co;CDA;FERRAMENTAS;162011.jpg
163828;BATERIA,125VCC,100AH,VENT,ET-BR 191;PC;BATERIA;163828.jpg
163829;BATERIA,125VCC,200AH,VENT,ET-BR 107;PC;BATERIA;163829.jpg
163858;CONECTOR DESMONTAVEL PASSANTE (TIPO T);PC;MATERIAL GERAL;163858.jpg
163866;CAPACITOR,POT,DERIV,200KVAR,6600V,ETA161;PC;CAPACITORES;163866.jpg
163868;CAPACIT,POT MONO 7960V-200KVAR,ETD06/92;PC;CAPACITORES;163868.jpg
163895;BANCO,CAPAC,13,8KV,MAN,1X4,8MVAR,ESE009;CJT;CAPACITORES;163895.jpg
163896;PAINEL SERV. AUXILIAR CA/CC, ET-R 182 R-;PC;SUBSTAÇÃO;163896.jpg
163902;BANCO,CAPAC,11,95KV,MAN,1X4,8MVAR,ESE009;PC;CAPACITORES;163902.jpg
163916;BANCO,CAPAC,11,95KV,MAN,2X4,8MVAR,ESE009;CJT;CAPACITORES;163916.jpg
163919;BANCO,CAPAC,13,8KV,MAN,2X2,4MVAR,ESE009;CJT;CAPACITORES;163919.jpg
163921;BANCO,CAPAC,13,8KV,MAN,2X4,8MVAR,ESE009;CJT;CAPACITORES;163921.jpg
164218;CJT 3 ELEM.TRANSF.MED.MT,10A-A RECUPERAR;PC;CJT MEDIÇÃO;164218.jpg
164219;BATERIA ESTAC. VLRA 12V 26AH/20H, ET-275;UN;BATERIA;164219.jpg
164325;CAIXA PCO 1BARR 3F/N 160A 320X270MM PM-R;PC;CAIXAS;164325.jpg
164435;CAPACITOR,POT,DERIV,200KVAR,6600V,ETA161 SUC;PZ;CAPACITORES;164435.jpg
164464;ESTRUTURA, SUPORTE BCO CAPACITORES POTÊN;PC;MATERIAL GERAL;164464.jpg
164468;CONECTOR PARAF.FENDIDO, DED-1845 I.1;PC;MATERIAL GERAL ESPECIAL;164468.jpg
164472;CONECTOR À COMP. ESTRIBO, DED-0100 I.3;PC;MATERIAL GERAL;164472.jpg
164473;CONEC.COMP.ESTR,DED0100I4,FP,SUB.4549538;PC;MATERIAL GERAL;164473.jpg
164475;PROTETOR DE PARA-RAIOS,D780.04.0;PC;MATERIAL GERAL;164475.jpg
164479;CAIXA CONEX P/ LIG. CONSUMIDOR DDT-1748;PC;CAIXAS;164479.jpg
164481;CAIXA DERIVAÇÃO DED-1905 R3;PC;CAIXAS;164481.jpg
164483;TOMADA P/RELE FOTOELÉTRICO, DED-0066 R.5;PC;MATERIAL GERAL;164483.jpg
164484;CAIXA P/PROT.BAIXA TENSÃO, DED-1949 R.3;PC;MATERIAL GERAL;164484.jpg
164485;BARRAMENTO BIFÁSICO DED-1841;PC;MATERIAL GERAL ESPECIAL;164485.jpg
164486;BARRAMENTO TRIFÁSICO DED-1842 R2;PC;MATERIAL GERAL ESPECIAL;164486.jpg
164492;CAIXA DERIVAÇÃO 160A  DQN-2025 R2;PC;CAIXAS;164492.jpg
164506;PLUGUE BASICO ISOLANTE 15/25KV,D2159 R00;PC;CONECTORES;164506.jpg
164513;CAIXA P/DISJ.BT 125-200A- DQN-2145;PC;CAIXAS;164513.jpg
164514;BARRAM DERIV 0,6/1,0KV,8SAIDAS,PM-2039I3;PC;MATERIAL GERAL ESPECIAL;164514.jpg
164516;CX.MEDID.POLIFTRAVA TAMPAPM 2165;PC;CAIXAS;164516.jpg
164521;LUVA EMENDA ISOLCB AL BT 70MMPM2176 I4;UN;MATERIAL GERAL;164521.jpg
164524;CX MEDIDOR MONO ELETRONICO-DED-2186 R1;PC;CAIXAS;164524.jpg
164525;CAIXA DE MEDIDOR POLIF. C/ TRAVAVISORPM2187 ;PC;CAIXAS;164525.jpg
164527;CONTROLE COMANDO BANCO CAPACIT MT,PM2199;PC;MATERIAL GERAL;164527.jpg
164532;COBERTURA P/CONEXÕES 15KVPM2208 R0;PC;MATERIAL GERAL FEFO;164532.jpg
164549;UP TELEC PARA INSTAL EXTERNO SUCATA;PC;TELECONTROLE;164549.jpg
164550;CAIXA METALICA MEDIÇAO ELETRON PM2179I2;PC;CAIXAS;164550.jpg
164561;UP TELEC PARA INSTAL EXTERNO RECUPERADO;PC;TELECONTROLE;164561.jpg
164562;UP TELEC PARA INSTAL EXTERNO À RECUPERAR;PC;TELECONTROLE;164562.jpg
164584;CX MED MONO-TRAVA-RESSALTO+CARACT-PM2197;PC;CAIXAS;164584.jpg
164598;CAIXA,BIPARTIDA,MEDIDOR,MONO,PMA190.13.0;UN;MATERIAL GERAL;164598.jpg
164620;CAIXA,PROT SEC,POLIC, 30-125A,U/P,D19003;PC;CAIXAS;164620.jpg
164621;BATERÍA SELLADA PB-ACIDO VRLA 12VCC 24AH;PC;TELECONTROLE;164621.jpg
164647;PAINEL DE COMANDO E CONTROLE - PMA 190.1;PC;TELECONTROLE;164647.jpg
164648;PROTEÇÃO DO RGDM - DV7070;UN;MATERIAL GERAL;164648.jpg
164671;CONTROLE,RELIGADOR,127/220V-REC;PC;RELIGADORES;164671.jpg
164676;GRAMPO LINHA VIVA 4/0AWG/ 185MM2 TIPO 4;UN;MATERIAL GERAL;164676.jpg
164681;CHAVE A OLEO,SUCATA;PZ;SUCATA;164681.jpg
164682;CB AL NU 4AWG CA ,SUCATA;KG;COND.ALUM.NÚ.CA.SUCATA [S/ALMA];164682.jpg
164683;CB AL NU CAA 2AWG,SUCATA;KG;COND.ALUM.NÚ.CAA.SUCATA [C/ALMA];164683.jpg
164684;COND CU NU 6MM²,1 FIO,PM-1846 I1 ,SUCATA;KG;COND.CU.NÚ.SUCATA;164684.jpg
164685;CB ELÉTRMULT AL 35MM²-FP,SUCATA;M;COND.ALUM.ISOLADO.SUCATA;164685.jpg
164687;CB PRE-REUN AL 3X95+1X70MM²DED-1,SUCATA;M;COND.ALUM.ISOLADO.SUCATA;164687.jpg
164706;CAIXA DERIVAÇÃO 160A - GSCC019/1;PZ;CAIXAS;164706.jpg
164707;CUBÍCULO,SERVIÇOS AUX,17.5KV,INT,ESE008;PC;MATERIAL GERAL;164707.jpg
164709;CUB,SAÍDA,BCO CAPAC,17.5KV,630A,25KA,INT;PC;MATERIAL GERAL;164709.jpg
164710;CUB,SAÍDA,ALIM,17.5KV,630A,25KA,I,ESE008;PC;MATERIAL GERAL;164710.jpg
164715;FITA,ISOL,ADE,BRAN,19MMX20M,PM-BR220.01;PZ;MATERIAL GERAL;164715.jpg
164721;CUBÍCULO,MEDIÇÃO,17.5KV,INTERIOR;PC;MATERIAL GERAL;164721.jpg
164943;CRUZETA, POLIMERICA 2400MM RETANG 1;UN;CRUZETA;164943.jpg
164997;CUB,ENT,TRAFO,17.5KV,3150A,25KA,I,ESE008;PC;MATERIAL GERAL;164997.jpg
164998;CUB,INTERLIG BARRA,17.5KV,3150A,25KA,INT;PC;MATERIAL GERAL;164998.jpg
164999;CUBÍCULO,REMONTE,17.5KV,INTERIOR,ESE008;PC;MATERIAL GERAL;164999.jpg
165015;UP TELECONTROL PARA INSTALACION EXTERIOR;PC;TELECONTROLE;165015.jpg
165017;UNIDAD PERIFERICA TELECONTROL;PC;TELECONTROLE;165017.jpg
165076;SACOLA PARA MANGA DE BORRACHA EQS;PC;EPI/EPC;165076.jpg
165093;BATERIA ESTAC. VLRA 12V 7AH/10H, ET-275;UN;BATERIA;165093.jpg
165146;CONVERSOR INTERF RS232/P OTIC/ETHE 220V;UN;MATERIAL GERAL;165146.jpg
165147;DISPLAY MED ENERG ION/ABNT LCD 32 CARACT;UN;MEDIDOR;165147.jpg
165191;CAIXA  ATERRAMENTO DED-1855;PC;CAIXAS;165191.jpg
165192;"IDENTIFICADOR FASE,""C"", DED-1929 I3 R1";PC;MATERIAL GERAL;165192.jpg
165193;MARRETA DE AÇO, COM CABO, DE 1 KG;PZ;FERRAMENTAS;165193.jpg
165206;CARREGADOR,BATERIAS,AUTO 12VCC 12A 32 AH;UN;FERRAMENTAS;165206.jpg
165239;DISPOSIT.ANCOR.,ABER.LONG.,ET-HS-128;CJT;FERRAMENTAS;165239.jpg
165253;CAP,200KVA,7960V,25KA,ET002-À RECUPERAR;PC;CAPACITORES;165253.jpg
166251;CAPACITOR, DIVERSOS TIPOS E CAPAC INSERV;PC;MATERIAL GERAL;166251.jpg
166271;CJ PROT MT11,95KV/400A-PM2183 I1 R1;PZ;DIVERSOS;166271.jpg
166339;CUB,ENT,TRAFO,17.5KV,4000A,25KA,I,ESE008;UN;MATERIAL GERAL;166339.jpg
166364;INVERSOR SOLAR 24VCC 240VCA 2KW;UN;PADRÃO;166364.jpg
166436;"IDENTIFICADOR FASE, ""B"",DED-1929 I2 R1";PC;MATERIAL GERAL;166436.jpg
166481;BATERIA, NI-MH, 9V,ALCALINA;UN;BATERIA;166481.jpg
166487;CABLE NORMALIZADO DE CONEXION UP-IMS;PC;TELECONTROLE;166487.jpg
166500;TTR MEDIDOR DE RELAÇÃO DE TRANSFORMAÇ;UN;FERRAMENTAS;166500.jpg
166505;FONTE ENERGIA 24 VCC - DV7077;PC;SUBSTAÇÃO;166505.jpg
166508;MALETA INSPEC MTC-26 ENSAIOS 127V;UN;FERRAMENTAS;166508.jpg
166511;CB,ELÉTR AL NU CAA4/0-FP SUBST.P/,SUCATA;KG;COND.ALUM.NÚ.CAA.SUCATA [C/ALMA];166511.jpg
166553;CJT 3 ELEM.TRANSF.MED.MT,15A-A RECUPERAR;UN;CJT MEDIÇÃO;166553.jpg
166554;CJT 3 ELEM.TRANSF.MED.MT,20A-A RECUPERAR;UN;CJT MEDIÇÃO;166554.jpg
166555;CJT 3 ELE.TRANS.MD.MT,50/100-A RECUPERAR;UN;CJT MEDIÇÃO;166555.jpg
166557;CJT 3ELEM.TRAN.MED.MT,200-600,A RECUP.;UN;CJT MEDIÇÃO;166557.jpg
166561;PAINEL ELET CA/CC-380V 2190X 800X 645MM;UN;MATERIAL GERAL;166561.jpg
166567;BATERIA ESTACIONARIA VLRA 12V 1,3AH/20HS;PZ;BATERIA;166567.jpg
166568;RETIF,TRIF,220VCA-125VCC,DUPL,75A,VAL;PC;MATERIAL GERAL;166568.jpg
170041;ELO,FUS,5A,H,GSCM012/64;CDA;MATERIAL GERAL;170041.jpg
170042;ELO,FUS,3A,H,GSCM012/63;EA;MATERIAL GERAL;170042.jpg
170043;ELO,FUS,2A,H,GSCM012/62;EA;MATERIAL GERAL;170043.jpg
170044;ELO,FUS,1A,H,GSCM012/61;EA;MATERIAL GERAL;170044.jpg
170058;ELO,FUS,100A,K,GSCM012/35;EA;CONECTORES;170058.jpg
170064;ELO,FUS,25A,K,GSCM012/29;CDA;MATERIAL GERAL;170064.jpg
170066;ELO,FUS,16A,K,GSCM012/27;CDA;MATERIAL GERAL;170066.jpg
170067;ELO,FUS,12,5A,K,GSCM012/26;EA;MATERIAL GERAL;170067.jpg
170068;ELO,FUS,10A,K,GSCM012/25;CDA;MATERIAL GERAL;170068.jpg
170069;ELO,FUS,8A,K,GSCM012/24;EA;MATERIAL GERAL;170069.jpg
170070;ELO,FUS,6,3A,K,GSCM012/23;EA;PADRÃO;170070.jpg
170074;CH,FUS,24KV,E,LINEAR,8kA,GSCM012/2;PC;CHAVES;170074.jpg
170075;CH,FUS,24KV,D,LINEAR,8kA,GSCM012/1;PC;CHAVES;170075.jpg
170158;CH,FUS,INOX,15KV,E,LIN,(465),GSCM012/11;EA;CHAVES;170158.jpg
170159;CH,FUS,AZ,15KV,D,LINEAR,(380),GSCM012/10;EA;CHAVES;170159.jpg
170973;P.RAIOS,POLIM.ÓX.ZINC,30KV SUB-BASE ISOL;PC;MATERIAL GERAL;170973.jpg
170974;P.RAIOS,POLIM.ÓX.ZINC,60KV S/CONT-BLOQUE;PC;MATERIAL GERAL;170974.jpg
170977;P.RAIOS,POLIM.ÓX.ZINCO,12KV SUBBASE ISOL;PC;MATERIAL GERAL;170977.jpg
170983;PARA-RAIOS,69KV-10KA,ZnO,PM-R155.05.2;PC;MATERIAL GERAL;170983.jpg
170985;PARA-RAIOS,138KV-10KA,ZnO,PM-R155.05.2;PC;MATERIAL GERAL;170985.jpg
171060;RELIGADOR,1F,27KV, 200A,OP.3F,NTE044/01;UN;TELECONTROLE;171060.jpg
171088;PARA-RAIO,12KV,95kV,CLASS D,POLI,GSCC016;PC;MATERIAL GERAL;171088.jpg
171089;ELO,FUS,BOT,15KV, 1A,H,D13801.6;UN;MATERIAL GERAL;171089.jpg
171090;ELO,FUS,BOT,15KV, 2A,H,D13801.6;UN;MATERIAL GERAL;171090.jpg
171091;ELO,FUS,BOT,15KV, 3A,H,D13801.6;UN;MATERIAL GERAL;171091.jpg
171092;ELO,FUS,BOT,15KV, 5A,H,D13801.6;UN;MATERIAL GERAL;171092.jpg
171093;ELO,FUS,DISTRIB,15/36KV,6A,K,D138.01;UN;MATERIAL GERAL;171093.jpg
171094;ELO,FUS,BOT,15KV, 8A,K,D13801.6;UN;MATERIAL GERAL;171094.jpg
171095;ELO,FUS,BOT,15KV, 10A,K,D13801.4FP;UN;MATERIAL GERAL;171095.jpg
171096;ELO,FUS,DISTRIB,15/36KV,12A,K,D138.01;UN;MATERIAL GERAL;171096.jpg
171097;ELO,FUS,BOT,15KV,15A,K,D13801.4FP;UN;MATERIAL GERAL;171097.jpg
171099;ELO,FUS,BOT,15KV,25A,K,D13801.6FP;UN;MATERIAL GERAL;171099.jpg
171110;ELO FUSÍVEL TIPO 1H, DED-0094 I.2 R.5;PC;MATERIAL GERAL;171110.jpg
171111;ELO FUSÍVEL TIPO 2H, DED-0094 I.3 R.5;PC;MATERIAL GERAL;171111.jpg
171112;ELO FUSÍVEL TIPO 3H, DED-0094 I.4 R.5;PC;MATERIAL GERAL;171112.jpg
171113;ELO FUSÍVEL TIPO 5H, DED-0094 I.5 R.5;PC;MATERIAL GERAL;171113.jpg
171114;ELO FUSÍVEL TIPO 6K, DED-0094 I.6 R.5;PC;MATERIAL GERAL;171114.jpg
171115;ELO FUSÍVEL TIPO 8K, DED-0094 I.7 R.5;PC;MATERIAL GERAL;171115.jpg
171116;ELO FUSÍVEL TIPO 10K, DED-0094 I.8 R.5;PC;MATERIAL GERAL;171116.jpg
171117;ELO FUSÍVEL TIPO 12K, DED-0094 I.9 R.5;PC;MATERIAL GERAL;171117.jpg
171118;ELO FUSÍVEL TIPO 15K, DED-0094 I.10 R.5;PC;MATERIAL GERAL;171118.jpg
171119;ELO FUSÍVEL TIPO 25K, DED-0094 I.11 R.5;PC;MATERIAL GERAL;171119.jpg
171120;ELO FUSÍVEL TIPO 40K, DED-0094 I.12 R.5;PC;MATERIAL GERAL;171120.jpg
171121;ELO FUSÍVEL TIPO 50K, DED-0094 I.13 R.5;PC;MATERIAL GERAL;171121.jpg
171122;CHAVE C.CIRC TIPOC 17,5kV-100A DED1163R3;PC;CHAVES;171122.jpg
171125;PARA-RAIO,12KV,95kV,CLASS E,POLI,GSCC016;PC;MATERIAL GERAL;171125.jpg
171129;FUSÍVEL NH 500V-250A,TAM.2,DQN-2048I4R1;PZ;MATERIAL GERAL;171129.jpg
171140;PORTA FUSIVEL GRAMPO LINHA VIVA-PM-2256;PC;MATERIAL GERAL;171140.jpg
171183;SUPORTE,AZ,P/3 SEC FUS UNIP BT,ETA133   ;PC;FERRAGEM;171183.jpg
171185;FUSIVEL,NH,315A,19KA,D13401;PC;MATERIAL GERAL;171185.jpg
171217;PARA-RAIO MT REMOVIVEL 12KV, 10 KA, 60HZ;PC;MATERIAL GERAL;171217.jpg
171218;CHAVE,FUS,AZ,27KV,100A,C,POLIM,ET-277 ;PC;CHAVES;171218.jpg
171221;PARA-RAIOS,DH,T,POL,30KV,E,GSCC016/10;PEÇ;MATERIAL GERAL;171221.jpg
171409;CHAVE, FUSÍVEL RELIGADORA 15KV-100A, NBI-4545870;PC;CHAVES;171409.jpg
171411;CX DISJ TERM TRIFASICO 175E200A,PM2145I2;PC;MATERIAL GERAL;171411.jpg
180031;SETA LUMINOSA DIRECIONAL;UN;FERRAMENTAS;180031.jpg
180165;RELE de ALIMENTADOR IEC61850;PC;MATERIAL GERAL;180165.jpg
180494;RELE DISTANCIA 110V. 5A.125VCC.;PC;MATERIAL GERAL;180494.jpg
180725;RELÉ FOTOELÉTRICO 220V - DED-0073 R5;PC;MATERIAL GERAL;180725.jpg
180945;RELE, DIFERENCIAL DIGITAL P/TRAFO TRIFÁS;PC;MATERIAL GERAL;180945.jpg
180946;RELE DIRECIONAL SOBRECORRENTE FASE 67,60;PC;MATERIAL GERAL;180946.jpg
180948;RELE PROT 50/51,50/51G,50/51N,50/51Q;PC;PROTECCIONES (RELÉS, UP, RGDAT);180948.jpg
181051;RELE IND 8A 250VCA 4REV 125V CC;UN;PROTECCIONES (RELÉS, UP, RGDAT);181051.jpg
181052;RELE IND 16A 250VCA 3REV 125V CC;UN;PROTECCIONES (RELÉS, UP, RGDAT);181052.jpg
200110;CAVALETE HIDRÁULICO COM FREIO A DISCO;EA;FERRAMENTAS;200110.jpg
200165;BASTAO MOV POSTE TIRANTE 1200MM,;UN;FERRAMENTAS;200165.jpg
200173;CONEC,TERM,COMPR,AL,95MM2,1F,D71038;EA;CONECTORES;200173.jpg
200186;SUPOR,TRAFO,POSTE CIRC,270MM,TP1,D421.01;EA;FERRAGEM;200186.jpg
200207;GRAMPO,LINHA VIVA,TIPO 1,D710.70;EA;MATERIAL GERAL;200207.jpg
200231;PARAF,PRISI,LATÃO,M12,100MM,PM-BR480.03;EA;FERRAGEM;200231.jpg
200233;PARAF,PRISI,LATÃO,M12,150MM,PM-BR480.03;UN;FERRAGEM;200233.jpg
200234;PARAF,PRISI,LATÃO,M12,200MM,PM-BR480.03;UN;FERRAGEM;200234.jpg
200237;SUPORTE,FIXAÇÃO,P/TACOS,TIPO1,D480.15.1;UN;FERRAGEM;200237.jpg
200250;SUPORTE L,ACO CARBONO,PM-BR410.35;EA;FERRAGEM;200250.jpg
200594;ALCA PREF DIST,LIGA AL,N NU,50MM2,D73006;EA;MATERIAL GERAL ESPECIAL;200594.jpg
200611;ALCA PREF SERV,LIGA AL,N NU,50MM2,D73006;EA;MATERIAL GERAL ESPECIAL;200611.jpg
200633;LAÇO PREF DIST,LIGA AL,N NU,50MM2,D73006;EA;MATERIAL GERAL;200633.jpg
200645;PINO,AUTOTRAVANTE,ISOL,60,RTOTAL,D51507;EA;FERRAGEM;200645.jpg
201310;TERMINAL,PRE-ISO,2.5MM2,CU,GARFO,D770.05;UN;CONECTORES;201310.jpg
201317;CONC.TERM.CMP.MED,35MM2,?=13,2MM,D710910;PC;MATERIAL GERAL;201317.jpg
201318;TERM,AGR,CB POT,12/20KV,35-150MM2,D7252;PC;MATERIAL GERAL;201318.jpg
201365;LUVA,EME,COMP,AL,2AWG,PM-C720.15,FP;UN;MATERIAL GERAL;201365.jpg
201366;LUVA.EMENDA.COMPRES.4AWGCAA.D72016;UN;CONECTORES;201366.jpg
201376;CONECTOR,ATERR,CU,16-70,D71025;UN;CONECTORES;201376.jpg
201381;SUPORTE P/CHAVE BY-PASS, DED-1948 R.5   ;PC;FERRAGEM;201381.jpg
201383;CONECTOR, TERMINAL A COMPRESSAO LIG AL;PC;CONECTORES;201383.jpg
201384;ARRUELA LISA QUADRADA, DED-0036 R.3;PC;FERRAGEM DIVERSOS;201384.jpg
201385;ARRUELA LIGA DE ALUMÍNIO DED-1256 R.2;PC;MATERIAL GERAL;201385.jpg
201386;CONECTOR PARAF. FENDIDO,DED-1845 I2;PC;MATERIAL GERAL;201386.jpg
201387;HASTE DE ANCORA, DED-0082 R.5;PC;FERRAGEM ESPECIAL;201387.jpg
201388;CONECTOR TERM. P/ COND. CU, DDT-1761 I.5;PC;CONECTORES;201388.jpg
201389;CONECTOR TERM. P/ COND. AL, DED-0105 I.2;PC;CONECTORES;201389.jpg
201390;CONECTOR TERM. P/ COND. CU, DDT-1761 I.4;PC;MATERIAL GERAL;201390.jpg
201391;CONECTOR TERM. P/ COND. CU DDT-1761 I.7;PC;MATERIAL GERAL;201391.jpg
201392;CONECTOR TERM. P/ COND. CU, DDT-1761 I.9;PC;MATERIAL GERAL;201392.jpg
201393;GRAMPO, ATERRAMENTO, DED-79-0085 R.2;PC;MATERIAL GERAL;201393.jpg
201397;CONEC TERM COMP MED,CB 35mm²,PM2092I7R8;PC;CONECTORES;201397.jpg
201398;CONEC TERM COMP MED,CB 70MMý,PM2092I8R8 ;PC;MATERIAL GERAL;201398.jpg
201399;SUPORTE P/DEGRAUS,CX.SUBTERRAN-DQN2135;PC;MATERIAL GERAL;201399.jpg
201402;SUP. PARA FIXAÇÃO PARA-RAIOS TRANSF.;PC;MATERIAL GERAL;201402.jpg
201406;CONECTOR TERM COMPR-CAA4AWG-PM2223I1;PC;MATERIAL GERAL;201406.jpg
201407;CONECTOR TERM COMPR-AL-150MM2-PM2223I9;PC;CONECTORES;201407.jpg
201410;CONECTOR,TERM,COMPR,CU,240MM2,2F,D71048;UN;CONECTORES;201410.jpg
201415;CONEC,TERM,COMPR,AL,120MM2,2F,D71038,FPM;PC;CONECTORES;201415.jpg
201437;CONECTOR TERM,COND AL 95MM,PM2251I3R0;PC;CONECTORES;201437.jpg
201439;CONECTOR CUNHA ATERR-4-7-8MM-PM2255I1;PC;MATERIAL GERAL ESPECIAL;201439.jpg
201440;PINO TOPO,ISOL PILAR,AÇO GALV,PM-2162 I2;PC;MATERIAL GERAL;201440.jpg
201501;CB,ACO-CU,ATERR,35MM²,D80502,SUCATA;UN;COND.CU.ISOLADO.SUCATA;201501.jpg
201534;"HASTE,ATERR,AÇO-COBR,5/8"",2400MM,D80001";UN;FERRAGEM;201534.jpg
201626;CONECTOR, DERIV CUNHA, AL AZ SOMADI;UN;CONECTORES;201626.jpg
201676;CONECTOR,TERM,COMPR,CU,I11,D1761,FP;PZ;CONECTORES;201676.jpg
201734;KIT BORNEIRA;PC;MATERIAL GERAL;201734.jpg
220025;CADEADO 30MM - ALONGADO;UN;EPI/EPC;220025.jpg
220067;BARREIRA PANTOGRAFICA SANFONADA;UN;FERRAMENTAS;220067.jpg
220114;"CHAVE,CANHAO ISOL,1000V SEXT  1/2""X125";PC;FERRAMENTAS;220114.jpg
220116;"CHAVE, ALLEN ISO, 1000V SEXT 5/16""X125";UN;FERRAMENTAS;220116.jpg
231194;POSTE CONC. DT 13MX1000DAN,PM0055 I13 R8;PC;POSTE;231194.jpg
231197;POSTE,CONC,DT,15/2000DAN,PM-BR314.01;UN;POSTE;231197.jpg
231218;POSTE,15MX2000DAN,CONC.CIRC,DED-0054 R7;PC;POSTE;231218.jpg
231219;POSTE,15MX1000DAN,CONC.CIRC.DED-0054 R7;PC;POSTE;231219.jpg
231280;POSTE 11MX1000DAN,CONC.CIRC.DED-0054 R7;PC;POSTE;231280.jpg
231281;POSTE 12MX1000DAN,CONC.CIRC, DED-0054 R7;PC;POSTE;231281.jpg
231282;POSTE,12MX2000DAN,CONC.CIRC,DED-0054 R7;PC;POSTE;231282.jpg
231283;POSTE,9MX200DAN,CONC.CIRCULARDED-0054R7;PC;POSTE;231283.jpg
231285;POSTE,11MX200DAN CONC.CIRC.DED-0054 R7;PC;POSTE;231285.jpg
231286;POSTE 11MX400DANCONC. CIRC.DED-0054 R7;PC;POSTE;231286.jpg
231287;POSTE,11MX600DAN CONC.CIRC, DED-0054 R7;PC;POSTE;231287.jpg
231288;POSTE 12MX400DAN,CONC.CIRC, DED-0054 R.7;PC;POSTE;231288.jpg
231289;POSTE 12MX600DAN,CONC.CIRC, DED-0054 R.7;PC;POSTE;231289.jpg
231294;POSTE,13MX1000DAN,CONC.CIRC,DED-0054 R7;PC;POSTE;231294.jpg
231295;POSTE 11MX1500DAN,CONC.CIRC,DED-0054 R7;PC;POSTE;231295.jpg
231296;POSTE 13MX2000DAN,CONC.CIRC,DED-0054 R7;PC;POSTE;231296.jpg
231299;POSTE CONC. DT 9MX200DAN,  DED-0055 R4;PC;POSTE;231299.jpg
231300;POSTE CONC. DT 9MX400DAN,  DED-0055 R.4;PC;POSTE;231300.jpg
231301;POSTE CONC. DT 11MX200DAN,  DED-0055 R.4;PC;POSTE;231301.jpg
231302;POSTE CONC. DT, 11MX400DAN, DED- 0055 R4;PC;POSTE;231302.jpg
231303;POSTE CONC. DT 11MX600DAN, DED-0055 R4;PC;POSTE;231303.jpg
231304;POSTE CONC. DT, 12MX400DAN,  DED-0055 R4;PC;POSTE;231304.jpg
231305;POSTE CONC. DT 12MX600DAN,  DED-0055 R4;PC;POSTE;231305.jpg
231307;CRUZETA,MADEIRA 2M,DED-1789 R.2;PC;CRUZETA;231307.jpg
231308;CRUZETA, MADEIRA 5M, DED-1790 R.2;PC;CRUZETA;231308.jpg
231309;MOLDURA, FIO TERRA, DED-98-1794 R.1;PC;MATERIAL GERAL;231309.jpg
231316;CRUZETA, MADEIRA 2,40M, DQN-2062 R2;PC;CRUZETA;231316.jpg
231320;SUPORTE ALUM MEDICAO CRUZETA PM-2175 I1;PZ;FERRAGEM;231320.jpg
231329;POSTE BIPARTIDO-PARTE INFERIOR-PM2216I1;PC;POSTE DE AÇO;231329.jpg
231330;POSTE BIPARTID-PART SUPERIOR 7M-PM2216I3;PC;POSTE DE AÇO;231330.jpg
231332;CRUZETA POL 90X112X2000MM;PC;CRUZETA;231332.jpg
231334;CRUZETA CONCRETO-2M-PM-2241;PC;CRUZETA DE CONCRETO;231334.jpg
231343;CRUZETA POLIMERICA- 2-4M- PM-2242;PC;CRUZETA;231343.jpg
231351;POSTE,FIBRA VIDRO,12M, 600DAN,ET-301;UN;POSTE DE FIBRA;231351.jpg
231360;POSTE,BIP,FIB,9m,200daN,D2268;PC;POSTE DE FIBRA;231360.jpg
231361;POSTE FIBRA BIPART 11X400DAN PM2268;PC;POSTE DE FIBRA;231361.jpg
231382;POSTE CONC. DT 13MX600DAN, D300.20.0;PC;POSTE;231382.jpg
231413;POSTE,FIBRA VIDRO,12M,1000DAN,PMBR307.01;UN;POSTE DE FIBRA;231413.jpg
231562;POSTE,FIBRA,12M,400DAN,PM-R307.01.1;PC;POSTE DE FIBRA;231562.jpg
231565;POSTE,FIBRA,BIP,12M,600DAN,PM-R307.01.1;PC;POSTE DE FIBRA;231565.jpg
231568;POSTE,FIBRA,11M,600DAN,PM-R307.01.1;PC;POSTE DE FIBRA;231568.jpg
231569;POSTE,FIBRA,BIP,9M,400DAN,PM-R307.01.1;PC;POSTE DE FIBRA;231569.jpg
231570;POSTE,FIBRA,BIP,9M,600DAN,PM-R307.01.1;PC;POSTE DE FIBRA;231570.jpg
231571;POSTE,FIBRA,BIP,11M,200DAN,PM-R307.01.1;PC;POSTE DE FIBRA;231571.jpg
231572;POSTE,FIBRA,BIP,11M,600DAN,PM-R307.01.1;PC;POSTE DE FIBRA;231572.jpg
231657;POSTE,FIBRA VIDRO,13M, 600DAN,D307.01;UN;POSTE DE FIBRA;231657.jpg
231666;POSTE,AÇO,G,14M/2680DAN,BIP,PM-R305.10.1;UN;POSTE DE AÇO;231666.jpg
231670;POSTE,AÇO,F,18M/1820DAN,BIP,PM-R305.10.1;UN;POSTE DE AÇO;231670.jpg
231671;POSTE,AÇO,G,18M/2780DAN,BIP,PM-R305.10.1;UN;POSTE DE AÇO;231671.jpg
232055;"SUPORTE MET GALV ""L"" 2.1/2""X2.1/2""X";PC;FERRAGEM;232055.jpg
240009;CRUZETA,ACO,2000MM,PMBR49009;EA;FERRAGEM;240009.jpg
240015;CAIXA,AÇO,PROT BUCHA BT,PM-BR190.64;UN;CAIXAS;240015.jpg
240016;CRUZETA,AÇO,2400mm,PM-Br 490.09;EA;FERRAGEM;240016.jpg
240066;MAO,FRANC,PLANA,AZ,1053MM,1000MM,D430.02;CDA;FERRAGEM;240066.jpg
240092;SUPORTE,FIXAÇÃO,CIRC,140-210MM,D426.02.0;PC;MATERIAL GERAL OEC;240092.jpg
240093;SUPORTE,FIXAÇÃO,CIRC,200-280MM,D426.02.0;PC;MATERIAL GERAL OEC;240093.jpg
240094;SUPORTE,FIXACAO,CIRC,260-340MM,D426.02.0;PC;MATERIAL GERAL OEC;240094.jpg
240095;SUPORTE,CONEXÃO,AZ,D42801.0;UN;MATERIAL GERAL OEC;240095.jpg
240096;SUPORTE,TERMINAL,EXT,UNIP,AZ,D42901.0;PC;MATERIAL GERAL OEC;240096.jpg
240097;CINTA,FIX,COND,POSTE,A=127,MT,D43510.0;PC;MATERIAL GERAL OEC;240097.jpg
240099;ARMAÇÃOSECAZ2ESTRC/HASTED520.01.0;UN;FERRAGEM;240099.jpg
240100;ARMACAO,SEC,AL,2ESTR,C/HASTE,D90511.1;UN;FERRAGEM;240100.jpg
240107;CANTONEIRA,LAZ65X6,5X900BR.CD45510.2;UN;FERRAGEM;240107.jpg
240116;ARMAÇÃO SECUNDÁRIA SIMPLES, DED-0034 R5;PC;FERRAGEM;240116.jpg
240117;ARMAÇÃO SECUNDÁRIA DUPLA,DED-0035 R4;PC;FERRAGEM;240117.jpg
240118;MAO FRANC.PERFILADA LG AL993MMPM-1259;PC;MATERIAL GERAL;240118.jpg
240119;MÃO FRANCESA PLANA LIGA AL. DED-1260 R.2;PC;MATERIAL GERAL;240119.jpg
240120;MÃO FRANC.PERFIL. 1534MM,DED-0042 I.2 R8;PC;FERRAGEM;240120.jpg
240121;MÃO FRANC.PERFIL. 993MM, DED-0042 I.1 R8;PC;FERRAGEM;240121.jpg
240124;MÃO,FRANCESA,AZ,PERFILADA, 993MM,D43001;UN;FERRAGEM;240124.jpg
240130;FIXADOR,AZ,P/CANTON U,SPACER,D44003;PC;MATERIAL GERAL;240130.jpg
240131;BRAÇO,AFAST,HOR,1650MM,AZ,D45701.0;PC;FERRAGEM;240131.jpg
240133;CINTA,DT,AL,180MM,D90420.0;PC;FERRAGEM;240133.jpg
240139;PLACA APOIO TIPO S1 P/SUPOR PM-R435.11.2;PC;MATERIAL GERAL;240139.jpg
240140;PLACA APOIO TIPO S2 P/SUPOR PM-R435.11.2;PC;MATERIAL GERAL;240140.jpg
240152;CINTA U,AZ,SUPORT,MT,D=340MM,PMA435.12.1;UN;MATERIAL GERAL OEC;240152.jpg
240153;GRAMPO,ANC,P CABO 3X95+52C,30KN,GSX00X/2;PC;MATERIAL GERAL;240153.jpg
240172;SUPORT FOR REMOVIBLE MV DISCHARGER;PC;MATERIAL GERAL;240172.jpg
240218;SUPORTE FIX CONCENTRADOR/TRANSF ACO CARB;UN;FERRAGEM;240218.jpg
250034;GANCHO DE SUSPENSAO,ACO,PM-BR904.27;EA;FERRAGEM;250034.jpg
250036;PRESILHA DE SUSPENSAO,AL,PM-BR904.28;EA;FERRAMENTAS;250036.jpg
250041;PROTETOR,ESTR E GLV,36KV,PM-BR780.06;EA;MATERIAL GERAL;250041.jpg
250042;SUPORTE,HORIZ,RD COMPACTA,34,5,D455.05;UN;FERRAGEM;250042.jpg
250043;BRAÇO,SUP,36.2KV,AZ,TIPO C,SPACER,D45501;EA;FERRAGEM;250043.jpg
250054;ALCA,DIST,AL,PREF,1/0AWG,CAA,D730.14;EA;MATERIAL GERAL;250054.jpg
250061;SUPORTE GUIA PARA PONTO DE SUSPENSÃO;EA;FERRAMENTAS;250061.jpg
250063;CINTA LIGA DE ELO DE TECIDO SINTÉTICO -;EA;FERRAMENTAS;250063.jpg
250064;MASTRO PARA IÇAMENTO DE  CARGA COM SISTE;UN;FERRAMENTAS;250064.jpg
250065;BASTAO TRACAO OLHAL/GANCHO,NTS 001-21HS;UN;FERRAMENTAS;250065.jpg
250066;CRUZETA,AUXILIAR,64MM X 2,83M;UN;FERRAMENTAS;250066.jpg
250073;CONJ HERRAJE RETENCIÓN CABLE AAAC 681;EA;FERRAMENTAS;250073.jpg
250074;MAT-OMBR-NOM-22-1544-EDBR - MOITÃO TRIPL;EA;FERRAMENTAS;250074.jpg
250075;SELA P/ POSTE COM EXTENSOR E COLAR 64MM;EA;FERRAGEM;250075.jpg
250076;SELA P/ POSTE COM EXTENSOR E COLAR 38MM;EA;FERRAGEM;250076.jpg
250078;ESTICADOR DE CABOSAlumínio CA com cober;EA;FERRAMENTAS;250078.jpg
250079;ESTIBO PARA LINHA VIVA RCA400-0331 FER;UN;FERRAMENTAS;250079.jpg
250080;PARAFUSO DE SELA RM4740 FERRO NODULAR,;UN;FERRAMENTAS;250080.jpg
250081;CINTA PARA MÃO FRANCESA;EA;FERRAMENTAS;250081.jpg
250083;PEGADOR DE BOBINA;EA;FERRAMENTAS;250083.jpg
250085;BASTÃO MASTRO 64X3000MM;EA;FERRAMENTAS;250085.jpg
250086;CABEÇOTE OLHAL PARA CONEXÃO DO BASTÃO MA;EA;FERRAMENTAS;250086.jpg
250087;(FLV03457-13) SUPORTE DIM. 38MM X 2,03M;CDA;FERRAMENTAS;250087.jpg
250102;GABARITO P/ PINTURA ALFABETO A - Z 60MM;EA;FERRAMENTAS;250102.jpg
250103;GABARITO P/ PINTURA ALGARISMO 0 - 9 60MM;EA;FERRAMENTAS;250103.jpg
251617;CONCHA-GARFO,12000DAN,PM-BR510.13;UN;FERRAGEM;251617.jpg
251622;"PRESILHA, CB AÇO ZINCADO 5/16""";PC;FERRAGEM;251622.jpg
251629;GARFO-BOLA ACO ZINCADO F-1340 FORJASUL-S;PC;MATERIAL GERAL;251629.jpg
251631;GARFO-GARFO AÇO FORJADO ZINC/QUENTE 1350;PC;MATERIAL GERAL;251631.jpg
251646;CAVALOTE AÇO ZINCADO REF.F1240 FORJASUL-;PC;FERRAGEM;251646.jpg
251651;ALCA,PREF.CUCB PRE-REUN.10-16MM-DED1959;PC;MATERIAL GERAL ESPECIAL;251651.jpg
251652;ALCA PREF.CUCB PRE-REUN.35MM DQN-1959;PC;MATERIAL GERAL ESPECIAL;251652.jpg
251654;ALCA PREF.CUCB PRE-REUN.70MM²-DQN-1959;PC;MATERIAL GERAL;251654.jpg
251655;CONCHA-OLHAL, AÇO FORJADO, ZINCADO A QUE;PC;FERRAGEM;251655.jpg
251659;CINTA, METÁLICA 12,5MM - ROLO DE 30,5M;PC;MATERIAL GERAL;251659.jpg
251692;SUPORTE MEDIÇAO EM CRUZETA-PM-2166 I2 R1;PC;FERRAGEM;251692.jpg
251693;DETECTOR PRES CONTATO 5-15KV;PZ;FERRAMENTAS;251693.jpg
251696;ALÇA PREF AL, 200MM², PM2209,I4 R2;PZ;MATERIAL GERAL;251696.jpg
251697;ALÇA PREF LIGA AL-160MM²-PM2191I11;PC;MATERIAL GERAL;251697.jpg
251698;PRENSA-CABO-GERAL-CB 32-38MM-PM2193I4;PC;MATERIAL GERAL;251698.jpg
251709;ESPAÇ,LOSAN,RC,15KV,INST. SOLO,D53001;PC;MATERIAL GERAL;251709.jpg
251712;CONJ,GRAMPO,ANCORAGEM,D45059.0;PC;MATERIAL GERAL OEC;251712.jpg
251713;GRAMPO,SUSP,CABO SUST,50MM2,D73038.0;PC;MATERIAL GERAL OEC;251713.jpg
251714;SUPORTE,SUSP, CIRC,140-210MM,D427.01.0;PC;MATERIAL GERAL OEC;251714.jpg
251715;SUPORTE,SUSP, CIRC,200-290MM,D427.01.0;PC;MATERIAL GERAL OEC;251715.jpg
251755;CONJ,GRAMPO,ANCORAGEM,D45059-0;PC;MATERIAL GERAL OEC;251755.jpg
251764;ALCA,DIST,ACO,PREF,4AWG,CAA,D730.14;UN;MATERIAL GERAL;251764.jpg
251765;ALCA,PREF,AÇO,PRE-REUN,CA,54.6MM2,D73006;PC;MATERIAL GERAL;251765.jpg
251767;ALCA,DIST,ACO,PREF,1/0AWG,CAA,D730.14;PC;MATERIAL GERAL;251767.jpg
251771;ALCA,PREF,CORD,ACO,9.5,MM,AR,D730.04;UN;MATERIAL GERAL;251771.jpg
251773;ALCA,PREF,DIST,CU-NU,16MM2,7F,D73001,FPM;UN;MATERIAL GERAL;251773.jpg
251774;ALCA,PREF,DIST,CU-NU, 70MM2,D73001,FP;UN;MATERIAL GERAL;251774.jpg
251775;ALCA,PREF,DIST,CU-NU,25MM2,7F,D73001,;PC;MATERIAL GERAL;251775.jpg
251777;ALCA,DISTRIB,CU-NU, 35MM2,D73001,FPM;PC;MATERIAL GERAL;251777.jpg
251781;ALÇA,PREF,AZ,BI,CONCENT,4MM2,D730.05.0;UN;MATERIAL GERAL;251781.jpg
251783;ALÇA,PREF,AZ,BI,CONCENT,10MM2,D730.05.0;UN;MATERIAL GERAL;251783.jpg
251786;LACO,PREF,AÇO,PRE-REUN,54.6MM2,D73006;UN;MATERIAL GERAL;251786.jpg
251797;OLHAL,AZ,5000DAN,M16,PM-BR/D41005.1;PC;FERRAGEM;251797.jpg
251800;ARMACAO,SECAL1ESTRC/HASTED90510.0;UN;FERRAGEM;251800.jpg
251814;GANCHO-OLHAL,AZ,SUSP,5000DAN,D51004.0;PC;FERRAGEM;251814.jpg
251817;MANILHA,SAPATILHA,AZ,5000DAN,D51003.0;PC;MATERIAL GERAL;251817.jpg
251825;FITA,ALUMINO1 X 10MMD76002.1;KG;FERRAGEM;251825.jpg
251831;"PERFIL,""U""76X38MMX900MM,AÇODED-1950 I1";PC;FERRAGEM;251831.jpg
251832;CINTA P/POSTE CIRC.150MM, DED-0037 I1 R4;PC;FERRAGEM;251832.jpg
251833;CINTA P/POSTE CIRC.170MM, DED-0037 I2 R4;PC;FERRAGEM;251833.jpg
251834;CINTA POSTE CIRC. D190MM,DED-0037 I3 R4;PC;FERRAGEM;251834.jpg
251835;CINTA P/POSTE CIRC.210MM, DED-0037 I4 R4;PC;FERRAGEM;251835.jpg
251836;CINTA P/POSTE CIRC 310MM, DED-0037 I9 R4;PC;FERRAGEM;251836.jpg
251837;CINTA P/POSTE CIRC 330MM DED-0037 I10 R4;PC;FERRAGEM;251837.jpg
251838;SELA P/CRUZETA, DED-0049 R.3;PC;FERRAGEM;251838.jpg
251839;SUPOR TRAFO POSTE CIRC.225MM DED-0050 I2;PC;FERRAGEM;251839.jpg
251840;SUPORTE,TRANSF.POSTE DT160X210MM-DED0051;PC;FERRAGEM;251840.jpg
251841;SUPORTE,CH.C.CIRCUIT/P.RAIOS DED0052 R.6;PC;FERRAGEM;251841.jpg
251842;SUPORTE,TRANSF.POSTE DT170X230MM-DED0051;PC;FERRAGEM;251842.jpg
251843;SUPORTE,TRANSF.POSTE DT180X250MMDED0051;PC;FERRAGEM;251843.jpg
251844;CINTA POSTE DT 120X160MM DED-1003 I1 R.3;PC;FERRAGEM;251844.jpg
251845;CINTA, POSTE DT 140X180MM DED-1003 I2 R3;PC;FERRAGEM;251845.jpg
251846;CINTA, POSTE DT 160X210MM DED-1003 I3 R3;PC;FERRAGEM;251846.jpg
251847;CINTA, POSTE DT 180X240MM DED-1003 I4 R3;PC;FERRAGEM;251847.jpg
251848;CINTA, POSTE DT 200X260MM DED-1003 I5 R3;PC;FERRAGEM;251848.jpg
251849;CINTA, POSTE DT 220X290MM DED-1003 I6 R3;PC;FERRAGEM;251849.jpg
251850;CINTA POSTE CIRC.AL 290MM DED-1257 I8 R2;PC;FERRAGEM;251850.jpg
251851;SELA, CRUZETA LIGA ALUMÍNIO, DED-1265 R2;PC;MATERIAL GERAL;251851.jpg
251852;SUPORTE CH. C.CIRC/P.RAIOS  AL DED-1859;PC;MATERIAL GERAL;251852.jpg
251853;CINTA AJUST.POSTE,BAP2,800MM-DDT1742I1;PC;FERRAGEM;251853.jpg
251854;CINTA AJUST.POSTE,BAP3,1200MM-DDT1742I2;PC;FERRAGEM;251854.jpg
251855;"SUPORTE TIPO ""Z"", 113MM RC, DED-1777";PC;FERRAGEM;251855.jpg
251856;ALÇA,PREF.AÇOCB PRE-REUN.25MM²-DQN1958;PC;MATERIAL GERAL;251856.jpg
251857;ALCA,PREF.ACOCB CONC.TRIP.10MM²-DQN1958;PC;MATERIAL GERAL;251857.jpg
251858;ALCA,PREF.ACOCB PRE-REUN.16MM²-DQN1958;PC;MATERIAL GERAL;251858.jpg
251859;ALÇA,PREF.AÇOCB PRE-REUN.35MM²-DQN1958;PC;MATERIAL GERAL;251859.jpg
251861;ALÇA,PREF.AÇOCB PRE-REUN.70MM²-DQN1958;PC;MATERIAL GERAL;251861.jpg
251862;LACO PREF ACOCB PRE-REUN.16MM²-DQN1957;PC;MATERIAL GERAL;251862.jpg
251863;LACO PREF.ACO CB PRE-REUN.35MM²-DQN1957;PC;MATERIAL GERAL;251863.jpg
251864;LAÇO PREF.AÇOCB PRE-REUN.50MM²-DQN1957;PC;MATERIAL GERAL;251864.jpg
251865;LAÇO PREF.AÇOCB PRE-REUN.70MM²-DQN1957;PC;MATERIAL GERAL;251865.jpg
251866;ALÇA,PREF.AÇOCB.CONC.BIP.6MM²-DQN1958;PC;MATERIAL GERAL;251866.jpg
251867;ARMAÇÃO SEC SIMP C/ HASTE 350MM DDT-1741;PC;FERRAGEM;251867.jpg
251869;GRAMPO ANCOR.POLIMCB AL1/0AWG-DED1773I1;PC;MATERIAL GERAL;251869.jpg
251870;GRAMPO,ANCOR.POLIMCB AL336,4MCM-DED1773;PC;MATERIAL GERAL;251870.jpg
251871;AFASTADOR REDE SEC 250MM, DED-0033 I1 R3;PC;FERRAGEM;251871.jpg
251872;AFASTADOR REDE SEC 500MM, DED-0033 I2 R3;PC;FERRAGEM;251872.jpg
251873;ARMAÇÃO SEC.SIMPLESLIGA AL.DED-1255 R.2;PC;MATERIAL GERAL;251873.jpg
251874;ARMAÇÃO SEC. DUPLA LIGA AL.DED-1254 R.2;PC;MATERIAL GERAL;251874.jpg
251875;CHAPA PARA ESTAI, DED-0081 R.3;PC;MATERIAL GERAL;251875.jpg
251876;FITA, PROTECAO CB AL 1,0X10MM-DED-0077R3;KG;CABO ESPECIAL;251876.jpg
251877;GANCHO OLHAL, DED-0039 R.3;PC;FERRAGEM;251877.jpg
251878;GRAMPO LINHA VIVA, DED- 0106;PC;MATERIAL GERAL;251878.jpg
251879;GRAMPO, TENSOR P/CB ALUMINIO, DED-0107;PC;MATERIAL GERAL;251879.jpg
251880;PINO, ISOLADOR LIGA ALUMINIO, DED-88-126;PC;FERRAGEM;251880.jpg
251881;ALÇA,PREF.AÇOCB PRE-REUN.95MM²-DQN1958;PC;MATERIAL GERAL;251881.jpg
251882;ALÇA,PREF.AÇOCB PRE-REUN.150MM²-DQN1958;PC;MATERIAL GERAL;251882.jpg
251883;ALCA,PREF.CUCB PRE-REUN.95MM²- DQN-1959;PC;MATERIAL GERAL ESPECIAL;251883.jpg
251884;"BRAÇO TIPO ""L"", 354MM RC, DED-1763";PC;FERRAGEM;251884.jpg
251885;"BRAÇO TIPO ""C"", 580MM RC, DED-1764";PC;FERRAGEM;251885.jpg
251886;"CANTONEIRA P/BRAÇO TIPO ""C"" DED-1765";PC;FERRAGEM;251886.jpg
251887;ESPAÇADOR RC 15KV DED-1766 I2;PC;MATERIAL GERAL;251887.jpg
251888;ALCA PREF OLH DIST,CB 50MM²,PM2191I6;PC;MATERIAL GERAL;251888.jpg
251889;MÃO FRANC.PLANA C/619MM,DED-0040 R.5;PC;FERRAGEM;251889.jpg
251890;OLHAL, DED-0043 R.4;PC;FERRAGEM DIVERSOS;251890.jpg
251891;ALCA PREFORM.CB COB.185MM²DED-1770 I3;PC;MATERIAL GERAL;251891.jpg
251892;MANILHA SAPATILHA, DED-1699 R.2;PC;FERRAGEM DIVERSOS;251892.jpg
251893;SAPATILHA, ESTAI, DED-0048 R.4;PC;FERRAGEM;251893.jpg
251894;LAÇO PLÁST P/CB 1/0AWG RC,DED-1771 I1 R1;PC;MATERIAL GERAL;251894.jpg
251895;ALÇA, PRE-FORMADA RAMAL SERVICO CAA 35MM;PC;MATERIAL GERAL;251895.jpg
251896;LACO PREF CUCB PRE-REUN.35MM²-DED-1799;PC;MATERIAL GERAL;251896.jpg
251897;LACO PREF.CUCB PRE-REUN.70MM²-DED-1799;PC;MATERIAL GERAL;251897.jpg
251898;MANILHA, REDE COMPACTA, DED-1774 R.1;PC;FERRAGEM;251898.jpg
251899;ANEL AMARRAÇÃO P/ESPAÇ.POLIM-DED1775I1R2;PC;MATERIAL GERAL;251899.jpg
251901;PROTETOR ESTRI. GRAMP. LIN.VIVA DED-1902;PC;MATERIAL GERAL;251901.jpg
251902;SUPORTE AFAST HORIZ (675X300MM)-DED-1785;PC;FERRAGEM;251902.jpg
251903;SUPORTE AFAST HORIZ(1250X450MM)-DED-1932;PC;FERRAGEM;251903.jpg
251904;ALCA,PREF.CB 4CAAFPSUBST.P/6783793;PC;MATERIAL GERAL;251904.jpg
251905;ALCA,PREFORM.CB CU 35MM² DQN-1956 I9 R4;PC;MATERIAL GERAL ESPECIAL;251905.jpg
251907;ALCA,PREF.CB 2CAFPSUBST.P/6783813;PC;MATERIAL GERAL;251907.jpg
251908;ALCA,PREF.CB 1/0CA/CAAFPSUBST.6783815;PC;MATERIAL GERAL;251908.jpg
251909;ALCA,PREFORM.CB CA 4/0AWG,DQN-1956 I4R4;PC;MATERIAL GERAL;251909.jpg
251912;CHAPA PARA ÂNCORA, DED-1361  R.2;PC;FERRAGEM;251912.jpg
251913;ALÇA, PREFORMADA P/ ESTAI 7,9MM, DED1904;PC;MATERIAL GERAL;251913.jpg
251914;ALCA, PRE-FORMADA P/ESTAI 9,5MM, DED1904;PC;MATERIAL GERAL;251914.jpg
251915;ALCA,PREFORM.CB CU 25MM² DQN-1956 I8 R4;PC;MATERIAL GERAL ESPECIAL;251915.jpg
251916;ALCA PREFORM.CUCB CONC.BIP.6MM²DQN-1959;PC;MATERIAL GERAL ESPECIAL;251916.jpg
251917;ALCA PREF.CUCB CONC.TRIP.10MM²-DQN-1959;PC;MATERIAL GERAL ESPECIAL;251917.jpg
251918;ALCA PREF.CUCB PRE-REUN.25MM²-DQN-1959;PC;MATERIAL GERAL ESPECIAL;251918.jpg
251919;ALCA,PREF.CB 336,4MCMFPSUBST.P/6783816;PC;MATERIAL GERAL;251919.jpg
251920;ALÇA,PREFORM.CB CA 477MCM -DQN-1956I6R4;PC;MATERIAL GERAL;251920.jpg
251921;ALCA,PREFORM.CB CU 16MM²-DQN-1956 I7 R4;PC;MATERIAL GERAL ESPECIAL;251921.jpg
251922;ADAPT P/ CH. C.CIRC./P.RAIOS DED-0316 R2;PC;FERRAGEM;251922.jpg
251924;BRAÇO, LUMIN ABERTA 3000MM, DED-0067 R3;PC;FERRAGEM ESPECIAL;251924.jpg
251925;BRAÇO, LUMIN.  ABERTA 1000MM, DED-0650R3;PC;FERRAGEM ESPECIAL;251925.jpg
251926;BRAÇO LUMIN.FECHADATB 3500MMDED0068 R5;PC;FERRAGEM ESPECIAL;251926.jpg
251927;CINTA,AÇO INOX,19mm,C/FECHO,P/ABRAÇ,D655;PC;FERRAGEM;251927.jpg
251928;TRAVA P/ ABRAÇADEIRA AÇO INOX DQN-1965;PC;MATERIAL GERAL;251928.jpg
251930;GRAMPO, CERCA AÇO ZINCADO 30MM, DED-1852;KG;MATERIAL GERAL;251930.jpg
251931;PRENSA-CABO ROSQ,D=6-12MM,DDT-1749I1R4;PC;MATERIAL GERAL;251931.jpg
251934;PRENSA-CABO ROSQ,D=13-18MM,DDT-1749I2R4;PC;MATERIAL GERAL;251934.jpg
251935;LAÇO MENS AÇO GALV 9,5MM RCDED-1772I2R1;PC;MATERIAL GERAL;251935.jpg
251936;BRAÇO ANTI-BALANÇO POLIET.15KV-DED-1778;PC;MATERIAL GERAL;251936.jpg
251937;LAÇO PLÁS P/CB 336,4MCM RC-DED1771-I2 R1;PC;MATERIAL GERAL;251937.jpg
251939;ALCA,PREF,AÇO,PRE-REUN,CA,25MM2,D7300;PC;MATERIAL GERAL;251939.jpg
251940;LACO,PREF,ROLD,PRE-REUN,CA 25,D73012.5.;UN;PADRÃO;251940.jpg
251941;PRENSA-CABO ROSQ,CB 15-22MM,DDT-1749I4R4;PC;MATERIAL GERAL;251941.jpg
251942;FIXADOR PARA FIOS E CABOS DQN-1994 R.2;PC;MATERIAL GERAL;251942.jpg
251947;ALCA,PREF.AÇOCB CONC.BIP.4MM²-DQN1958I1;PC;MATERIAL GERAL;251947.jpg
251948;ALÇA,PREF,AZ,BI,CONCENT,6MM2,PM-R2276FP;PC;MATERIAL GERAL;251948.jpg
251950;GRAMPO-SUSP-CABO ACO 5/16 POL;PC;FERRAGEM;251950.jpg
251952;SUPORTE FIXAÇÃOCX DERIVAÇÃODQN-2122 R3;PC;MATERIAL GERAL;251952.jpg
251953;MÃO FRANC PERFIL. 1971MM,DED-0042 I3 R8;PC;FERRAGEM;251953.jpg
251954;MÃO FRANC PERFIL. 2548MM,DED-0042 I.4 R8;PC;FERRAGEM;251954.jpg
251955;DEGRAU P/CBCX.SUBTERRAN.-DQN-2135;PZ;FERRAGEM;251955.jpg
251956;MAO FRANC.PERFIL LG AL,1971MM,PM-1259I2;PC;FERRAGEM;251956.jpg
251957;MAO FRANC.PERFIL LG AL,2548MM,PM1259 I3;PC;FERRAGEM;251957.jpg
251958;SUPORTE PROLONGADOR P/CONCENTRAD.MEDIÇÃO;PC;FERRAGEM;251958.jpg
251961;GRAMPO,L.VIVA,DERIV,USO PERMAN,D71070.1;UN;MATERIAL GERAL;251961.jpg
251965;ESPAÇADOR,BT-MT,2-336,TIPO1,PM-BR530.03;PC;MATERIAL GERAL;251965.jpg
251968;SUPORTE P/ SECCIONADORA UNIPOLAR;PC;FERRAGEM;251968.jpg
251969;SUPORTE P/ SECCIONADORA UNIPOLAR PM-2189 I1;PC;FERRAGEM;251969.jpg
251970;ALÇA PREF OLH DISTCB AL CAA 4AWGPM2191;PC;MATERIAL GERAL;251970.jpg
251971;ALÇA PREF OLH DISTCB AL CA 2AWGPM2191;PC;MATERIAL GERAL;251971.jpg
251972;ALÇA PREF OLH DIST CB AL 1/0AWGPM2191;PC;MATERIAL GERAL;251972.jpg
251973;ALÇA PREF. OLH DIST CB AL 336, 4MCM ;PC;MATERIAL GERAL;251973.jpg
251974;PRENSA CABO USO GERAL PM - 2193 - I1 ;PC;MATERIAL GERAL;251974.jpg
251975;ESPAÇADOR RC 15KVDED-1766 I1 R1        ;PC;MATERIAL GERAL;251975.jpg
251976;ALCA PREFORM.CB COB.35MM²DED-1770 I1   ;PC;MATERIAL GERAL;251976.jpg
251983;ALÇA PREF LIGA AL-50mm²-PM-2191I9;PC;MATERIAL GERAL;251983.jpg
251984;ALÇA OLHAL DE DISTRIBUIÇÃO;PC;MATERIAL GERAL;251984.jpg
251985;EMENDA RETA,12/20 kV,35-120mm²-GSCC004;UN;CONECTORES;251985.jpg
251988;CANT. AUXILIAR P/ BRAÇO SUP. C;PC;FERRAGEM;251988.jpg
251989;CINTA POSTE CIRC.AL 180MM+CARAC DED-1257;PC;FERRAGEM;251989.jpg
251990;CINTA POSTE CIRC.AL 200MM+CARAC DED-1257;PC;FERRAGEM;251990.jpg
251991;CINTA POSTE CIRC.AL 220MM+CARAC DED-1257;PC;FERRAGEM;251991.jpg
251994;ALCA PRE AAAC 25MM² PM2276 TIPO VI I1 R0;PC;MATERIAL GERAL;251994.jpg
252009;ALCA PREF,LIGA AL,PRE-REU,54.6MM2,D73006;PC;MATERIAL GERAL;252009.jpg
252010;ALCA PREF AL-CB PRE-REUN 70MM²-PM2209I5;PC;MATERIAL GERAL;252010.jpg
252019;ALCA PREF AL-CB CONC 6MM- PM 2209 I1;PC;MATERIAL GERAL;252019.jpg
252020;ALCA PREF AL-CB CONC 10MM- PM2209 I2;PC;MATERIAL GERAL;252020.jpg
252021;ALCA PREF AL-CB CONC 16MM- PM2209 I3;PC;MATERIAL GERAL;252021.jpg
252022;ALÇA,PREF,AZ,BI,CONCEN,10MM2,PM-R2276F;PC;MATERIAL GERAL;252022.jpg
252023;ALÇA,PREF,AZ,BI,CONCENT,16MM2,D730.05.0;PC;MATERIAL GERAL;252023.jpg
252024;ALCA PREF AL-CB AAAC- 25MM-PM2209I6;PC;MATERIAL GERAL;252024.jpg
252025;ALCA PREF AL-CB AAAC- 50MM-PM2209I7;PC;MATERIAL GERAL;252025.jpg
252026;ALCA PREF AL-CB AAAC- 70MM-PM2209I8;PC;MATERIAL GERAL;252026.jpg
252028;SEPARADOR TRAVA,BT/MT,CB CA,CU-PM2182I-397,5CA MCM;PC;MATERIAL GERAL;252028.jpg
252029;ALCA,PREF A€O,CB PRE-REUN 25MM,PM-1958I9;PC;MATERIAL GERAL;252029.jpg
252030;ALCA PREF, LIGA AL,PRE-REUN,25MM2,D73006;PC;MATERIAL GERAL;252030.jpg
252033;CINTA,TUBULAR,ELEV POSTE-3T-1,1m;PC;FERRAMENTAS;252033.jpg
252036;DISTANCIADOR,ISOL PILAR,PM-BR510.70;UN;FERRAMENTAS;252036.jpg
252047;LAÇO PREF.AÇOCB PR. 25MM²-PM1957 I1R2;PC;MATERIAL GERAL;252047.jpg
252048;LAÇO PREF.L.ALCB PR. 25MM²-PM1957 I4R2;PC;MATERIAL GERAL;252048.jpg
252049;LAÇO PRE LIGA CAL 50 PM2276 TIPO IX I8R1;PC;MATERIAL GERAL;252049.jpg
252050;LAÇO PRE LIGA CAL 70 PM2276 TIPO IX I9R1;PC;MATERIAL GERAL;252050.jpg
252051;ESPAÇADOR VERTICAL,RC,15KV,PM1766I2;PC;MATERIAL GERAL;252051.jpg
252053;ESPAÇ,LOSANG,SPACER,35KV,D53001.0;PZ;MATERIAL GERAL;252053.jpg
252083;LAÇO PRE LIG CAL25 PM2276TIPO XII I11R1;PC;MATERIAL GERAL;252083.jpg
252084;LAÇO PRE LIG CAL50 PM2276TIPO XII I12R1;PC;MATERIAL GERAL;252084.jpg
252097;LAÇO PRE LIGA CAL25 PM2276 TIP X I11R1;PC;MATERIAL GERAL;252097.jpg
252098;LAÇO PRE LIGA CAL50 PM2276 TIP X I12R1;PC;MATERIAL GERAL;252098.jpg
252099;LAÇO PRE LIGA CAL70 PM2276 TIP X I13R1;PC;MATERIAL GERAL;252099.jpg
252100;LAÇO PRE LIG CAL160 PM2276 TIP X I14R1;PC;MATERIAL GERAL;252100.jpg
252108;LAÇO PRE LIG CAL25 PM2276 TP XI I11R1;PC;MATERIAL GERAL;252108.jpg
252109;LAÇO PRE LIG CAL50 PM2276 TP XI I12R1;PC;MATERIAL GERAL;252109.jpg
252110;LAÇO PRE LIG CAL70 PM2276 TIPO XI I13R1;PC;MATERIAL GERAL;252110.jpg
252111;LAÇO PRE LIG CAL160 PM2276TIPO XI I14R1;PC;MATERIAL GERAL;252111.jpg
252112;ALÇA AÇOT ll P REU COB 50MM PM2276I9R1;PC;MATERIAL GERAL ESPECIAL;252112.jpg
252113;ALÇA AÇOT ll P REU COB 95MM PM2276I10R1;PC;MATERIAL GERAL;252113.jpg
252114;ALÇA AÇOT ll P REU COB 150MM PM2276I11R1;PC;MATERIAL GERAL;252114.jpg
252115;LAÇO AÇO T IX P REU COB 50MM PM2276I4R1;PC;MATERIAL GERAL;252115.jpg
252116;LAÇO AÇO T IX P REU COB 95MM PM2276I5R1;PC;MATERIAL GERAL;252116.jpg
252117;LAÇO AÇO T IX P REU COB 150MM PM2276I6R1;PC;MATERIAL GERAL;252117.jpg
252136;ALCA PREF CAA 4AWG PM2276 TIP V I9 R1;PC;MATERIAL GERAL;252136.jpg
252137;ALCA-OLHAL,PREF,AÇO,CAA,1/0AWG,D730.14.0;PC;MATERIAL GERAL;252137.jpg
252138;ALCA-OLHAL,PREF,ACO,CAA,336.4,D73014,FPM;PC;MATERIAL GERAL;252138.jpg
252192;ALÇA,PREF,DIST,ACO,COBERTO,50MM2,D730.14;UN;FERRAGEM;252192.jpg
252195;CANTONEIRA,U,AZ,410X100X50X8MM,D43534.0;UN;FERRAGEM;252195.jpg
252254;CINTA,P/POSTE CIRC,340MM,D435.07;UN;FERRAGEM;252254.jpg
252262;GRAMPO,LINHA VIVA,DERIV,NTC61,FP;UN;CONECTORES;252262.jpg
252269;MAO,FRANC,PLANA,AZ,726MM,673MM,D430.02;UN;FERRAGEM;252269.jpg
252347;ALCA,PREF,AÇO,2AWG,CA/CAA,D730.14,FPM;PC;MATERIAL GERAL;252347.jpg
252364;SUPOR,TRAFO POSTE CIRC.285MM,D421.01;PC;FERRAGEM;252364.jpg
252432;ELO-BOLA,12000DAN,PM-BR510.29;UN;FERRAGEM;252432.jpg
252514;CINTA,P/POSTE CIRC,380MM,D435.07;UN;FERRAGEM;252514.jpg
252527;CINTA,P/POSTE CIRC,360MM,D435.07;UN;FERRAGEM;252527.jpg
252528;CINTA,P/POSTE CIRC,400MM,D435.07;UN;FERRAGEM;252528.jpg
252615;CINTA AJUST.POSTE,BAP2,800MM,D480.21;UN;FERRAGEM;252615.jpg
252616;CINTA AJUST.POSTE,BAP3,1200MM,D480.21;UN;MATERIAL GERAL;252616.jpg
252636;ESTICADOR, TIPO AMERICANO, P/TENSIO;UN;FERRAMENTAS;252636.jpg
252813;SUPORTE L,FIX CONC DAT,D42503;UN;PADRÃO;252813.jpg
252831;PRENSA-FIOS, AÇO ZINCADO P/2 CB AÇO ZINC;PC;MATERIAL GERAL;252831.jpg
252834;BARRA INFERIOR FIX MÓDUL PVC484MMX40MM;PC;MATERIAL GERAL;252834.jpg
252854;PINO DE TOPO, DDT-0317 R.3;PC;FERRAGEM;252854.jpg
252855;ARAME, ZINCADO DIAM 2MM-FORA PADRÃO;KG;CABO ESPECIAL;252855.jpg
252856;ARAME ZINCADO DIAM 5,0MM, DED-0194 R.3;KG;CABO ESPECIAL;252856.jpg
252857;ANEL,AMARRAÇÃO P/ISOLAD.PINO-DED1775I2R2;PC;MATERIAL GERAL;252857.jpg
252858;SUPORTE,FIXAÇÃO RELE/REATOR,IPDQN-2151;PC;FERRAGEM;252858.jpg
252860;SUPORTE,CONCENTRAD,CRUZ,MEDIÇDQN-2166;PC;FERRAGEM;252860.jpg
252867;COLAR,TIPO U,DIÂMETRO 210MM,DS3075/1;PC;MATERIAL GERAL OEC;252867.jpg
252868;COLAR,TIPO U,DIÂMETRO 280MM,DS3075/2;PC;MATERIAL GERAL OEC;252868.jpg
252869;SUPORTE FIX P/ TERM SUB;PC;FERRAGEM;252869.jpg
252871;ESTICADOR, ESTAI,ACO FORJ ZINC QUEN;UN;FERRAMENTAS;252871.jpg
252876;ESTICADOR, TIPO AMERICANO, TENSIONA;UN;FERRAMENTAS;252876.jpg
252877;ESTICADOR, TIPO AMERICANO, P/TENSIO;UN;FERRAMENTAS;252877.jpg
252878;ESTICADOR, TIPO AMERICANO, P/TENSIO;UN;FERRAMENTAS;252878.jpg
253203;"CHUMBADOR, AÇO   5/8"" DE COMPRIMENTO";PC;MATERIAL GERAL;253203.jpg
253236;EMENDA RET,CB POT,MONO,240MM-DQN-2037 I5;PZ;CONECTORES;253236.jpg
253343;CONEC,TER,TRAV,185MM²-336MCM,PM-BR710.74;PZ;CONECTORES;253343.jpg
270171;CONEC|TERM|COMPR|AL|50MM2|1F|D71038;EA;CONECTORES;270171.jpg
270277;PROTETOR,PARA-RAIOS,36KV,PM-Br 780.04;EA;MATERIAL GERAL;270277.jpg
270380;ESTROPO POLIAMIDA 1200MM 670KGF;EA;FERRAMENTAS;270380.jpg
270381;ESTROPO POLIAMIDA 500MM 670KGF;UN;FERRAMENTAS;270381.jpg
270384;EME,FRIO,BT,SUBT,150-240MM2,PM-BR 720.27;EA;MATERIAL GERAL;270384.jpg
270387;EME,A FRIO,BT,SUBT,25-50MM2,PM-BR 720.27;EA;FERRAMENTAS;270387.jpg
270388;COBERTURA,ISO,COND,129,2X86X1560MM;UN;FERRAMENTAS;270388.jpg
270389;COBERT,ISO,RIG,30KV,CL3,150X1200MM;UN;FERRAMENTAS;270389.jpg
270392;COBERTURA,ISOL,FLEX,36KV,CL3;UN;FERRAMENTAS;270392.jpg
270401;TAMPA,RET,FERRO,TP4,125KN,PM-BR462.03;EA;FERRAGEM;270401.jpg
270421;COBERTURA ISOL,34,5KV,550X550MM,D220.11;EA;FERRAMENTAS;270421.jpg
270440;COBERTURA ISOL CIRC 230X1800MM,NTS02-21;UN;FERRAMENTAS;270440.jpg
270441;COBERT,ISO,CIR,30KV,CL3,150X600MM,NTS-21;EA;FERRAMENTAS;270441.jpg
270442;COBERT,ISO,CIR,30KV,CL3,150X300MM,NTS-22;UN;FERRAMENTAS;270442.jpg
270445;COBERTURA,ISOL,FLEX,17KV CL 2,NTS02-21 -;UN;FERRAMENTAS;270445.jpg
270448;TACO FIB,350X35X45,3F,25,D230.05/1;EA;MATERIAL GERAL;270448.jpg
270464;CON,TER,TOR,BI,35MM2,1F,631A,D71063;EA;CONECTORES;270464.jpg
270468;CON,TER,TOR,BI,35-185MM2,2F,631A,D71063;EA;CONECTORES;270468.jpg
270469;TACO FIB,350X35X45,6F,30,D230.05;CDA;MATERIAL GERAL;270469.jpg
270477;PASSA FIO DE AÇO;CDA;FERRAMENTAS;270477.jpg
270478;COBERTURA ISOLANTE TIPO CALHA 35KV;EA;FERRAMENTAS;270478.jpg
270479;SUPORTE ISOLANTE PARA BYPASS MT;EA;FERRAMENTAS;270479.jpg
270480;APLICADOR DE CONECTOR CUNHA;CDA;FERRAMENTAS;270480.jpg
270481;CHAVE DE IMPACTO COM BATERIA E CARREGADO;EA;FERRAMENTAS;270481.jpg
270561;C.PERF,AL-CU,D,50-150TR,6-54,6DR,GSCC20;UN;CONECTORES;270561.jpg
270567;C.PERF,AL-CU,E,35-150TR,35-150DR,GSCC20;EA;CONECTORES;270567.jpg
270569;C.PERF,AL-CU,E,16-95TR,4-35DR,GSCC20;EA;CONECTORES;270569.jpg
270570;C.PERF,AL-CU,E,50-150TR,6-54,6DR,GSCC20;EA;CONECTORES;270570.jpg
274634;COBERTURA,PROTBTCU50MM2-CA1/0D22030.0;M;FERRAMENTAS;274634.jpg
274639;CONECTOR,PARAL,CU,2X 16-120MM2,2P,D71026;UN;CONECTORES;274639.jpg
274654;ESTRIBO CONEC DER CUNHACB 50MMDED-1780;PC;MATERIAL GERAL;274654.jpg
274682;CONEC. COMPR.H AL/AL- AL/CU DED-1451 I.1;PC;CONECTORES;274682.jpg
274683;CONEC.COMPR.H AL/AL-AL/CU DED-1451 I.5;PC;CONECTORES;274683.jpg
274684;CONEC.COMPR.H AL/AL-AL/CU DED-1451 I6;PC;CONECTORES;274684.jpg
274685;CONEC.COMPR.H AL/AL-AL/CU DED 1451 I.7;PC;CONECTORES;274685.jpg
274686;CONEC.COMPR.H AL/AL, AL/CU DED 1451 I8;PC;CONECTORES;274686.jpg
274688;LUVA EMENDA COMPRES 336,4 CAA YTS;PC;MATERIAL GERAL;274688.jpg
274691;LUVA, REPARO A COMPRESSÃO P/CONDUTOR 4/0;PC;MATERIAL GERAL;274691.jpg
274702;CAPA PROT.CONEC. CUNHA/ESTR DED-1788 I2;PC;MATERIAL GERAL;274702.jpg
274711;ESTRIBO CONEC DER CUNHACB185MMDED-1780;PC;MATERIAL GERAL;274711.jpg
274719;CONEC CUNHA DER ESTRIBOCB35MMDED1780R3;PC;CONECTORES;274719.jpg
274726;CONECTOR TERMINAL TIPO OLHAL 25 MM ;PC;MATERIAL GERAL;274726.jpg
274730;CONECTOR EMENDA FIBRA ÓTICA:HFBR-4505;PC;CONECTORES;274730.jpg
274731;CONECTOR DE FIBRA ÓTICA: HFBR 4531;PC;MATERIAL GERAL;274731.jpg
274743;CONEC TERM COMPR,CB-BAR CHT,CU630,2F;PZ;CONECTORES;274743.jpg
274790;PROTETOR EMENDA ANTIFURTO(CONECTOR PERF);PC;MATERIAL GERAL;274790.jpg
274808;CONECTOR PRR 121 AEP,TERM,PINO,1X35-185,M16,D71060;PC;TELECONTROLE;274808.jpg
274810;EMENDA,LIGA AL,MT ISOL,35-150MM2,D72004.;UN;MATERIAL GERAL FEFO;274810.jpg
274880;LUVA,EMENDA COMPRES,CU,70MM2,D72010;UN;MATERIAL GERAL;274880.jpg
274884;PRENSA-CABO,FURO 21MM,CB 6 A 12MM,ET762;UN;CONECTORES;274884.jpg
274898;CONECTOR,PERF,AL,16-95TR,4-35DR,D71053;UN;CONECTORES;274898.jpg
274900;CONECTOR,PERF,AL,25-120TR/DR,D71053;UN;MATERIAL GERAL;274900.jpg
274902;CONECTOR,CUN,AL,477-556/315TR/DR,ET710;UN;CONECTORES;274902.jpg
274903;CONECTOR,CUN,BIM,MOD.I,D71039;PC;CONECTORES;274903.jpg
274904;CONECTOR,CUN,BIM,MOD.II,D71039;UN;CONECTORES;274904.jpg
274920;CONECTOR,CUN,BIM,MOD.VI,D71039;PC;CONECTORES;274920.jpg
274921;CONECTOR,CUN,BIM,MOD.VII,D71039;UN;CONECTORES;274921.jpg
274938;CONECTOR,PARAL,CU,2X 70MM2,2P,D71026;UN;CONECTORES;274938.jpg
274963;CONEC.COMPR.H AL/AL-AL/CU-DED-1451 I2;PC;CONECTORES;274963.jpg
274964;CONEC.COMPR.H AL/AL-AL/CU-DED-1451 I3;PC;CONECTORES;274964.jpg
274965;CONEC., COMPR H AL/AL-AL/CU DED-1451 I.4;PC;CONECTORES;274965.jpg
274966;CONEC, COMPR H AL/AL-AL/CU DED-1451 I9;PC;CONECTORES;274966.jpg
274967;CONECTOR PERFURANTE, DED-1851 I1 R3;PC;CONECTORES;274967.jpg
274968;CONECTOR PERFURANTE, DED-1851 I.2 R.3;PC;CONECTORES;274968.jpg
274969;CONECTOR PERFURANTE, DED-1851 I4 R3;PC;CONECTORES;274969.jpg
274970;TERMINAL EXT UNIP 35 MM² -70MM² GSCC005;PC;MATERIAL GERAL;274970.jpg
274971;TERMINAL,INT,12/20kV,35MM2-70MM2,GSCC;PC;MATERIAL GERAL;274971.jpg
274972;CONECTOR PARAF. FENDIDO,DED-1845 I.4;PC;CONECTORES;274972.jpg
274973;LUVA EMEN. TENSÃO COND. CA DED-0109 I.1;PC;MATERIAL GERAL;274973.jpg
274974;LUVA EMEN. TENSÃO COND. CA, DED-0109 I.2;PC;MATERIAL GERAL;274974.jpg
274975;LUVA EMEN. TENSÃO COND. CA, DED-0109 I3;PC;MATERIAL GERAL;274975.jpg
274976;LUVA REPARO COND.CA1/0 AWG, DED-0112 I.2;PC;MATERIAL GERAL;274976.jpg
274977;LUVA REPARO COND.CA4/0AWG, DED-0112 I.3;PC;MATERIAL GERAL;274977.jpg
274978;LUVA REPARO COND.CA336,4MCM DED-0112 I.4;PC;MATERIAL GERAL;274978.jpg
274980;LUVA EMEN. TENSÃO COND. CA, DED-0109 I.4;PC;MATERIAL GERAL;274980.jpg
274981;LUVA REPARO COND. CA 2 AWG, DED-0112 I.1;PC;MATERIAL GERAL;274981.jpg
274982;LUVA EMEN. SEM TENSÃO, DED-0111 I.1;PC;MATERIAL GERAL;274982.jpg
274984;LUVA EMEND.TENSÃOCAA 4AWGDED-1793I1R4;PC;MATERIAL GERAL;274984.jpg
274985;CONECTOR TERM. P/ COND. CU,DDT-1761 I.2;PC;CONECTORES;274985.jpg
274986;PROTETOR BUCHA 15KV RD COMPACTA,DED-1782;PC;MATERIAL GERAL;274986.jpg
274987;CONEC.CUN.AZULD=8,23-12,70DED-1786 I2;PC;CONECTORES;274987.jpg
274988;CONEC.CUN.AZULD=15,24-17,37DED-1786 I3;PC;CONECTORES;274988.jpg
274989;CONEC,CUNHA DERIV.II/VERDE DED-1786 I7;PC;CONECTORES;274989.jpg
274991;COBERTURA EMENDA  CB COBERTO RC DED 1901;PC;MATERIAL GERAL;274991.jpg
274992;ESTRIBO RAMAL DE SERVIÇO DED-1707;PC;MATERIAL GERAL;274992.jpg
274994;CONECTOR TERM. P/ COND. AL, DED-0105 I.1;PC;CONECTORES;274994.jpg
274995;CONECTOR TERM. P/ COND. AL, DED-0105 I.4;PC;CONECTORES;274995.jpg
274996;CONEC.CUN.DERIV.A/VIOLETA-DED-1786 I1;PC;CONECTORES;274996.jpg
274997;CONEC.CUN.DERIV. B-LARANJA - DED-1786 I2;PC;CONECTORES;274997.jpg
274998;CONEC.CUNHA DERIV. C-MARRON, DED-1786 I3;PC;CONECTORES;274998.jpg
274999;CONEC.CUNHA DERIV. D-BRANCA, DED-1786 I4;PC;CONECTORES;274999.jpg
275000;CONEC.CUNHA DERIV. I-CINZA DED-1786 I6;PC;CONECTORES;275000.jpg
275002;CONEC.CUN.DERI.VI-BRAN/AZUL DED-1786 I9;PC;CONECTORES;275002.jpg
275003;CONEC.CUN.DERIV.VII-BRN/VERM.DED1786 I10;PC;CONECTORES;275003.jpg
275008;LUVA EMEN. COND. COBRE, DED-1833 I.6;PC;MATERIAL GERAL;275008.jpg
275009;ABRACADEIRA, NYLON COMPRIMENTO 390MM, T;PC;MATERIAL GERAL;275009.jpg
275010;ABRAÇADEIRA NYLON 760mm DDT-1750 I.5;PC;MATERIAL GERAL;275010.jpg
275011;ABRAÇADEIRA NYLON 1094mm DDT-1750 I6;PC;MATERIAL GERAL;275011.jpg
275013;CAPA ISOL.CONEC.CUNHA DERIV.DED-1788 I.1;PC;MATERIAL GERAL;275013.jpg
275014;CAPA ISOL.CONEC.CUNHA DERIV.DED-1788 I.2;PC;MATERIAL GERAL;275014.jpg
275019;LAÇO MENS AÇO GALV 7,9MM RCDED-1772I1R1;PC;MATERIAL GERAL;275019.jpg
275020;ESTRIBO P/ESPAÇADOR LOSANG RC, DED-1779;PC;MATERIAL GERAL;275020.jpg
275026;ABRAÇADEIRA NYLON 203mm DDT-1750 I.3;PC;MATERIAL GERAL;275026.jpg
275028;CONEC.CUNH.DERIV.L-CINZA/AZUL DED1786 I5;PC;CONECTORES;275028.jpg
275029;EMENDA RETA,CB MT,AL 185MM-PM2031R2;PC;MATERIAL GERAL FEFO;275029.jpg
275031;TERMINAL DESC.15/25KV 200 A PM-2032 I1;UN;CONECTORES;275031.jpg
275035;CONECTOR DER. P/ CORD. CU DQN-2045 I.4.;PC;MATERIAL GERAL;275035.jpg
275040;TERMINAL EXT UNIP 95 MM² -240MM² GSCC005;PC;CONECTORES;275040.jpg
275057;CARTUCHO APL. CONECTOR CUNHA AZUL;PC;MATERIAL GERAL;275057.jpg
275058;CARTUCHO APL. CONECTOR CUNHA VERMELHO;PC;MATERIAL GERAL;275058.jpg
275059;LUVA EMEND.TENSÃOCAA1/0AWGDED-1793I2R4;PC;MATERIAL GERAL;275059.jpg
275061;ABRAÇADEIRA P/CB POTENCIA-DED-1857;PC;MATERIAL GERAL;275061.jpg
275062;CONEC,COMPR H AL/AL-AL/CU DED-1451 I10R4;PC;MATERIAL GERAL;275062.jpg
275063;LIMITADOR CARGA MONO4AREP AUTOPM-2172;PC;MATERIAL GERAL;275063.jpg
275065;CONEC PERF ISOLCB 16-95/4-35MMDED1851;PC;CONECTORES;275065.jpg
275066;CONEC PERF ISOLCB16-150/1,5-6MMDED1851;PC;CONECTORES;275066.jpg
275068;LUVA EMENDA ISOLCB AL BT 35MMPM2176 I1;PC;MATERIAL GERAL;275068.jpg
275069;LUVA EMENDA ISOLCB AL BT 50MMPM2176 I2;PC;MATERIAL GERAL;275069.jpg
275070;LUVA,EMEND,ISOL,LA,BT,50MM2,PM-R720.24.0;PC;MATERIAL GERAL;275070.jpg
275071;LUVA EMENDA ISOLCB AL BT 70MMPM2176 I5;PC;MATERIAL GERAL;275071.jpg
275072;LUVA EMENDA ISOLCB AL BT 95MMPM2176 I6;PC;MATERIAL GERAL;275072.jpg
275073;LUVA EMENDA ISOLCB AL BT150MMPM2176 I7;PC;MATERIAL GERAL;275073.jpg
275074;ABRAÇADEIRA DE NYLON 108MM PTA. 200 PC;PC;MATERIAL GERAL;275074.jpg
275075;ABRAÇADEIRA NYLON 155mm DDT-1750 I.2    ;PC;MATERIAL GERAL;275075.jpg
275076;ESTRIBO,GLV,C.CUN,16-35CU,4-2AL,D71071;UN;CONECTORES;275076.jpg
275077;CONECTOR CUNHA AZUL D=6,53-8 DED-1867 I1 ;PC;CONECTORES;275077.jpg
275078;CONEC,CUN.DERV.UNIF.VRM/AZ/AMDED-1786I8;PC;CONECTORES;275078.jpg
275079;CONEC TERM COMPR P/MEDCBH 16,0DQN-2092;PC;CONECTORES;275079.jpg
275080;TAMPÃO REDCX REDE SUBTERRAN-PM2185 - R1;PC;FERRAGEM;275080.jpg
275082;CONECT CUNHA VERM D=6-53-10-11 PM1867I4;PC;CONECTORES;275082.jpg
275083;CONECTOR CUNHA VERMELHA 35MM - 6,53A10,11;PC;CONECTORES;275083.jpg
275084;CONEC.CUN.AZLD=8,23-12,70DED-1867 I6;PC;CONECTORES;275084.jpg
275085;ESTRIBO-BARRA CHATA-PM 2194 R0;UN;MATERIAL GERAL;275085.jpg
275087;CONECT. ELETR. C/ ESTRIBO PT-40B EN RP;PC;CONECTORES;275087.jpg
275089;CONECT DERIV COMPR-COND CU-PM-2202 I1 R0;PC;MATERIAL GERAL;275089.jpg
275090;CONECTOR DERIV COMPR-COND CU-PM-2202 I2 R0;PC;CONECTORES;275090.jpg
275091;CONECTOR DERIV. COMPR COND PM - 22021 3R0;PC;CONECTORES;275091.jpg
275092;CONEC,COMP,C,CU,P:120,D:16-70,D780.13;PZ;CONECTORES;275092.jpg
275093;CONECTOR DERIV COMPR,COND CU,PM-2202I5R0;PC;CONECTORES;275093.jpg
275097;ESTRIBO RAMAL P/CH FUSIVEL DED-1707I2R3;PC;FERRAGEM;275097.jpg
275100;TERMINAL ALUMINIO HASTE CILIND 180 2 FUROS;PC;MATERIAL GERAL;275100.jpg
275101;CARTUCHO CONEC.CUNHA-METAL-AZUL-PM2160I3;PC;MATERIAL GERAL ESPECIAL;275101.jpg
275102;CARTUCHO CONEC.CUNHA-METAL-VERM-PM2160I4;PC;MATERIAL GERAL ESPECIAL;275102.jpg
275104;CONECTOR TERM COMPR,AL,CA 2AWG-PM222;PC;CONECTORES;275104.jpg
275105;CONECTOR TERM COMPR-AL-70MM2-PM2223 I6;PC;CONECTORES;275105.jpg
275109;TERMINAL EXT UNIP CB AL/CU400MMýPM2030I7;PC;MATERIAL GERAL;275109.jpg
275115;TERMINAL TUBULAR METRICO 1F 2C TM-25-L;PC;MATERIAL GERAL;275115.jpg
275116;CONECTOR ADAPT. 6mm-CONDUT AL-PM2233I1;PC;CONECTORES;275116.jpg
275133;CAPA CONECTOR CUNHA 15KV CAPA PEQUENA (CADC-100);PC;CONECTORES;275133.jpg
275134;LUVA EMENDA TENSAO COND,AL 25MM²PM0109I1;PC;MATERIAL GERAL;275134.jpg
275138;CONECTOR TERM COMPR,AL,AAAC25MM-PM22;PC;CONECTORES;275138.jpg
275139;CONECTOR TERM COMPR,AAAC160MM-PM2223I10;PC;CONECTORES;275139.jpg
275143;TERMINAL EXT UNIP 630MM² GSCC005;PZ;CONECTORES;275143.jpg
275153;CONECTOR CUNHA,CB50MM²+CARACT.PM1867;PC;MATERIAL GERAL;275153.jpg
275154;CONECTOR CUNHA,CB95MMý+CARACT.PM1867    ;PC;MATERIAL GERAL;275154.jpg
275155;CONECTOR CUNHA,CB150MMý+CARACT.PM1867   ;PC;MATERIAL GERAL;275155.jpg
275156;CAPA PROTET-CONECT CUNHA DERIV-PM2249I1;PC;MATERIAL GERAL;275156.jpg
275157;CONECTOR TERM-COND AL 35MM-PM2251I1R0;PC;MATERIAL GERAL;275157.jpg
275158;CONECTOR TERM-COND AL 50MM-PM2251I2R0;PC;CONECTORES;275158.jpg
275168;TERMINAL DESC.15/25KV 200A,PM-2032 I2;UN;CONECTORES;275168.jpg
275169;CONEC.CUN,ESTRIBO,C70,A1/0,SP70,D71071;PC;MATERIAL GERAL;275169.jpg
275170;CONECTOR ADAP,CONDUT AL 10mm PM2233I2;PC;CONECTORES;275170.jpg
275171;CONECTOR ADAP. 16mm-CONDUT AL-PM2233I3;PC;CONECTORES;275171.jpg
275176;CONECTOR,TERM,BIM,C35,A2AWG,ET710;UN;CONECTORES;275176.jpg
275177;CONECTOR ADAPT. 6mm-CONDUT AL-PM2233I4;PC;CONECTORES;275177.jpg
275178;CONECTOR ADAPT. 10mm-CONDUT AL-PM2233I5;PC;CONECTORES;275178.jpg
275179;CONECTOR ADAPT. 16mm-CONDUT AL-PM2233I6;PC;CONECTORES;275179.jpg
275185;CONECTOR CARA NT ATERRAMENTO;UN;CONECTORES;275185.jpg
275202;CONECTOR DERIV.CUNHA (AL) CADC-352 C/ CARTUCHO;PC;CONECTORES;275202.jpg
275203;CONECTOR  DERIV. CUNHA (AL) CADC-407 ;PC;CONECTORES;275203.jpg
275210;CONEC,PARAL,AL,336.4 MCM/200MM²,D710.;PC;MATERIAL GERAL;275210.jpg
275212;CONEC,PARAL,AL,795 MCM/500MM²;PC;MATERIAL GERAL;275212.jpg
275213;PRENSA-FIOS,CORDOALHA,AZ,6-10MM,D762.03;PC;MATERIAL GERAL;275213.jpg
275241;CONEC,ATERR,16-70MM2,D710.25;PC;MATERIAL GERAL;275241.jpg
275274;CONECTOR,TERM,PINO,1X35-240,M16;PC;TELECONTROLE;275274.jpg
275282;CONECTOR,TERM,TORQ,BIM,35MM2,1F,D710;PC;CONECTORES;275282.jpg
275284;TERMINAL,INT,12/20kV,95-240MM2,GSCC-005;PC;MATERIAL GERAL;275284.jpg
275287;TERMINAL DESC RETO 12/20KV 250A GSCC006;UN;CONECTORES;275287.jpg
275291;TERMINAL DESC COT 12/20KV 400A CB 185MM²;UN;CONECTORES;275291.jpg
275297;TERM,EXT,95- 240MM², 18/30KV,GSCC005/4;UN;CONECTORES;275297.jpg
275310;EMENDA,AUTOM,AL,5.82-8.64MM,D72014;PZ;CONECTORES;275310.jpg
275311;EMENDA,AUTOM,AL,9.27-12.07MM,D72014;PZ;CONECTORES;275311.jpg
275312;EMENDA,AUTOM,AL,12.75-14.86MM,D72014;PZ;CONECTORES;275312.jpg
275313;EMENDA,AUTOM,AL,14.73-18-.39MM,D72014;PZ;CONECTORES;275313.jpg
275356;CONEC.CUN,ESTRIBO,A4/0,SP150,D71071;UN;CONECTORES;275356.jpg
275358;CONECTOR, DERIV CUNHA, AL AZ SOMADI;UN;CONECTORES;275358.jpg
275362;CONEC,COMP,C,CU,P:35-70,D:16-70,D78013;UN;MATERIAL GERAL;275362.jpg
275364;CONEC,CUN,AL,I6,D=28.70-24,28MM,D7105;PC;MATERIAL GERAL;275364.jpg
275377;CONEC,COMPR,C,CU,P:25-35,D:16-25,D780.13;UN;CONECTORES;275377.jpg
275475;PROTETOR DE PARA-RAIOS,PM-BR780.04;UN;MATERIAL GERAL;275475.jpg
275620;PROTETOR, EQUIPAMENTO, BUCHA DE TRA;UN;FERRAGEM;275620.jpg
275628;CONECTOR, DERIV COMPRESSAO, TIPO H;UN;CONECTORES;275628.jpg
275629;CONECTOR, DERIV COMPRESSAO, TIPO H;UN;CONECTORES;275629.jpg
275630;CONECTOR, DERIV COMPRESSAO, TIPO H;UN;CONECTORES;275630.jpg
275694;CONEC,PERF,AL-CU,16-95TR,4-35DR,GSCC0;PC;MATERIAL GERAL;275694.jpg
275695;CONEC,PERF,AL-CU,25-120TR/DR,GSCC020;PZ;CONECTORES;275695.jpg
275700;INFLADOR, LUVAS DE BORRACHA, BOMBA;UN;FERRAMENTAS;275700.jpg
275722;LUVA EMEND LGTRAÇÃO TOTAL370MMCAA2AWG;PC;MATERIAL GERAL;275722.jpg
275877;TERMINAL,COMUNICACAO, 3G;PC;MATERIAL GERAL;275877.jpg
275878;KIT SUP POST/PAR P/FK-CEO 4M/4T ACO INOX;UN;FERRAMENTAS;275878.jpg
275892;LIMITADOR CARGA MONO2AREP AUTOPM-2172;PC;CONECTORES;275892.jpg
275895;CONECTOR PERF. LIMITADOR CORRENTE 3A;PC;MATERIAL GERAL;275895.jpg
275897;COBERTURA ISOL PROT 25KV 3,5MM 200X400MM;UN;FERRAMENTAS;275897.jpg
276520;KIT ABRAÇADEIRA,(GRAMPO KIT);UN;FERRAMENTAS;276520.jpg
276656;EMENDA AUTOMÁTICA PARA CONDUTORES DE COB;PZ;CONECTORES;276656.jpg
276661;CONEC,PERF,AL-CU,35-150TR/DR,GSCC020;PC;CONECTORES;276661.jpg
276662;CONECPERF,AL-CU,50-150TR,6-54,6DR,GSCC20;PZ;CONECTORES;276662.jpg
276672;CONEC,PERF,AL-CU,16-150TR,1,5-6DR,GSCC20;PZ;CONECTORES;276672.jpg
276682;EMENDA,AUTOM,CU,8.63-9.77MM,D72014;PZ;CONECTORES;276682.jpg
276683;EMENDA,AUTOM,CU,5.79-6.73MM,D72014;PZ;CONECTORES;276683.jpg
276684;EMENDA,AUTOM,CU,10.10-10.66MM,D72014;PZ;CONECTORES;276684.jpg
280046;CX MEDIDOR POLIF.C/VISORPM-2093;PC;CAIXAS;280046.jpg
280047;CAIXA P/MEDIDOR MONOF.C/VISOR - DQN-2150;PC;CAIXAS;280047.jpg
280048;CX.P/MEDIDOR POLIF.200A - DQN-2149;PC;CAIXAS;280048.jpg
280051;CX DISJ BT 100APM-1759 I1;PC;MATERIAL GERAL;280051.jpg
280052;CX MEDIDOR MONOFÁSICODED-1946;PC;CAIXAS;280052.jpg
280053;CX MEDIDOR POLIFÁSICODED-1943;PC;CAIXAS;280053.jpg
280055;CAIXA,POLIC,MED MONOF,TRAVA,D19026;UN;CAIXAS;280055.jpg
280056;CAIXA,POLIC,MED POLIF,TRAVA,D19026;UN;CAIXAS;280056.jpg
280057;ADAPTADOR-CX.MEDIDOR- DED-1795 I2 R3;PC;FERRAGEM;280057.jpg
280059;CAIXA-INDICADOR DE LEITURA- PM2215;PC;CAIXAS;280059.jpg
280063;CAIXA INDICAD LEITUR CONSUM ENERG-PM2240;PC;CAIXAS;280063.jpg
280064;CAIXA IND LEITURA CONSUM ENERG-I2 PM2240;PC;CAIXAS;280064.jpg
300030;ISOLADOR,POST,PIN.CURT,36kV,GSCC010/18;UN;ISOLADORES;300030.jpg
300032;ISOLADOR,POST,PIN.CURT,17,5kV,GSCC010/16;UN;ISOLADORES;300032.jpg
300038;MAT-OMBR-NOM-22-1544-EDBR - Suporte para;EA;FERRAMENTAS;300038.jpg
300206;ISOLADOR PINO POLIMERICO,15KV,PM1768I1;EA;ISOLADORES;300206.jpg
300583;ISOLADOR,VIDRO,ZN,D=254MM,PS146MM,120KN.;PC;ISOLADORES;300583.jpg
300586;ISOLADOR PILAR POLIMÉRICO 36 kV-GSCC010;PC;ISOLADORES;300586.jpg
300589;ISOLADOR PILAR,15KV P/AMB.AGRES.DED-1798;PC;ISOLADORES;300589.jpg
300590;ISOLADOR PILAR PORC P/ AMB  AGR DED-1798;PC;ISOLADORES;300590.jpg
300597;ISOL SUP,CH FUS 300MM ESCOAM,PM-2198;PC;ISOLADORES;300597.jpg
300616;ISOL,SUP MACIÇO,POLIM,15KV,SE,D50052;UN;ISOLADORES;300616.jpg
300644;ISOL,PILAR,HIBR,24kV,560MM,PINO-GSCC010;PC;ISOLADORES;300644.jpg
300647;ISOLADOR,ROLDANA,PORC,79X76,D500.54.0;PC;ISOLADORES;300647.jpg
300648;ISOL,SUSP,CS 120 SB-325-2250,GSCH004/2;PC;ISOLADORES;300648.jpg
300653;ISOL,15KVPINOPORCELDED-0063 R.4;PC;ISOLADORES;300653.jpg
300655;ISOLADOR ROLDANA, PORCELANA DED-0064 R5;PC;ISOLADORES;300655.jpg
300657;ISOL,15KVPINO ANTI-POLUICAO,DED-0295 R3;PC;ISOLADORES;300657.jpg
300662;ISOLADOR POLIM PILAR HIBR,24kV,GSCC01;PC;ISOLADORES;300662.jpg
300670;ISOL,PINO,POLIM,35KV,SPACER,EMT010;PC;ISOLADORES;300670.jpg
300699;ISOL PIN POLIM 35KV LINHA FUGA PROTEGIDA;PC;ISOLADORES;300699.jpg
300714;ISOLADOR POLI PILAR,FUG PRO,36kV,GSCC010;PZ;ISOLADORES;300714.jpg
300840;ISOL,PIL,LP,72,5KV,POSTE CIRC,D500.61.1;CJT;ISOLADORES;300840.jpg
300853;ISOLADOR ANCOR POLIM 13,8 KV DED-1767 R2;PC;ISOLADORES;300853.jpg
300854;ISOLADOR,PINO,POLI,15KV,25MM,PM-BR500.22;PC;ISOLADORES;300854.jpg
300927;COBERTURA P/ ISOLADOR DE PINO PM2271 R.0;UN;FERRAMENTAS;300927.jpg
300941;ISOL, SUP MAC, POLIM, 145KV,SE,D50051;PC;ISOLADORES;300941.jpg
310050;DETECTOR PESSOAL,MT.5-36,2KV-ET-HS-317;EA;FERRAMENTAS;310050.jpg
310434;COND LIGA AL NU ENGRAX AAAC50MM²PM2231I2;KG;CABO;310434.jpg
310513;CABO,NU,CAA,795MCM,DRAKE,B,D21102.1;KG;CABO;310513.jpg
310515;CB, ELETR AL NU CAA 336,4MCM 26/7 FIOS;KG;CABO;310515.jpg
310527;CORDOALHA AÇO ZINC, 9,5MM,PR,PMA212.03.0;KG;CABO;310527.jpg
310530;FIO E CABO, AL NU S/ALMA ACO DIVERSOS TI;KG;COND.ALUM.NÚ.CA.SUCATA [S/ALMA];310530.jpg
310535;CABO CAA 266,8 GALV B PARTRIDGE PM1955I4;KG;CABO;310535.jpg
310539;COND LIGA AL NU ENGRAX AAAC160MMPM2231I4;KG;CABO;310539.jpg
310551;CABO,ACO-CU,ATERR,6MM²,D805.02;KG;CONDUTOR DE COBRE;310551.jpg
310552;CABO,ACO-CU,ATERR,35MM²,D80502;KG;CONDUTOR DE COBRE;310552.jpg
310566;CABO,CU NU, 25MM2,7F,MEIO-DURO,GSC003;KG;CONDUTOR DE COBRE;310566.jpg
310567;CABO COBRE NU 35MM2 M DURA CL2A;KG;CONDUTOR DE COBRE;310567.jpg
310568;CABO,CU NU, 70MM2,19F,MEIO-DURO,GSC00;KG;CONDUTOR DE COBRE;310568.jpg
310571;CABO,ACO-CU,ATERR,16MM²,D805.02;KG;CABO;310571.jpg
310582;CABO,CU BLINDCONTROLE 4X4MM2ET206.2;UN;CABO;310582.jpg
310590;CABO,CONCENCU0,6/1KV2X10MM2EBT003.3;MT;CONDUTOR DE COBRE;310590.jpg
310600;CABO AL CA 336,4MCM DED-0057 I3 R6;KG;CABO;310600.jpg
310601;CONDUTOR AL NÚ CA 4/0 AWG DED-0057 I3 R4;KG;CABO;310601.jpg
310602;CABO AL NÚ CA 1/0 AWG DED-0057 I2 R6;KG;CABO;310602.jpg
310603;CABO AL NÚ CA 2 AWG DED-0057 I1 R6;KG;CABO;310603.jpg
310604;COND AL NÚ CAA 4AWG DQN-1955 I1 R3;KG;CABO;310604.jpg
310605;COND AL NU CAA 1/0AWG DQN-1955 I2 R3;KG;CABO;310605.jpg
310609;COND CU NU16MM²7 FIOSDED-1846 I4 R5;KG;CONDUTOR DE COBRE;310609.jpg
310611;COND CU NU25MM²7 FIOSDED-1846 I5 R5;KG;CONDUTOR DE COBRE;310611.jpg
310612;CORDOALHA AÇO ZINC.9,5MM, DED-1903 I2 R2;MT;CABO;310612.jpg
310621;CONDUTOR AÇO COBREAD-7F-B=35MM²-PM2181I4;MT;CABO;310621.jpg
310633;COND LIGA AL NU ENGRAX AAAC70MM²PM223113;KG;CABO;310633.jpg
310635;CONDUTOR AÇO COBREADO-6MM²-PM-2181 I1;MT;CABO;310635.jpg
310636;CONDUTOR LIGA ALUMINIU NU ENGR.;KG;CABO;310636.jpg
310648;EMENDA,RET,CONTR,24KV,400-630MM2,GSCC4/1;PZ;CONECTORES;310648.jpg
310651;CABO AL-GALV A 4/0 CAA-PENGUIN PM1955 I5;KG;CABO;310651.jpg
310652;CABO,NU,CAA,266MCM,PARTRIDGE,A,D21102.1;KG;CABO;310652.jpg
310653;CONDUTOR LIGA AL 25MM-AAAC-7F-PM2231I1;KG;CABO;310653.jpg
310654;CONDUTOR LIGA AL 50MM-AAAC-7F-PM2231I2;KG;CABO;310654.jpg
310733;CABO, ELETRICO ISOL POTENCIA, COBRE(SUC);M;SUCATA;310733.jpg
310736;CABO, ELETRICO NU AL CA, 4 AWG RO(SUC);KG;COND.ALUM.NÚ.CA.SUCATA [S/ALMA];310736.jpg
310744;CABO, ELETRICO NU AL CAA, 1/0 AWG (SUC);KG;COND.ALUM.NÚ.CAA.SUCATA [C/ALMA];310744.jpg
310745;CABO, ELETRICO NU AL CAA, 2/0 AWG (SUC);KG;COND.ALUM.NÚ.CAA.SUCATA [C/ALMA];310745.jpg
310761;FIO, ALUMINIO COBERTO PARA AMARRACA(SUC);M;COND.ALUM.ISOLADO.SUCATA;310761.jpg
310773;CABO,PR,OPGW,D13,4MM,SM36,ETA210;MT;CABO;310773.jpg
310774;CABO,NU,CAA,134MCM,LEGHORN,B,D21102.2;KG;CABO;310774.jpg
310777;CORDOALHA,AÇO,7,9MM,7F,MR,D21203.0;KG;CABO;310777.jpg
310778;CORDOALHA,AÇO,9,5MM,7F,MR,D21203.0;KG;CABO;310778.jpg
310789;CABO AL NÚ CA 2 AWG - SUCATA;M;COND.ALUM.NÚ.CA.SUCATA [S/ALMA];310789.jpg
310790;CONDALNÚCAA4AWG - SUCATA;KG;COND.ALUM.NÚ.CAA.SUCATA [C/ALMA];310790.jpg
310791;CONDCUNU,35MM²,7FIOS - SUCATA;KG;COND.CU.NÚ.SUCATA;310791.jpg
310792;CONDALNUCAA1/0AWG - SUCATA;KG;COND.ALUM.NÚ.CAA.SUCATA [C/ALMA];310792.jpg
310793;CONDCUNU,70MM²,19FIOS - SUCATA;KG;COND.CU.NÚ.SUCATA;310793.jpg
310795;CABO AL NÚ CA 1/0 AWG - SUCATA;KG;COND.ALUM.NÚ.CA.SUCATA [S/ALMA];310795.jpg
310796;CABO AL CA 336,4MCM - SUCATA;KG;COND.ALUM.NÚ.CA.SUCATA [S/ALMA];310796.jpg
310805;CABO,CU NU, 25MM2,7F,MEIO-DURO,SUCATA;KG;COND.CU.NÚ.SUCATA;310805.jpg
310806;CABO,CU NU, 35MM2,7F,MEIO-DURO,SUCATA;KG;COND.CU.NÚ.SUCATA;310806.jpg
310825;CABO,CU NU, 70MM2,19F,MEIO-DURO,SUCATA;KG;COND.CU.NÚ.SUCATA;310825.jpg
310834;CABO,POT,UNIP,AL,8.7/15KV, 50MM2,SUCATA;M;COND.ALUM.ISOLADO.SUCATA;310834.jpg
310835;CABO,NU CA, 2AWG,7F,IRIS,SUCATA;KG;COND.ALUM.NÚ.CA.SUCATA [S/ALMA];310835.jpg
310837;CABO,NU CA, 1/0AWG,7F,POPPY,SUCATA;KG;COND.ALUM.NÚ.CA.SUCATA [S/ALMA];310837.jpg
310838;CABO,NU CAA, 4AWG,6/1F,SWAN,SUCATA;KG;COND.ALUM.NÚ.CAA.SUCATA [C/ALMA];310838.jpg
310839;COND CU NU,16MM,19F,PM1846-FP-VD.,SUCATA;KG;COND.CU.NÚ.SUCATA;310839.jpg
310840;COND CU NU,16MM²,7 FIOS,PM-1846 I,SUCATA;KG;COND.CU.NÚ.SUCATA;310840.jpg
310841;COND CU NU 10MM²,1 FIO,PM-1846 I2,SUCATA;KG;COND.CU.NÚ.SUCATA;310841.jpg
310842;CB,NU,CAA,336MCM,LINNET,B,D21102,SUCATA;KG;COND.ALUM.NÚ.CAA.SUCATA [C/ALMA];310842.jpg
310843;CONDOR AL NÚ CA 4/0 AWG DED-0057 ,SUCATA;KG;COND.ALUM.NÚ.CA.SUCATA [S/ALMA];310843.jpg
310844;COND AL NÚ CAA 4AWG PM-1955 I1 R4,SUCATA;KG;COND.ALUM.NÚ.CAA.SUCATA [C/ALMA];310844.jpg
310845;COND AL NU CAA 1/0AWG PM-1955 I2 ,SUCATA;KG;COND.ALUM.NÚ.CAA.SUCATA [C/ALMA];310845.jpg
310847;COND LIGA AL NU ENGRAX AAAC50MM²,SUCATA;KG;COND.ALUM.NÚ.CA.SUCATA [S/ALMA];310847.jpg
310848;COND LIGA AL NU ENGRAX AAAC25MM,SUCATA;KG;COND.ALUM.NÚ.CA.SUCATA [S/ALMA];310848.jpg
310849;CB DE ALUM NU CAA A 4/0 I5 211.0,SUCATA;KG;COND.ALUM.NÚ.CAA.SUCATA [C/ALMA];310849.jpg
310850;CONDOR LIGA AL 25MM-AAAC-7F-PM223,SUCATA;KG;COND.ALUM.NÚ.CAA.SUCATA [C/ALMA];310850.jpg
310851;CONDOR LIGA AL 50MM-AAAC-7F-PM223,SUCATA;KG;SUCATA;310851.jpg
310856;CABO,NU,CAA,336MCM,LINNET,A,SUCATA;KG;COND.ALUM.NÚ.CAA.SUCATA [C/ALMA];310856.jpg
310863;CABO, ELÉTRICO DE COBRE NÚ 2AWG, SUCATA;KG;SUCATA;310863.jpg
310869;CHAVE, FACA DISTRIB, 34.5KV,UNIP,63;UN;CHAVES;310869.jpg
310906;CORDOALHA,ACO,ZINC,A,9,5MM,7F,AR,D212.03;M;CABO;310906.jpg
310949;COND CU NU,120MM²,37FIOS,PM-1846 I8 R8;KG;COND.CU.NÚ.SUCATA;310949.jpg
311090;TUBO,AL,2.1/2POL,6M,SCHEDULE-40,PM2245.0;M;FERRAGEM;311090.jpg
311105;COND LIGA AL NU ENGRAX AAAC160MM,SUCATA;KG;COND.ALUM.NÚ.CA.SUCATA [S/ALMA];311105.jpg
311121;TUBO,AL,8POL,6M,SCHEDULE-40,PM-BR 211.10;PZ;FERRAGEM;311121.jpg
311122;TUBO,AL,6POL,6M,SCHEDULE-40,PM-BR 211.10;PZ;FERRAGEM;311122.jpg
330287;CABO,CONCENTR,0.6/1.0,1x16+10C,GSCC014/3, SUC;M;COND.ALUM.ISOLADO.SUCATA;330287.jpg
330324;CABO,CONCENTR,0.6/1.0,1X16+16A,D230.10;M;CABO;330324.jpg
330325;CABO,CONCENTR,0.6/1.0,1x10+10A,D230.10;M;CABO;330325.jpg
330685;CABO BT PRE-REUN AL 3X50+50,GSCC009/43;M;CABO;330685.jpg
330686;CABO BT PRE-REUN AL 3X25+25,GSCC009/42;M;CABO;330686.jpg
330689;CABO BT PRE-REUN AL 2X16+16,GSCC009/39;M;CABO;330689.jpg
330699;CABO BT PRE-REUN AL 3X35+35,GSCC009/31;M;CABO;330699.jpg
330700;CABO BT PRE-REUN AL 3X70+70,GSCC009/30;M;CABO;330700.jpg
330701;CABO BT PRE-REUN AL 3X120+70,GSCC009/29;M;CABO;330701.jpg
330724;CB PRE-REU 0,6/1KV CU 3X10+10 DED1797 I5;MT;CONDUTOR DE COBRE;330724.jpg
330725;CB AL 50MM² PROTMTXLPE 15KVDED1762I2;MT;CABO;330725.jpg
330728;CONDUT CU ISOL 750V 6MM² DED1843 I4 R3;MT;CONDUTOR DE COBRE;330728.jpg
330729;CONDUT CU ISOL 750V 10MM² DED1843 I5 R3;MT;CABO ESPECIAL;330729.jpg
330730;CB PRE-REU AL3X95+70MM²-8,7/15KV DED1931;MT;CABO;330730.jpg
330731;CB PRE-REU AL 3X35+50MM²8,7/15KV DED1931;MT;CABO;330731.jpg
330738;CB AL 35MM² PROTMTXLPE 15KVDED1762I1;MT;CABO;330738.jpg
330766;CABO,CU ISOL,XLPE/EPR,0,6/1KV,240MM2,D20;M;CONDUTOR DE COBRE;330766.jpg
330767;FIO, AL P/AMARRAÇÃO 4 AWG DED0076 I2 R3;KG;CABO ESPECIAL;330767.jpg
330768;FIO AL P/AMARRACAO 6AWG-DED-0076 I1 R3;KG;CABO ESPECIAL;330768.jpg
330770;FIO AL COBERTOAMARRACAO 4AWGDED-1776;MT;CABO ESPECIAL;330770.jpg
330771;CB PRE-REUN 0,6/1KV AL 3X50+50 DED1982R2;MT;CABO;330771.jpg
330773;CB PRE-REUN 0,6/1KV AL3X150+70 DED1982R2;MT;CABO;330773.jpg
330774;CONDUTOR CONC.BIPOL.6MM²-DED-1722 I2 R5;MT;CABO;330774.jpg
330775;CB.CONCÊNT.TRIP.10MM²-DED-1840-I2-R3.;MT;CABO;330775.jpg
330776;CB PRÉ-REUN 0,6/1KV CU3X95+50-DED1796 I1;MT;CONDUTOR DE COBRE;330776.jpg
330777;CB PRÉ-REU 0,6/1KV CU3x70+50-DED-1796 I2;MT;CONDUTOR DE COBRE;330777.jpg
330778;CB PRÉ-REU 0,6/1KV CU 3X25+25 DED1797 I3;MT;CONDUTOR DE COBRE;330778.jpg
330779;CB PRE-REU 0,6/1KV CU 3X16+16 DED1797 I4;MT;CONDUTOR DE COBRE;330779.jpg
330780;CB PRE-REU 0,6/1KV CU 3X185 DED 1797 I1;MT;CONDUTOR DE COBRE;330780.jpg
330781;CB PRE-REU 0,6/1KV CU 3X120 DED 1797 I2;MT;CONDUTOR DE COBRE;330781.jpg
330782;CONDUTOR DE COBRE ISOLADO-PVC P/750V 2009;MT;CABO ESPECIAL;330782.jpg
330783;CONDUT CU ISOL 750V 1,5MM² DED1843 I1 R3;MT;CONDUTOR DE COBRE;330783.jpg
330784;CB POTÊN UNIP 70MM² 8,7/15KV DED1850 I2;MT;CABO;330784.jpg
330787;CB PRE-REU 0,6/1KV CU 3x35+35 DED1796 I3;MT;CONDUTOR DE COBRE;330787.jpg
330790;CONDUTOR CONC BIP CU 10MM² DED1722 I3 R5;MT;CONDUTOR DE COBRE;330790.jpg
330792;CB POTE MONOP AL 12/20KV 185MM2 DQN 2027;MT;CABO;330792.jpg
330795;CONDUTOR CONC. BIPOL.4MM²-DED-1722 I1 R5;MT;CABO;330795.jpg
330797;CABO CONTROLE C/BLINDAGEM 4X4MM² - PM-2136 I7 R1;MT;CABO;330797.jpg
330798;CB PRE-REUN AL 0,6/1KV 3X35+50 DED1982R2;MT;CABO;330798.jpg
330799;CB PRE-REU CU0,6/1KV3X25+25DED1796 I4;MT;CONDUTOR DE COBRE;330799.jpg
330802;CABO,AL,25KV,SPAC,2CAM,BLQ,185MM2,EMT010;M;CABO;330802.jpg
330810;CABO,POT,UNIP,AL,8.7/15kV,400MM2,GSC0;MT;CABO;330810.jpg
330812;CABO PRE- REUN AL- 3 X 25 + 35MM² - PM-1982I2R6;MT;CABO;330812.jpg
330814;CABO,POT,UNIP,AL,8.7/15kV,240MM2,GSC0018;M;CABO;330814.jpg
330815;CABO CONC BIP AL 10MM²-PM2234 I2;MT;CABO;330815.jpg
330816;CABO CONCENTRICO BIP AL 6MM,PM2234 I1;MT;CABO;330816.jpg
330817;CABO MAXLINK CONC AL 0-6/1KV 1X16+16-0 MM2;MT;CABO;330817.jpg
330823;CABO PRE-REUN AL-2X16+25-PM-1982 I1;MT;CABO;330823.jpg
330854;CABO,BT,AL,XLPE,3x95+1x50,4F,D20801.2;MT;CABO;330854.jpg
330855;CABO,BT,AL,XLPE,3x150+1x70,4F,D20801.2;MT;CABO;330855.jpg
330868;CABO,AL,PROT,XLPE,50MM²,15KV,D21105.0;MT;CABO;330868.jpg
330869;CABO,AL,PROT,XLPE,185MM²,15KV,D21105.0;MT;CABO;330869.jpg
330870;CABO,AL,PROT,XLPE,185MM²,35KV,D21105.1;M;CABO;330870.jpg
330871;CABO,AL,25KV,SPAC,2CAM,BLOQ,50MM2,EMT010;M;CABO;330871.jpg
330880;CABO,ALISOLBTBLIND3X25+25 DESPADRONIZADO;MT;CABO;330880.jpg
330890;CABO,CONCENCU0,6/1KV2X10MM2SUCATA;M;COND.CU.ISOLADO.SUCATA;330890.jpg
330895;CABO CONCENTRICO BIP AL 10MM - SUCATA;M;COND.ALUM.ISOLADO.SUCATA;330895.jpg
330896;CABO CONCENTRICO BIP AL 16MM - SUCATA;M;COND.ALUM.ISOLADO.SUCATA;330896.jpg
330897;CABO PRE-REUN AL,3X150+70MM² - SUCATA;M;COND.ALUM.ISOLADO.SUCATA;330897.jpg
330898;CABO PRE-REUN AL,3X35+50MM² - SUCATA;M;COND.ALUM.ISOLADO.SUCATA;330898.jpg
330899;CABO PRE-REUN AL,3X50+50MM² - SUCATA;M;COND.ALUM.ISOLADO.SUCATA;330899.jpg
330900;CABO PRE-REUN AL,3X95+50MM² - SUCATA;M;COND.ALUM.ISOLADO.SUCATA;330900.jpg
330901;CABO, MT,CU, HEPR,1 X 240,12/20KV.;MT;CONDUTOR DE COBRE;330901.jpg
330902;CBAL185MM²PROT,MT,XLPE,15KV - SUCATA;M;COND.ALUM.ISOLADO.SUCATA;330902.jpg
330903;CBAL35MM²PROT,MT,XLPE15KV - SUCATA;M;COND.ALUM.ISOLADO.SUCATA;330903.jpg
330904;CBAL50MM²PROT,MT,XLPE15KV - SUCATA;M;COND.ALUM.ISOLADO.SUCATA;330904.jpg
330906;CABO CONCENTRICO BIP AL 10MM - SUCATA;M;COND.ALUM.ISOLADO.SUCATA;330906.jpg
330909;CABO,MT,CU,HEPR,1X630,12/20KV,PMA21410.1;MT;CONDUTOR DE COBRE;330909.jpg
330920;CABO,CU ISOL,XLPE,0,6/1KV, 35MM2,SUCATA;M;COND.ALUM.ISOLADO.SUCATA;330920.jpg
330923;CABO,CU ISOL,XLPE,0,6/1KV, 95MM2,SUCATA;M;COND.CU.ISOLADO.SUCATA;330923.jpg
330925;CABO,CU ISOL,XLPE,0,6/1KV,185MM2,SUCATA;M;COND.CU.NÚ.SUCATA;330925.jpg
330937;CABO,POT,PRE-REUN,AL,15-3X 50+50,SUCATA;M;COND.ALUM.ISOLADO.SUCATA;330937.jpg
330938;CABO,POT,PRE-REUN,AL,15-3X 70+50,SUCATA;M;SUCATA;330938.jpg
330943;CABO,NU CAA, 1/0AWG,6/1F,RAVEN,SUCATA;KG;COND.ALUM.NÚ.CAA.SUCATA [C/ALMA];330943.jpg
330946;CABO,PRE-REUN,BT,AL,3X150-1X70,SUCATA;M;COND.ALUM.ISOLADO.SUCATA;330946.jpg
330948;CABO,PRE-REUN,BT,CU,3X10-1X10,SUCATA;M;SUCATA;330948.jpg
330952;CB MULT CU ISOL2X16+16MM 0,6/1KV ,SUCATA;M;SUCATA;330952.jpg
330955;CB PREREU AL3X35+50MM²8,7/15KV,SUCATA;M;COND.ALUM.ISOLADO.SUCATA;330955.jpg
330956;CB CONC TRIP CU 1,5MM²-DED1840-F.,SUCATA;M;COND.CU.ISOLADO.SUCATA;330956.jpg
330957;CB PRE-REUN AL,3X150+70MM²,PM-198,SUCATA;M;COND.ALUM.ISOLADO.SUCATA;330957.jpg
330960;CB PRE-REU 0,6/1KV CU 3X35+35 DED,SUCATA;M;COND.CU.ISOLADO.SUCATA;330960.jpg
330961;CONDOR CONC BIP CU 10MM² DED1722 ,SUCATA;M;SUCATA;330961.jpg
330964;CB,AL,ISOL,185MM²,3F,15KV,D21006.,SUCATA;M;SUCATA;330964.jpg
330967;CB PRE-REUN AL,3X35+50MM²,PM-1982,SUCATA;M;COND.ALUM.ISOLADO.SUCATA;330967.jpg
330968;CB PE-REU AL 3X35+1X50-FP-6779848,SUCATA;M;COND.ALUM.ISOLADO.SUCATA;330968.jpg
330969;CB PRE-REUN AL,2X16+25MM²,PM-1982,SUCATA;M;COND.ALUM.ISOLADO.SUCATA;330969.jpg
330971;COND CU ISOL 750V 6MM² DED1843 I4,SUCATA;M;SUCATA;330971.jpg
330972;CB PRÉ-REU 0,6/1KV CU3X70+50,SUCATA;M;COND.CU.ISOLADO.SUCATA;330972.jpg
330975;CB CONCENTRICO BIP AL 6MM,PM2234 ,SUCATA;M;COND.ALUM.ISOLADO.SUCATA;330975.jpg
330976;CB CONCENTRICO BIP AL 16MM,PM2234,SUCATA;M;COND.ALUM.ISOLADO.SUCATA;330976.jpg
330977;CB PRE-REU AL3X95+70MM²-8,7/15KV,SUCATA;M;COND.ALUM.ISOLADO.SUCATA;330977.jpg
330978;CB,AL,ISOL,70MM²,1F,15KV,D21006.0,SUCATA;M;COND.ALUM.ISOLADO.SUCATA;330978.jpg
330979;CB CU COB 16MMDQN1993-FP.4589331 ,SUCATA;M;COND.CU.ISOLADO.SUCATA;330979.jpg
330980;CB PRE-REUN AL,3X25+35MM²,PM-1982,SUCATA;M;COND.ALUM.ISOLADO.SUCATA;330980.jpg
330982;CABO BT SUBT 1x16 mm² AL. XLPE-GSC002;M;CABO ESPECIAL;330982.jpg
330983;LV UNDERGROUND CABLE 1X240 ALUMINUM COND;M;CABO ESPECIAL;330983.jpg
330984;CABO BT PRE-REUN AL 3X95+54.6,GSCC009/12;MT;CABO;330984.jpg
330986;CABO,POT,CU,8.7/15kV630MM2,BLIN82,D21005;MT;CONDUTOR DE COBRE;330986.jpg
330987;LV UNDERGROUND CABLE 1X150 ALUMINUM COND;M;MATERIAL GERAL;330987.jpg
330988;LV UNDERGROUND CABLE 1X25 ALUMINUM CONDU;M;CABO;330988.jpg
330990;CABO BT PRE-REUN AL 3X150+80,GSCC009/013;MT;CABO;330990.jpg
330991;CABO,AL,PRE-REU,8.7/15KV,3x50+50,GSCC008;M;CABO;330991.jpg
330992;CABO,AL,PR-REU,8.7/15KV,3x150+50,GSCC008;M;CABO;330992.jpg
330993;CABO BT PRE-REUN AL 3X35+54.6,GSCC009;MT;CABO;330993.jpg
330994;CABO BT PRE-REUN AL 3X50+54.6,GSCC009/10;MT;CABO;330994.jpg
330995;CABO BT SUBT 1x70 mm² AL. XLPE-GSC002;M;CABO;330995.jpg
330996;CABO AL PRE-REU8.7/15KV3x95+50GSCC008;MT;CABO;330996.jpg
331095;CB.CONC.TRIP.CU10MM²-DED-1840-FP.SUCATA;M;COND.CU.ISOLADO.SUCATA;331095.jpg
331260;COND CU ISOL 750V 10MM² DED1843,SUCATA;M;COND.CU.ISOLADO.SUCATA;331260.jpg
331275;MV UNDERGROUND SINGLE CORE CABLES 95 mm2;M;CABO ESPECIAL;331275.jpg
331276;CABO 4X25mm², ÁEREO DE BAIXA TENSÃO, PRE;M;CABO;331276.jpg
350018;PROTETOR ISOLANTE DE POLIETILENO PARA CO;UN;FERRAMENTAS;350018.jpg
350023;CABO FIBRA OPTICA,TIPO RRUS,PM-Br 209.01;M;CABO;350023.jpg
350418;CB DUP AL XLPE 1X35+1X35 0,6/1KV DED1936;MT;CABO;350418.jpg
350420;CABO DE FIBRA OPTICA, TIPO RRUS (CAIXA C;PC;CABO;350420.jpg
350447;CABO,TRIPLEX,12/20KV,AL,XLPE,185MM2,TRIF;MT;CABO;350447.jpg
350453;JUMPER PARA OPGW 437614103;UN;FERRAMENTAS;350453.jpg
350495;CB TRIP AL XLPE2X35+35MM 0,6/1KV DED1936;MT;CABO;350495.jpg
350496;COND.CU ISOL.750V,16MM², DED-1843 I.6 R3;MT;CONDUTOR DE COBRE;350496.jpg
350497;CB CONTR 0,6/1KV 1,5MM²-DQN 2020 I1 R2;MT;CABO;350497.jpg
350498;CABO CONTROLE BLIND,4X2,5MM²,PM2136I5;MT;CABO;350498.jpg
350499;CABO CONTROLE BLIND,2X2,5MM²,PM2136I4;MT;CABO;350499.jpg
350500;CABO CONTROLE BLIND,12X1,5MM²,PM2136I3;MT;CABO;350500.jpg
350503;CABO CONTROLE BLIND,2X4MM²,PM2136I6;MT;CABO;350503.jpg
350504;CABO CONTROLE BLIND,4X1,5MM²,PM2136I2;MT;CABO ESPECIAL;350504.jpg
350524;CABO,AL,PROT,XLPE,35MM²,15KV,D21105.0;MT;CABO;350524.jpg
350529;CABO,MT,XLPE,3X50+50,3F,12/20KV,S/FO;MT;CABO;350529.jpg
350530;CABO,MT,XLPE,3X95+50,3F,12/20KV,S/FO;MT;CABO;350530.jpg
350531;CABO,MT,XLPE,3X150+50,3F,12/20KV,S/FO;MT;CABO;350531.jpg
350537;CABO, MT, AL, XLPE, 3 X 240,12/20KV.;MT;CABO;350537.jpg
350544;CB DUP AL XLPE 1X35+1X35 0,6/1KV ,SUCATA;M;COND.ALUM.ISOLADO.SUCATA;350544.jpg
350545;CB TRIP AL XLPE2X35+35MM 0,6/1KV ,SUCATA;M;COND.ALUM.ISOLADO.SUCATA;350545.jpg
350546;CB,AL,PROT,XLPE,50MM²,15KV,D21105,SUCATA;M;COND.ALUM.ISOLADO.SUCATA;350546.jpg
350547;CB,AL,PROT,XLPE,35MM²,15KV,D21105,SUCATA;M;COND.ALUM.ISOLADO.SUCATA;350547.jpg
350548;CB,AL,PROT,XLPE,185MM²,15KV,D2110,SUCATA;M;COND.ALUM.ISOLADO.SUCATA;350548.jpg
350549;CB,MT,XLPE,3X95+50,3F,12/20KV,S/F,SUCATA;M;COND.ALUM.ISOLADO.SUCATA;350549.jpg
350550;CB,MT,XLPE,3X50+50,3F,12/20KV,S/F,SUCATA;M;COND.ALUM.ISOLADO.SUCATA;350550.jpg
350624;CABO MONT 2P 26AWG PVC DB9XMAGN PT 2M;UN;CABO ESPECIAL;350624.jpg
350639;CB,MT,XLPE,3X150+50,3F,12/20KV,S/,SUCATA;M;COND.ALUM.ISOLADO.SUCATA;350639.jpg
350733;CB,TRIPLEX,12/20KV,AL,XLPE,185MM2,SUCATA;M;COND.ALUM.ISOLADO.SUCATA;350733.jpg
370094;LUMINAR,FECHLAMP VM/VS DED0071-F.PADRAO;PC;MATERIAL GERAL;370094.jpg
370107;LAMPADA LED CLASSIC A60 9W 6K E2;PC;MATERIAL GERAL;370107.jpg
370136;LAMPADA, VM 220VX125W - DED-0069 I2 R2;PC;MATERIAL GERAL;370136.jpg
370137;LAMPADA, VM 220VX80W -DED-0069 I1 R2;PC;MATERIAL GERAL;370137.jpg
370138;LÂMPADA, VM 220VX250W - DED-0069 I3 R2;PC;MATERIAL GERAL;370138.jpg
370139;LAMPADA, VM 220VX400W - DED-0069 I4 R2;PC;MATERIAL GERAL;370139.jpg
370140;LAMPADA,VS,ELIPTICO,220VX150WDED1828I3R2;PC;MATERIAL GERAL;370140.jpg
370141;LAMPADA,VS,ELIPTICO,220VX250WDED1828I4R2;PC;MATERIAL GERAL;370141.jpg
370142;LAMPADA,VS,ELIPTICO,220VX70W DED1828I1R2;PC;MATERIAL GERAL;370142.jpg
370143;LÂMPADA, VAPOR DE SÓDIO 220V X 100W, DED;PC;MATERIAL GERAL;370143.jpg
370144;LUMINÁRIA FECHLÂMP V.S.100W-DED-1837I1;PC;MATERIAL GERAL;370144.jpg
370146;LAMPADA VS TUBUL.220VX100W DED-1828 I5R2;PC;MATERIAL GERAL;370146.jpg
370147;LAMPADA VS TUBUL.220VX150W DED-1828 I6R2;PC;MATERIAL GERAL;370147.jpg
370148;LAMPADA VS TUBUL.220VX250W DED-1828 I7R2;PC;MATERIAL GERAL;370148.jpg
370186;LAMPADA, INCANDESC 127-130V X 100W BASE;PC;MATERIAL GERAL ESPECIAL;370186.jpg
370187;LÂMPADA VAPOR DE SÓDIO 400W E40;PC;MATERIAL GERAL;370187.jpg
380012;LANTERNA DE CAPACETE;UN;EPI/EPC;380012.jpg
380030;Kit Lanterna Refletor A Bateria 18v Led;EA;FERRAMENTAS;380030.jpg
380383;LUMINARIA ABERTALAMP VS 70W-DED-1721 R3;PC;MATERIAL GERAL;380383.jpg
380423;REATOR, LAMP. V MERC. 220VX25OW DED0072;PC;MATERIAL GERAL;380423.jpg
380424;REATOR, LAMP V MERC 220VX400W, DED0072;PC;MATERIAL GERAL;380424.jpg
380425;REATOR, LÂMP V MERC. 220VX125W, DED0072;PC;MATERIAL GERAL;380425.jpg
380426;REATOR, LAMP V MERCURIO 220VX80W DED0072;PC;MATERIAL GERAL;380426.jpg
380427;REATORLÂMP.VS.220VX250W,DQN-1704 I4 R1;PC;MATERIAL GERAL;380427.jpg
380428;LAMPADA VAPOR DE SODIO;PC;MATERIAL GERAL;380428.jpg
380429;REATORLÂMPADA VS.220VX70W DQN-1704I1R1;PC;MATERIAL GERAL;380429.jpg
380430;LUMINÁRIA,FECH P/LÂMP V.S.250W-DED1837I3;PC;MATERIAL GERAL;380430.jpg
380431;LUMINÁRIA FECHLÂMP VS 150W-DED-1837I2;PC;MATERIAL GERAL;380431.jpg
380440;IGNITOR LAMPADA VS 70W,PM-2204 I1;PC;MATERIAL GERAL;380440.jpg
380441;IGNITOR LAMPADA VS 100W,PM-2204 I2;PC;MATERIAL GERAL;380441.jpg
380442;IGNITOR LAMPADA VS 150W,PM-2204 I3;PC;MATERIAL GERAL;380442.jpg
380443;IGNITOR LAMPADA VS 250W,PM-2204 I4;PC;MATERIAL GERAL;380443.jpg
380461;LANTERNA, TATICA DE MAO LED 250-30;UN;FERRAMENTAS;380461.jpg
380506;BRAÇO, TIPO L AL FUNDIDO DES-14.910;PC;MATERIAL GERAL;380506.jpg
380517;LANTERNA,BATERIA RECARREGAVEL,5.000.000;UN;FERRAMENTAS;380517.jpg
380519;FAROL,TIPO HOLOFOTE,PARA USO MANUAL,12 V;UN;FERRAMENTAS;380519.jpg
380521;REATORLÂMP.VS.220VX150W,DQN-1704 I3 R1;PC;MATERIAL GERAL;380521.jpg
380522;KIT REMOV. P/ LAMÂDA VS 250W;PC;MATERIAL GERAL;380522.jpg
380668;REATORLÂMPADA VS.220VX100W DQN-1704I2R1;PC;MATERIAL GERAL;380668.jpg
400022;ANILHA PARA IDENTIFICAÇÃO DE RAMAL Nº0;UN;MATERIAL GERAL;400022.jpg
400023;ANILHA PARA IDENTIFICAÇÃO DE RAMAL Nº1;UN;MATERIAL GERAL;400023.jpg
400024;ANILHA PARA IDENTIFICAÇÃO DE RAMAL Nº2;UN;MATERIAL GERAL;400024.jpg
400025;ANILHA PARA IDENTIFICAÇÃO DE RAMAL Nº3;UN;MATERIAL GERAL;400025.jpg
400026;ANILHA PARA IDENTIFICAÇÃO DE RAMAL Nº4;UN;MATERIAL GERAL;400026.jpg
400027;ANILHA PARA IDENTIFICAÇÃO DE RAMAL Nº5;UN;MATERIAL GERAL;400027.jpg
400028;ANILHA PARA IDENTIFICAÇÃO DE RAMAL Nº6;UN;MATERIAL GERAL;400028.jpg
400029;ANILHA PARA IDENTIFICAÇÃO DE RAMAL Nº7;UN;MATERIAL GERAL;400029.jpg
400030;ANILHA PARA IDENTIFICAÇÃO DE RAMAL Nº8;UN;MATERIAL GERAL;400030.jpg
400031;ANILHA PARA IDENTIFICAÇÃO DE RAMAL Nº9;UN;MATERIAL GERAL;400031.jpg
400041;CINTA POSTE CIRC.AL 170MM DED-1257 I2 R2;PC;MATERIAL GERAL;400041.jpg
400043;CINTA POSTE CIRC.AL 210MM DED-1257 I4 R2;PC;MATERIAL GERAL;400043.jpg
400044;CINTA POSTE CIRC.AL 230MM DED-1257 I5 R2;PC;MATERIAL GERAL;400044.jpg
400045; CINTA POSTE CIRC.AL 250MM DED-1257 I6 R2;PC;MATERIAL GERAL;400045.jpg
400046;CINTA POSTE CIRC.AL 270MM DED-1257 I7 R2;PC;MATERIAL GERAL;400046.jpg
400076;BLOQUEADOR SOLAR PARA PELE FPS 30;UN;EPI/EPC;400076.jpg
400106;CINTA POSTE CIRC. AL150MM DED-1257 I1 R2;PC;MATERIAL GERAL;400106.jpg
400291;RECIPIENTE 5LT PLASTICO 5000CM3;PZ;PVC;400291.jpg
400310;PLACA DE IDENTIFICAÇÃO;UN;EPI/EPC;400310.jpg
400369;MÓDULO SIM DO RELIGADOR NOJA;UN;PROTECCIONES (RELÉS, UP, RGDAT);400369.jpg
400370;MÓDULO RELÉ DO RELIGADOR NOJA;UN;PROTECCIONES (RELÉS, UP, RGDAT);400370.jpg
4545360;"CONECTOR ""T"" CB CU 240MM², PASSANTE C";PC;CONECTORES;4545360.jpg
4591633;REGUA SUPORTE DE BORNES EM PVC 484MMX40MM C/ 10 PA;PC;MATERIAL GERAL;4591633.jpg
4609212;BASTÃO TIRA PIPA RITZ;PR;MATERIAL GERAL;4609212.jpg
470045;MODEM (3G) - TELEMEDIDA;EA;MATERIAL GERAL;470045.jpg
480005;BOROSCÓPIO - SONDA DE FIBRA ÓTICA COM M;UN;FERRAMENTAS;480005.jpg
480263;REGULADOR, TENSÃO MONOFÁSICO, 250KVA, 7,;PC;MATERIAL GERAL;480263.jpg
480313;ANTENA DIRECIONAL 5W 2400-2500MHZ;UN;MATERIAL GERAL;480313.jpg
500012;REGULADOR,19,92KV,333KVA,167A,1F, SUC;UN;REGULADORES;500012.jpg
500107;REGULADOR, TENSÃO MONOFÁSICO, 167KVA, 7,;PC;REGULADORES;500107.jpg
500108;REG,TENSÃO,7,62KV,509KVA,668A,1F,ETA001;PC;REGULADORES;500108.jpg
500140;CONTROLADOR AUT TEMP REAL;PC;MATERIAL GERAL;500140.jpg
500151;RELIGADOR,630A 15,5KV 12,5KA 3F SUCATA;UN;SUCATA;500151.jpg
500163;REGULADOR , 7,62KV, 167KVA, 219A, 1F-REC;PC;REGULADORES;500163.jpg
500164;REGULADOR, 7,62KV, 250KVA, 328A, 1F-REC;PC;REGULADORES;500164.jpg
500165;REGULA,7,62KV,167KVA,219A,1F-À RECUPERAR;PC;REGULADORES;500165.jpg
500166;REGULA,7,62KV,250KVA,328A,1F-À RECUPERAR;PC;REGULADORES;500166.jpg
500167;RELIGADOR,400A-15,5KV-8KA-3F-À RECUPERAR;PC;RELIGADORES;500167.jpg
500168;REG TENSÃO,1F,D,7,62,438A,333kVA,ET39;UN;REGULADORES;500168.jpg
500171;REGULADOR,8KV,100KVA,125A,1F-REC;UN;REGULADORES;500171.jpg
500172;REGULADOR,7,62KV,416KVA,546A,1F-REC;PC;REGULADORES;500172.jpg
500173;REGULADOR,7,62KV,509KVA,668A,1F- REC;PC;REGULADORES;500173.jpg
500174;REGULADOR,19,92KV,667KVA,335A,1F-REC;PC;REGULADORES;500174.jpg
500175;REGULADOR,7,62KV,833KVA,1093A,1F-REC;PC;REGULADORES;500175.jpg
500176;REGULADOR,19,92KV,333KVA,167A,1F-REC;PC;REGULADORES;500176.jpg
500181;REGULADOR, TENSAO AUTOMATICO MONO,SUCATA;PZ;REGULADORES;500181.jpg
500186;REG,TEN,1F,7,96KV,300A,239KVA,E-MT008R02;PC;REGULADORES;500186.jpg
500274;REGULADOR, TENSAO, MONOF 167KVA  79(SUC);1;SUCATA;500274.jpg
500276;REG,TENSÃO,7,62KV,167KVA,219A,1F,SUCATA;PZ;REGULADORES;500276.jpg
510126;MED,ELET AMOSTRAL,15-120A,120/120V,3E4F;EA;MEDIDOR;510126.jpg
510128;MED,ELET AMOSTRAL,15-120A,120/120V,2E3F;UN;MEDIDOR;510128.jpg
510131;MED,ELET AMOSTRAL,15-120A,120/120V,1E2F;UN;MEDIDOR;510131.jpg
510133;MED,ELET AMOSTRAL,15-100A,120/127V,1E2F;UN;MEDIDOR;510133.jpg
510136;MED,ELET AMOSTRAL,15-120A,120V/127,2E3F;UN;MEDIDOR;510136.jpg
510137;MED,ELET AMOSTRAL,15-120A,120V/127,3E4F;EA;MEDIDOR;510137.jpg
510200;SWITCH TIPO I,10 PORTAS, 125 VCC,199.27;EA;DIVERSOS;510200.jpg
510203;SWITCH TIPO II,16 PORTAS, 125 VCC,199.27;EA;DIVERSOS;510203.jpg
510207;SWITCH TIPO IV,24 PORTAS,125 VCC,199.27;EA;DIVERSOS;510207.jpg
510406;MEDIDOR DIV TIPOS INSERVIVEL-NO ESTADO;KG;MEDIDORES INSERVÍVEIS;510406.jpg
510407;CHAVE DE AFERIÇÃO  DQN-2024 R.1;PC;MATERIAL GERAL ESPECIAL;510407.jpg
510416;MÓDULO DE CONTROLE LEITURA - VS 02 ;PC;MATERIAL GERAL;510416.jpg
510421;CJT 3 ELEM.TRANSF.MED.MT-20A-PM-1939;PC;CJT MEDIÇÃO;510421.jpg
510422;TERMINAL LEITURA INDIV-120V-RF-LCD-5-6DG;PC;MATERIAL GERAL;510422.jpg
510423;MEDIDOR SAGA1500-1642-C1N-2X3C C/DISPLAY;PC;MEDIDOR;510423.jpg
510431;VECTOR 4 GD BIFASICO;UN;MEDIDORES INSERVÍVEIS;510431.jpg
510441;DISPLAY REMOTO;PC;MATERIAL GERAL;510441.jpg
510444;CONCENTRADOR SECUND. TRIF. 120V CS9701;PC;CONCENTRADOR;510444.jpg
510446;MEDIDOR ELETR SAGA2000-E650 IND-RF EXT;PC;MEDIDOR;510446.jpg
510452;MEDIDOR ELECTRONI 3F 30(200)A S/ DISPLAY;PC;MEDIDOR;510452.jpg
510455;MED,ELET,GD,MONO,15-100A,120V,2H,1E,60HZ;PC;MEDIDOR;510455.jpg
510456;MED,ELET,GD,TRI,15-120A,120V,3E,4F, 60HZ;PC;MEDIDOR;510456.jpg
510457;CONCENTRADOR PRIMÁRIO - FASE III;PC;CONCENTRADOR;510457.jpg
510458;CS SGP+MIIITRI 210.120V S/MMRF;PC;CONCENTRADOR;510458.jpg
510459;TLI -  TERMINAL DE LEITURA INDIVIDUAL FASE III;PC;MEDIDOR;510459.jpg
510460;E650-1E4-8601-A5N-2X4C+CJ RS C410;PC;MEDIDOR;510460.jpg
510461;E650-1R2-8602-B5N-2X4C+CJ RF C410;PC;MEDIDOR;510461.jpg
510462;MEDIDOR,E13,MONOFASICO;PC;MEDIDOR;510462.jpg
510463;E13.B - CJ MED 120 V 50/60HZ - SGPM3 AMPLA;PC;MEDIDOR;510463.jpg
510464;E13.T - CJ MED 120V 50/60HZ - SGPM3 AMPLA;PC;MEDIDOR;510464.jpg
510481;MODULO DE MEDIDA MONOFASICO ELSTER;PC;MEDIDOR;510481.jpg
510482;MEDIDOR PARA BALANÇOENERGÉTICO;PC;MEDIDOR;510482.jpg
510490;MEDIDOR BALANÇO ENERGÉTICO TRI - DIRETO;PC;MEDIDOR;510490.jpg
510502;MEDIDOR ELETRON MULTIF 4F LCD 4F 2-3E;PC;MEDIDOR;510502.jpg
510511;CONCENTRADOR SECUND,TRIF,120V,CS9701 REC;PC;CONCENTRADOR;510511.jpg
510514;CONCENTRADOR SECUND,TRIF,120V,(A REC);PC;CONCENTRADOR;510514.jpg
510523;CJT3 ELEM.TRANS.MED.MT,50/100,PM-1939 I5;PC;CJT MEDIÇÃO;510523.jpg
510524;CJT 3 ELEM.TRANSF.MED.MT-400PM-1939;PC;CJT MEDIÇÃO;510524.jpg
510546;MED ELETR, 1F,ACT15,100A,120V,2H,1E,60HZ;PC;MEDIDOR;510546.jpg
510559;MEDIDOR POLIF ATIV /REATIV,0,5-S/DISPLAY;PC;MEDIDOR;510559.jpg
510561;MED,ELET,3F,45-280V,2,5-10A,C0,5,DY,E179;UN;MEDIDOR;510561.jpg
510570;MEDIDOR ELETR BIF,MED DIR,15(120)A,120V;PC;MEDIDOR;510570.jpg
510571;MEDIDOR ELET. TRIFASICO 3 ELE 4 FIOS;PC;MEDIDOR;510571.jpg
510574;MEDIDOR POLIF INT ATIVA-REATIVA-ION8600;PC;MEDIDOR;510574.jpg
510576;MEDIDOR ENERGIA - ION7650- 10MB;CX;MEDIDOR;510576.jpg
510598;MEDIDOR TRIFASICO 120-240 V (2-5-10 A);PC;MEDIDOR;510598.jpg
510599;MEDIDOR ELETRONICO TRIFASICO 2-5-10A;PC;MEDIDOR;510599.jpg
510662;CJ CAIXA CPU CS SGP+MIII TRIF 120V PRO;PC;MEDIDOR;510662.jpg
510663;CJ RADIO CS SGP+MIII - 915MHZ;PC;MEDIDOR;510663.jpg
510673;TERMINAL PERIFÉRICO TELECONTROLE-TPT2020;UN;TELECONTROLE;510673.jpg
510679;MEDIDOR DE ENERGIA ION 8650C SUCATA;UN;MEDIDORES INSERVÍVEIS;510679.jpg
510688;MED ELETR, 1F,ACT15,100A,120V - SUCATA;UN;MEDIDORES INSERVÍVEIS;510688.jpg
510689;MED,ELET,GD,TRI,15-120A,120V, - SUCATA;UN;MEDIDORES INSERVÍVEIS;510689.jpg
510690;MEDIDOR 3 FASES ELETROMEC.-4FIOS - SUCAT;UN;MEDIDORES INSERVÍVEIS;510690.jpg
510692;MEDIDOR ELECTRONI 3F ACT/REAC30(200)A - SUC;UN;MEDIDORES INSERVÍVEIS;510692.jpg
510693;MEDIDOR ELETR BIF,MED DIR,15(120A) - SUC;UN;MEDIDORES INSERVÍVEIS;510693.jpg
510694;MEDIDOR ELETR SAGA2000-E650 IND RF - SUC;UN;MEDIDORES INSERVÍVEIS;510694.jpg
510695;MEDIDOR ELETR TRIF,MED DIR,15(120)A - SU;UN;MEDIDORES INSERVÍVEIS;510695.jpg
510696;MEDIDOR ELETRONICO TRIFASICO 2,5-10A -SU;UN;MEDIDORES INSERVÍVEIS;510696.jpg
510697;MEDIDOR ENERGIA ATIVA,TRIF,15 - SUCATA;UN;MEDIDORES INSERVÍVEIS;510697.jpg
510698;MEDIDOR TRIFASICO 120-240 V (2,5-10A) - SUC;UN;MEDIDORES INSERVÍVEIS;510698.jpg
510699;MEDIDOR, KWH POLIF 3 ELEM 3 FA 4 FI - SU;UN;MEDIDORES INSERVÍVEIS;510699.jpg
510700;MEDIDOR,ELETR,POLIF,E650,DIR - SUCATA;UN;MEDIDORES INSERVÍVEIS;510700.jpg
510701;MEDIDOR,ELETR,POLIF,E650,IND - SUCATA;UN;MEDIDORES INSERVÍVEIS;510701.jpg
510721;CONTROLE,RELIGADOR,127/220V-SUCATA;UN;SUCATA;510721.jpg
510729;CJT 3 ELEM.TRANSF .MED.MT,10A -R -SUCATA;PEÇ;SUCATA;510729.jpg
510730;CJT 3 ELEM.TRANSF .MED.MT,15A -R- SUCATA;PEÇ;SUCATA;510730.jpg
510735;CJT3 ELEM.TRANS.MED.MT,50/100 - SUC;UN;PADRÃO;510735.jpg
510746;MED ENERG ATIVA,BIF,15-120A,SEM M,SUCATA;PZ;MEDIDORES INSERVÍVEIS;510746.jpg
510747;MED ENERG ATIVA,TRIF,15-120A,SEM ,SUCATA;PZ;MEDIDORES INSERVÍVEIS;510747.jpg
510752;MED EL TRIF,MED DIR,15(120)A,120V,SUCATA;PZ;MEDIDORES INSERVÍVEIS;510752.jpg
510757;CONJ TRANSFORM,MEDIÇÃO,MT PM1939 ,SUCATA;PC;CJT MEDIÇÃO;510757.jpg
510760;MED,E13,BIFÁSICO,SUCATA;UN;MEDIDORES INSERVÍVEIS;510760.jpg
510761;MED,E13,MONOFASICO,SUCATA;UN;MEDIDORES INSERVÍVEIS;510761.jpg
510762;MED,E13,TRIFÁSICO,SUCATA;UN;MEDIDORES INSERVÍVEIS;510762.jpg
510768;MEDIDOR, KWH POLIF 2 ELEM 3 FIOS-SUCATA;UN;MEDIDORES INSERVÍVEIS;510768.jpg
510769;MEDIDOR,KWH MONO 1 ELEM 2FIOS - SUCATA;UN;MEDIDORES INSERVÍVEIS;510769.jpg
510771;MED,GD,BIF,15-120A,120V,2E,4F,E-EM-004;PC;MEDIDOR;510771.jpg
510780;MED ELET GERDIST,TRI 30-200A,120V,3E,4F;PC;MEDIDOR;510780.jpg
510783;MED,ELET BRANC,15-120A,120V,2E,3F E-EM-0;PC;MEDIDOR;510783.jpg
510784;MED,ELET BRANC 15-100A,120V,1E,2F E-E;PC;MEDIDOR;510784.jpg
510789;MED,ELET BRANC,15-120A,120V,3E,4F E-EM04;PC;MEDIDOR;510789.jpg
510835;CJT 3 ELEM.TRANSF.MED.MT150/200PM-1939;PC;CJT MEDIÇÃO;510835.jpg
510837;RGDAT A70/C RELE PROT E IND FALLA CAB AE;PC;TELECONTROLE;510837.jpg
510852;Med. Eletr.15-120A,120V,3E,4F-TB 199.59;PI;MEDIDOR;510852.jpg
510853;PAINEL MEDICAO P/SE,8PTS,SAGA1000/SL7000;PC;MEDIDOR;510853.jpg
510855;UNIDADE TERMINAL REMOTA;PC;MATERIAL GERAL;510855.jpg
510866;CONC PRIM S/MOD 120V,CP9701 FASE 2 RECUP;ES;CONCENTRADOR;510866.jpg
510867;CONC PRIM S/MOD 120V,CP9701 FASE2(A REC);PC;CONCENTRADOR;510867.jpg
510870;PRENSA - CABO FIXELE 1;PC;MATERIAL GERAL;510870.jpg
510883;FLASH TEST / HIPOT;UN;FERRAMENTAS;510883.jpg
510890;REMOTA,100-240V,3G,GRUPO A.;UN;DIVERSOS;510890.jpg
510903;Med. Eletr.15-120A,120V,3E,4F-GD 199.59;UN;MEDIDOR;510903.jpg
510905;Med. Eletr.15-120A,120V,3E,4F- 199.59;PI;MEDIDOR;510905.jpg
510906;Med. Eletr.30-200A,120V,3E,4F- Sem Displ;PI;MEDIDOR;510906.jpg
510907;Med. Eletr.30-200A,120V,3E,4F-199.59 -DR;PI;MEDIDOR;510907.jpg
510908;Med. Eletr.15-120A,120V,2E,3F-TB 199.59;PI;MEDIDOR;510908.jpg
510909;Med. Eletr.15-120A,120V,2E,3F-GD 199.59;UN;MEDIDOR;510909.jpg
510910;Med. Eletr.15-120A,120V,2E,3F- 199.59;PI;MEDIDOR;510910.jpg
510915;Med. Eletr.15-100A,120V,1E,2F-GD 199.59;UN;MEDIDOR;510915.jpg
510918;Med. Eletr.15-100A,120V,1E,2F- 199.59;PI;MEDIDOR;510918.jpg
510921;Med.Eletr.2,5/5 -10/20A,120/240V,3E4F-TB;PI;MEDIDOR;510921.jpg
510927;MED AMOS:2,5/5 -10/20A-120/240V-3E/4F FO;CDA;MEDIDOR;510927.jpg
510928;MED,ELET AMOSTRAL,30-200A,120/240V,3E,4F;CDA;MEDIDOR;510928.jpg
510932;Display remoto med. gr A -PM-Br 199.67.1;CDA;MEDIDOR;510932.jpg
510936;SISTEMA, MED, EXTERN, BLIND, BT, 199.60;CDA;FERRAMENTAS;510936.jpg
510937;BLIND, TERMIN, SECUND, TRANSF,CC,199.60;CDA;FERRAMENTAS;510937.jpg
510938;ATENUADORES , ANTENAS E REPETIDOR - BT0;EA;MEDIDOR;510938.jpg
510976;Conj. Med BE 200A - GPRS PM-Br 199.81;EA;CJT MEDIÇÃO;510976.jpg
511139;TERMINAL LEITURA 120V S/P1;PC;MATERIAL GERAL ESPECIAL;511139.jpg
511198;MED ELETR SAGA2000-E650 DIR,RF EX,SUCATA;PC;MEDIDORES INSERVÍVEIS;511198.jpg
511224;MEDIDOR ELECTRONI 3F 30(200)A S/DSP- SUC;UN;MEDIDORES INSERVÍVEIS;511224.jpg
520015;INFLADOR PORTÁTIL PARA LUVAS ISOLANTES /;UN;FERRAMENTAS;520015.jpg
520018;ALICATE WATTIMETRO;EA;FERRAMENTAS;520018.jpg
520019;PADRÃO DE ENERGIA PARA CALIBRAÇÃO DE 3 METROS;EA;FERRAMENTAS;520019.jpg
520021;SEQUENCÍMETRO, FASÍMETRO PORTATIL 100-60;EA;FERRAMENTAS;520021.jpg
520022;AMPERÍMETRO DIGITAL FORK TESTER C/ ADAPT;EA;FERRAMENTAS;520022.jpg
520041;Localizador de Falhas com Reflectometria;UN;FERRAMENTAS;520041.jpg
520044;Equipamento de Identificação de Cabos de;UN;FERRAMENTAS;520044.jpg
520109;MOSTRADOR REMO SAGA 1000-1500 AC127V;PC;MEDIDOR;520109.jpg
520176;ANALISADOR, TENSAO, DIGITAL PORTATI;UN;FERRAMENTAS;520176.jpg
520177;ANALISADOR, GRANDEZAS ELET, DIGITAL;UN;FERRAMENTAS;520177.jpg
520206;ANALISADOR DESVIO REGISTRO 3F 90/240V;UN;MATERIAL GERAL;520206.jpg
520207;ANALISADOR DESVIO REGISTRO 3F 90-480V;UN;MATERIAL GERAL;520207.jpg
520219;MULTIMETRO, VOLT-AMP-OHM-FREQ-CAP-T;UN;FERRAMENTAS;520219.jpg
520391;PONTA PROVA, ALTA TENSÃO P/ MULT E-E077;UN;FERRAMENTAS;520391.jpg
520413;MALETA INSPEC TT-100 TESTE TRAFO 127V;UN;FERRAMENTAS;520413.jpg
520420;SUC MED ELETR BR 100A,120V,1E,2F E-EM04;UN;MEDIDORES INSERVÍVEIS;520420.jpg
520421;SUC MED ELETR BR 100A,120V,3E,4F E-EM04;UN;MEDIDORES INSERVÍVEIS;520421.jpg
520431;SUC MED ELETR BR 120A,120V,2E,3F E-EM0;UN;MEDIDORES INSERVÍVEIS;520431.jpg
520432;SUCATA MED ELETR GD 1F 100A,120V,2H,1E;UN;MEDIDORES INSERVÍVEIS;520432.jpg
520433;SUCATA MED ELET GERD,TRI 200A,120V,3E,4F;UN;MEDIDORES INSERVÍVEIS;520433.jpg
520434;SUCATA MED ELET MULTIF 4F LCD 4F 2-3E ;UN;MEDIDORES INSERVÍVEIS;520434.jpg
520435;SUCATA MEDIDOR ION 8600;UN;MEDIDORES INSERVÍVEIS;520435.jpg
520437;SUCATA MEDIDOR SL 7000;UN;MEDIDORES INSERVÍVEIS;520437.jpg
520438;SUCATA MED ELET CORE,1F,15(120)A,120V;UN;MEDIDORES INSERVÍVEIS;520438.jpg
520443;AMPERIMETRO,ALTA TENSAO,SENSOR LINK C/ D;UN;FERRAMENTAS;520443.jpg
530073;CONJ,MED,CXA DUPLA,15KV,3EL,20/5A,ET-;PC;CJT MEDIÇÃO;530073.jpg
530074;CONJ,MED,CXA DUPLA,15KV,3EL,200/5A,ET-89;PC;CJT MEDIÇÃO;530074.jpg
530075;CONJ,MED,CXA DUPLA,15KV,3EL,100/5A,ET-89;PC;CJT MEDIÇÃO;530075.jpg
530076;CONJ,MED,CXA DUPLA,15KV,3EL,15/5A,ET-;PC;CJT MEDIÇÃO;530076.jpg
530077;CONJ,MED,CXA DUPLA,15KV,3EL,10/5A,ET-;UN;CJT MEDIÇÃO;530077.jpg
530078;CONJ,MED,CXA DUPLA,15KV,3EL,50/5A,ET-89;PC;CJT MEDIÇÃO;530078.jpg
530208;CONJ,MED,CXADUPLA,15KV,3EL,200/5A,D19080;PI;CJT MEDIÇÃO;530208.jpg
530209;CONJ,MED,CXADUPLA,15KV,3EL,100/5A,D19080;PI;CJT MEDIÇÃO;530209.jpg
530211;CONJ,MED,CXA DUPLA,15KV,3EL,50/5A,D19080;PI;CJT MEDIÇÃO;530211.jpg
530213;CONJ,MED,CXA DUPLA,15KV,3EL,20/5A,D19080;PI;CJT MEDIÇÃO;530213.jpg
530214;CONJ,MED,CXA DUPLA,15KV,3EL,15/5A,D19080;PI;CJT MEDIÇÃO;530214.jpg
530215;CONJ,MED,CXA DUPLA,15KV,3EL,10/5A,D19080;PI;CJT MEDIÇÃO;530215.jpg
530227;CONJ,MED,CXADUPLA,15KV,3EL,500/5A,D19080;PI;CJT MEDIÇÃO;530227.jpg
530263;CONJ,MED,CXSIMPLES,15KV,3EL,15/5A,D19080;UN;CJT MEDIÇÃO;530263.jpg
530265;CONJ,MED,CXSIMPLES,15KV,3EL,10/5A,D19080;EA;PADRÃO;530265.jpg
530268;CONJ,MED,CXSIMPLES,15KV,3E,100/5A,D19080;UN;CJT MEDIÇÃO;530268.jpg
530280;CONJ,MED,CXSIMPLES,15KV,3EL,50/5A,D19080;UN;CJT MEDIÇÃO;530280.jpg
531327;TRANSF,DISTR MONO/BI,3/10KVA,INSERVIVEL;PC;TRANSFORMADORES SUCATA;531327.jpg
531330;CAIXA P/TRANSFORMADOR CORRENTE DQN-2081;PC;CAIXAS;531330.jpg
531337;CJT 3 ELEM. TRANSF. MED. MT- 15-5A-PM-1939 R3;PC;CJT MEDIÇÃO;531337.jpg
531340;TP,11,5KV/R3-115V,0,3P50,INT,PMBR11401.0;UN;TRANSFORMADORES DE POTÊNCIA;531340.jpg
531341;TP 34,5-36,2 KV 60 HZ USO INTERNO;UN;TRANSFORMADORES DE POTÊNCIA;531341.jpg
531388;SUPOR,TRAFO POSTE CIRC.210MM DED-0050 I1;PC;FERRAGEM;531388.jpg
531389;SUPOR,TRAFO POSTE CIRC.255MM-DED0050 I3;PC;FERRAGEM;531389.jpg
531391;TC 400-5A - 0,6KV DQN 2021 I.3;PC;TRANSFORMADORES DE CORRENTE;531391.jpg
531392;TC 10-5A 15KV I.4 PMA-111.02.2;PC;TRANSFORMADORES DE CORRENTE;531392.jpg
531393;TC  20-5A  15KV  DQN-2022 I.6 R2;PC;TRANSFORMADORES DE CORRENTE;531393.jpg
531395;TC 200-5A 0,6KV DQN-2021 I.1;PC;TRANSFORMADORES DE CORRENTE;531395.jpg
531398;TC 30-5A 15KV I.7 PMA-111.02.2;PC;TRANSFORMADORES DE CORRENTE;531398.jpg
531400;TC 100-5A  15KV DQN-2022 I.11 R2;PC;TRANSFORMADORES DE CORRENTE;531400.jpg
531403;TC USO EXTERNO, 800/1600-5-5A;PC;TRANSFORMADORES DE CORRENTE;531403.jpg
531404;TC 15-5A  15KV  DQN-2022 I.5 R2;PC;TRANSFORMADORES DE CORRENTE;531404.jpg
531405;TC 50-5A 15KV I.9 PMA-111.02.2;PC;TRANSFORMADORES DE CORRENTE;531405.jpg
531410;TC 300-5A 0,6KV DQN-2021 I.2;PC;TRANSFORMADORES DE CORRENTE;531410.jpg
531412;TC 600-5A - 0,6KV DQN-2021 I.4;PC;TRANSFORMADORES DE CORRENTE;531412.jpg
531417;TRANSFORMADOR, POTENCIAL INDUTIVO, USO E-6772534;PC;TRANSFORMADORES DE POTÊNCIA;531417.jpg
531418;TP 72,5KV,69000/R3 115-115/R3,A11,ESE005;PC;TRANSFORMADORES DE POTÊNCIA;531418.jpg
531421;TC  500-5A  15KV  DQN-2022 I.15 R2;PC;TRANSFORMADORES DE CORRENTE;531421.jpg
531423;TC 40-5A  15KV DQN-2022 I.8 R2;PC;TRANSFORMADORES DE CORRENTE;531423.jpg
531424;TP 11500-115V  15KV DQN-2023 I.2;PC;TRANSFORMADORES DE POTÊNCIA;531424.jpg
531431;TP SECO,300KVA,PM-2165 I1;PC;TRANSFORMADORES DE POTÊNCIA;531431.jpg
531432;TRAFO,SECO,3F,500KVA,13800/220V,D0088;PR;TRANSFORMADORES NOVOS;531432.jpg
531435;TC 200A-5A 0,6KV JANELA-PM-2188 I1;PC;TRANSFORMADORES DE CORRENTE;531435.jpg
531437;TC 400A-5A 0,6KV JANELA-PM-2188 I3;PC;TRANSFORMADORES DE CORRENTE;531437.jpg
531439;TP, 11,4/13,5KV-230V EX D115.01.0 SUCATA;PC;TRANSFORMADORES SUCATA;531439.jpg
531448;CX BLIN,BUCH,BT,TRAF TRI,PM2213 I5 R.2;PC;MATERIAL GERAL;531448.jpg
531455;TC 69-72,5 KV 60 HZ 80:1 USO EXTERNO;PC;TRANSFORMADORES DE CORRENTE;531455.jpg
531458;TP 145KV,138000/R3-115/115/R3,A14,ESE005;PC;TRANSFORMADORES DE POTÊNCIA;531458.jpg
531459;TP 72,5KV,69000/R3-115/115/R3,A13,ESE005;PC;TRANSFORMADORES DE POTÊNCIA;531459.jpg
531460;TP 36KV,115-115:v3V,EXT., A14,E-SE-007;UN;TRANSFORMADORES DE POTÊNCIA;531460.jpg
531461;TP,13,8KV/R3-115V,0,3P50,INT,PMBR11401.0;UN;TRANSFORMADORES DE POTÊNCIA;531461.jpg
531507;TC 145KV,1200-5-5-5A,A9,ESE005;PC;TRANSFORMADORES DE CORRENTE;531507.jpg
531557;TC,17,5kV,2000/1000/500-5-5A,A5,ESE007;PC;TRANSFORMADORES DE CORRENTE;531557.jpg
531564;TC,145KV,2000/1000-5-5-5-5A,A17,ESE005;PC;TRANSFORMADORES DE CORRENTE;531564.jpg
531565;TP,17,5KV,USO EXTERNO,TIPO GSCT004/1;UN;TRANSFORMADORES DE POTÊNCIA;531565.jpg
531577;TP, 11,4/13,5KV-230V EXT. D115.01.0;PC;TRANSFORMADORES DE POTÊNCIA;531577.jpg
531581;SUPOR,TRAFO,POSTE CIRC,330MM,TP1,D421.01;UN;FERRAGEM;531581.jpg
531603;TC,36KV,75/150-5A,TIPO A17,E-SE-007;PC;TRANSFORMADORES DE CORRENTE;531603.jpg
531604;TC,36KV,50/100/200-5-5A,A16,E-SE-007;PC;TRANSFORMADORES DE CORRENTE;531604.jpg
531740;CONJ,MED,CXA DUPLA,15KV,3EL,10/5A,ET-;PC;CJT MEDIÇÃO;531740.jpg
531741;CONJ,MED,CXA DUPLA,15KV,3EL,15/5A,ET-;PC;CJT MEDIÇÃO;531741.jpg
531743;CONJ,MED,CXA DUPLA,15KV,3EL,50/5A,ET-89;PC;CJT MEDIÇÃO;531743.jpg
531744;CONJ,MED,CXA DUPLA,15KV,3EL,100/5A,ET-89;PC;CJT MEDIÇÃO;531744.jpg
531745;CONJ,MED,CXA DUPLA,15KV,3EL,200/5A,ET-89;PC;CJT MEDIÇÃO;531745.jpg
531747;CONJ,MED,CXA DUPLA,15KV,3EL,20/5A,ET-;PC;CJT MEDIÇÃO;531747.jpg
531748;CJT 3 ELEM.TRANSF.MED.MT,500A;PZ;CJT MEDIÇÃO;531748.jpg
531923;TC,145KV,2X300/200-1-1A,A3,ESE005;UN;TRANSFORMADORES DE CORRENTE;531923.jpg
540141;TERMOVISOR,INSP TERMOGR,MT/BT,D14302;UN;FERRAMENTAS;540141.jpg
540142;DINAMOMETRO,CIRCULAR,500KG,SUBDIVISAO O5;UN;FERRAMENTAS;540142.jpg
550096;DETECTOR DE GÁS SF6-IR-LEAK S/N 06303;UN;FERRAMENTAS;550096.jpg
550103;HIPSOMETRO L5 15-103-1030 S/N 50053;UN;FERRAMENTAS;550103.jpg
580055;MODEM TELEMETRIA DADOS;UN;MATERIAL GERAL;580055.jpg
580066;MODULO COMUNICACAO DISJ FUSESAVER 3AD8;UN;MATERIAL GERAL ESPECIAL;580066.jpg
580088;IMPRESSORA MOVEL P/ FATURAMENTO IMEDIATO;PZ;FERRAMENTAS;580088.jpg
580092;MONITOR REMOTO DE RAMAL D143.10.0;PC;MATERIAL GERAL;580092.jpg
580099;BATERIA P/COLETORES FATURAMENTO IMEDIATO;UN;BATERIA;580099.jpg
600028;ALÇA,PREF,ACO,COBERTO,185MM2,35KV,D7301;PZ;MATERIAL GERAL;600028.jpg
600029;ALÇA,PREF,ACO,COBERTO,95MM2,25KV,D730.14;PZ;DIVERSOS;600029.jpg
600034;ALICATE,COMPRESSAO,HIDRAULICO CABOS10-50;UN;FERRAMENTAS;600034.jpg
600035;"ALICATE,CORTE,DIAGONAL 150 MM (6"") ";;;600035.jpg
600265;BRACO,TIPO L,34,5KV,600MM,D456.01;PZ;FERRAGEM;600265.jpg
600272;BROCA, HELICOIDAL, PARALELA VIDIA 6;UN;FERRAMENTAS;600272.jpg
600281;BROCA,HEL,PARALELA 8 MM(5/16 POL);UN;FERRAMENTAS;600281.jpg
600361;CABO,ALUMÍNIO,COBERTO,XLPE\HDPE,95MM²,35;M;CABO;600361.jpg
600463;CARRINHO,DE MAO CH 18,1 R,PNEU C/CAMA;UN;FERRAMENTAS;600463.jpg
600514;CHAVE, FENDA SIMPLES, HASTE RED NAO;UN;FERRAMENTAS;600514.jpg
600529;"CHAVE,FENDA SIMP,4X150 MM -5/32X6""";UN;FERRAMENTAS;600529.jpg
600541;CINTA,AMARRACAO CARGA,C/CATRAC 50MMX5 4T;UN;EPI/EPC;600541.jpg
600782;ESCOVA, FIOS DE ACO LIMPEZA 280X 25;UN;FERRAMENTAS;600782.jpg
600788;ESPAÇ,LOSAN,RC,34,5KV,INST SOLO,D53001;UN;PVC;600788.jpg
600926;600926;RLL;PADRÃO;600926.jpg
600943;FURADEIRA,DE IMPACTO SEM FIO,3 VELOC,0-3;UN;FERRAMENTAS;600943.jpg
600959;GERADOR,PORTÁTIL,6.5KVA,220/127V,D11201;UN;GERADORES;600959.jpg
600962;GRADE,POCO DE DRENAGEM,REDE DE DIST SUB;UN;FERRAMENTAS;600962.jpg
601072;LACO,LAT,DUPLO,ACO,CAA,266,8MM2,D730140;PC;FERRAMENTAS;601072.jpg
601079;LAMINA,SERRA MANUAL,ACO,13 X 300 MM 18;UN;FERRAMENTAS;601079.jpg
601119;LIMA, CHATA MURÇA AÇO ESPECIAL DE A;UN;FERRAMENTAS;601119.jpg
601120;LIMA,MEIA CANA,MURSA, 6 POL;UN;FERRAMENTAS;601120.jpg
601233;MARRETA;UN;FERRAMENTAS;601233.jpg
601513;POSTE,FIBRA VIDRO,12M,2000DAN,D307.01;PZ;POSTE DE FIBRA;601513.jpg
601667;SERRA, CIRCULAR, ACO RAPIDO, COPO 5;UN;FERRAMENTAS;601667.jpg
601668;SERRA,CIRCULAR,ACO RAPIDO,190MM,FUR;UN;FERRAMENTAS;601668.jpg
601764;"TALHADEIRA,ACO,25 X 150MM (1 X 6"") ";PC;FERRAMENTAS;601764.jpg
601798;TENDA, TUBULAR ENCAIXE 10 X 10M;UN;FERRAMENTAS;601798.jpg
601822;TERMO HIGROMETRO DIG - 30 A 70GRC;UN;EPI/EPC;601822.jpg
602122;UNIDADE TERMINAL UP2020 LITE L8 EXT B;PEÇ;TELECONTROLE;602122.jpg
602137;VASSOURA, NYLON 380MM COM CABO;UN;FERRAMENTAS;602137.jpg
610011;Exaustor Para Espaço Confinado;EA;FERRAMENTAS;610011.jpg
620050;EMENDA SCOTHCAST 3M;UN;CONECTORES;620050.jpg
620054;SELO,SEMI-BAR,SEXT/CAD,BRANCO-200,D19044;UN;MATERIAL DE SEGURANÇA;620054.jpg
620056;SELO,SEMI-BAR,SEXT/CAD,LARANJ-200,D19044;UN;MATERIAL DE SEGURANÇA;620056.jpg
620065;CALCO CR 42X31X22MM;JG;EPI/EPC;620065.jpg
620070;SELO,SEMI-BAR,SEXT/CAD,AZUL-200,D1904;PC;MATERIAL DE SEGURANÇA;620070.jpg
620098;CHAVE TIP CANHÃO FECH CX AÉREAS DQN-1969;PC;MATERIAL DE SEGURANÇA;620098.jpg
620099;PARAF SEGUR P/CX MEDIDOR, DED-1934 R.5;PC;MATERIAL DE SEGURANÇA;620099.jpg
620100;PARAF FECH CX REDES AÉREAS DQN-1970 R1;PC;MATERIAL DE SEGURANÇA;620100.jpg
620101;LUVA, P/PARAF.SEGURANÇA, DQN-1973 R2;PC;MATERIAL DE SEGURANÇA;620101.jpg
620102;SELO,SEGCINZADUPLA ANCORDQN-2006 I3;PC;MATERIAL DE SEGURANÇA;620102.jpg
620104;SELO SEG LARANJA DUPLA ANCOR.DQN-2006 I8;PC;MATERIAL DE SEGURANÇA;620104.jpg
620105;SELO,SEMI-BAR,SEXT/CAD,VERMELHO,D19044;UN;MATERIAL DE SEGURANÇA;620105.jpg
640517;ELETRODUTO, PVC RIGIDO 32MM X 3M SOLDAV;PC;FERRAGEM ESPECIAL;640517.jpg
640548;ELETROD RIG AÇO ZINC 150MM 641.01.0 I7;PZ;FERRAGEM;640548.jpg
640612;ELETRODUTO PVC SOLD, D=20MM, DDT1740 R.6;PC;PVC;640612.jpg
640616;CURVA PVC RÍG. 50MM,180° CLASSE ADDT1760;PC;MATERIAL GERAL;640616.jpg
640617;ELETRODUTO PVC SOLD.D=50MM DDT1740 I2 R6;PC;FERRAGEM ESPECIAL;640617.jpg
640620;ELETRODUTO PVC,ROSQ,20MM, DDT1740I3R7;PZ;PVC;640620.jpg
640628;BUCHA P/ELETROD.DE PVC,100MM-4,DQN-21;PC;PVC;640628.jpg
640647;DUTO,CORRUGADO,PEAD,200MM,D65120;MT;PVC;640647.jpg
640648;TAMPÃO,ROSQ,DUTO CORRUG,200MM,D65120;PZ;PVC;640648.jpg
640649;LUVA,EMENDA,P/DUTO CORRUG,200MM,D65120;PZ;MATERIAL GERAL;640649.jpg
640789;ELETRODUTO, FLEXIVEL, FITAS DE ACO;M;PVC;640789.jpg
640799;ELETRODUTO, FLEXIVEL, FITAS DE ACO;M;PVC;640799.jpg
640859;CONECTOR, BOX, FIX TUBO FLEX A CAIX;UN;CONECTORES;640859.jpg
640862;ELETRODUTO FLEX,AÇO,PVC 1”,PMA641.50.0;M;PVC;640862.jpg
641136;"ELETRODUTO FLEX ACO CARB PT 3""";UN;PVC;641136.jpg
700002;PROTETOR AURICULAR;UN;EPI/EPC;700002.jpg
720005;MAQUINA DE CINTAR FITA DE AÇO - FUSIMEC;UN;FERRAMENTAS;720005.jpg
720011;BOLSA FERRAMENTAS E EPI LONA VERDE;UN;FERRAMENTAS;720011.jpg
720019;CABECOTE MAN ANTI QUEDA C/PINO GALV 90GR;UN;EPI/EPC;720019.jpg
720024;BOLSA PARA CAPACETE, ET-HS-51;EA;EPI/EPC;720024.jpg
720073;BASTAO MANOBRA FIB VID TDC 32X 1365MM;UN;EPI/EPC;720073.jpg
730002;GUINCHO ELÉTRICO PORTÁTIL PARA IÇAMENTO;EA;FERRAMENTAS;730002.jpg
730004;TALHA DE CATRACA 750;EA;FERRAMENTAS;730004.jpg
730073;TALHA,MANUAL COM CORRENTE,750KGF C/ALAVA;CJT;EPI/EPC;730073.jpg
730086;BOLSA PARA PROTEÇÃO DE OCULOS;UN;FERRAMENTAS;730086.jpg
730119;BOLSA,GUARDA FERRAMENTAS 450X400X170MM;PC;EPI/EPC;730119.jpg
750001;CALÇO,RODA,VIAT,GR/MED.PORTE,ET-OEM-1409;EA;FERRAMENTAS;750001.jpg
760006;MOTOSSERRA,HIDRAULICA,2 ESTÁG.,NTE-G-008;EA;FERRAMENTAS;760006.jpg
760009;MARTELO,PONTA E PÁ 50MM,320 MM,ET-HS-188;PC;FERRAMENTAS;760009.jpg
760029;MARTELO TIPO BOLA,28 OZ,350 MM,ET-HS-188;EA;FERRAMENTAS;760029.jpg
760043;MARRETA, 5,0KG, 800 MM, 9,0 kN,ET-HS-188;PC;FERRAMENTAS;760043.jpg
760049;MARRETA, 1,0KG, 260 MM, 5,2 kN,ET-HS-188;EA;FERRAMENTAS;760049.jpg
760050;MARRETA, 0,5KG, 260 MM, 3,5 kN,ET-HS-188;PC;FERRAMENTAS;760050.jpg
760051;CHAVE,FENDA,ISOLADA, 6,5X150MM,ET-HS-188;EA;FERRAMENTAS;760051.jpg
760053;CHAVE,FENDA,ISOLADA, 5,0X100MM,ET-HS-188;EA;FERRAMENTAS;760053.jpg
760057;CHAVE DE BOCA AJUSTÁVEL,310 MM,ET-HS-188;EA;FERRAMENTAS;760057.jpg
760058;CHAVE DE BOCA AJUSTÁVEL,205 MM,ET-HS-188;EA;FERRAMENTAS;760058.jpg
760064;ALICATE,BOMBA DAGUA,500MM,MOD2,ET-HS-188;UN;FERRAMENTAS;760064.jpg
760075;ALICATE,BOMBA DAGUA,250MM,MOD1,ET-HS-188;EA;FERRAMENTAS;760075.jpg
760093;ALICATE,BICO CHATO,CURTO,140MM,ET-HS-188;EA;FERRAMENTAS;760093.jpg
760153;CABECOTE,VARA MANOBRAABRIR CHAVESEMS1;UN;EPI/EPC;760153.jpg
760155;CHAVE,REGULAGEM(AJUST/INGL)10POL1000V;UN;FERRAMENTAS;760155.jpg
760171;BASTAO,TIRA-PIPA,LINHA VIVA 300MM C/ENCA;UN;FERRAMENTAS;760171.jpg
760173;ESCADA, EXTENSIVEL FIBRA DE VIDRO 4;UN;FERRAMENTAS;760173.jpg
760176;ESCADA, EXTENSIVEL FIBRA DE VIDRO 5;UN;FERRAMENTAS;760176.jpg
760177;ESCADA, SINGELA FIBRA DE VIDRO 3.50;UN;FERRAMENTAS;760177.jpg
760188;CHAVE, CATRACA REVERSIVEL, ISOLADO;UN;FERRAMENTAS;760188.jpg
760199;CHAVE SEGUR P/ CX DE MEDIDOR DED-1933 R7;PC;MATERIAL DE SEGURANÇA;760199.jpg
760200;CHAVE,MAGNET146MMBICO INOXPARAF SEG.17;UN;MATERIAL DE SEGURANÇA;760200.jpg
760201;CHAVE,SEGCAB LOBP/ABRIR/FECHAR CX DERV;UN;MATERIAL DE SEGURANÇA;760201.jpg
760221;CHAVE,SOQUETE SEXT,C/CABO,11MM;UN;FERRAMENTAS;760221.jpg
760222;ENXADA,ACO CARBONO,185X305MM,2.1/2;UN;FERRAMENTAS;760222.jpg
760225;BASTAO, MANOBRA ISOLANTE PEGA TUDO,;UN;FERRAMENTAS;760225.jpg
760227;CAVADEIRA,BOCA ARTICULAVEL,135X275M;UN;FERRAMENTAS;760227.jpg
760228;FERRAMENTA, LOADBUSTER, 14.4/25KV 6;UN;FERRAMENTAS;760228.jpg
760234;VARA, MANOBRA TELESCOPICA SECAO TRI;UN;FERRAMENTAS;760234.jpg
760235;VARA,TELESCOPICA,7 ELEMENTOS,HSE-19-128;UN;FERRAMENTAS;760235.jpg
760237;FERRAMENTA, LOADBUSTER, 25/34.5KV 6;UN;FERRAMENTAS;760237.jpg
760239;DETECTOR,TENSAO,APROXIMA,C/BAT,1-138KV;UN;FERRAMENTAS;760239.jpg
760243;ALICATE, BICO MEIA-CANA, 140MM,ET-HS-188;CDA;FERRAMENTAS;760243.jpg
760248;ALICATE UNIV,ISOL, 200MM,1.4kN,ET-HS-188;CDA;FERRAMENTAS;760248.jpg
760258;CHAVE CANHÃO DE 10MM ISOLADA, CHAVE CANH;CDA;FERRAMENTAS;760258.jpg
760260;PONTEIRO, EM AÇO SEXTAVADO DIÂMETRO DE 1;EA;FERRAMENTAS;760260.jpg
760261;ESTICADOR DE CABO ALUMÍNIO CA OU CAA.4 A;EA;FERRAMENTAS;760261.jpg
760262;ESTICADOR DE CABO CU.AL - CAA 3/0. 336,4;EA;FERRAMENTAS;760262.jpg
760264;ESTICADOR FIO DE COBRE 6 A 1/0 AWG, DIÂM;EA;FERRAMENTAS;760264.jpg
760267;CONJUNTO DE MATRIZES PARA ALICATE HIDRÁU;MMT;FERRAMENTAS;760267.jpg
760270;KIT ESTAIAMENTO ISOLADO PARA ESCADA ISOL;EA;FERRAMENTAS;760270.jpg
760271;KIT TRIPE ESTABILIZADOR PARA POSTE ;UN;FERRAMENTAS;760271.jpg
760273;Kit estaiamento isolado para poste;EA;FERRAMENTAS;760273.jpg
760278;CALÇO PARA SAPATAS ESTABILIZADORAS DE CESTA AÉREA ;UN;FERRAMENTAS;760278.jpg
760279;TALHA COM TIRANTE DE NYLON 1,5T;UN;FERRAMENTAS;760279.jpg
760280;BANDOLA PARA LANÇAMENTO DE CABO;UN;FERRAMENTAS;760280.jpg
760281;MAT-OMBR-NOM-22-1544-EDBR - Enxadão , ca;CDA;FERRAMENTAS;760281.jpg
760282;"CHAVE CATRACA 19"" ISOLADA";UN;FERRAMENTAS;760282.jpg
760283;FOICE AÇO CARBONO C/ CABO;UN;FERRAMENTAS;760283.jpg
760285;ALICATE CORTA CABO DE AÇO - SELOS - COM;UN;FERRAMENTAS;760285.jpg
760286;NIVELADOR DE ESCADAS;EA;FERRAMENTAS;760286.jpg
760288;BASTÃO PODADOR DE GALHO COM CABEÇOTE UNIVERSAL RH2;EA;FERRAMENTAS;760288.jpg
760289;MOTOSSERRA ELÉTRICA A BATERIA - 36 V - CORTE 30MM;UN;FERRAMENTAS;760289.jpg
760290;MAT-OMBR-NOM-22-1544-EDBR - BOLSA DE LONA;UN;FERRAMENTAS;760290.jpg
760291;BASTAO ALAVANCA PARAPOSTE COM TIRANTE;UN;FERRAMENTAS;760291.jpg
760292;BOMBA RECALQUE,3F,220,60Hz,SUBT,D190.65;EA;FERRAMENTAS;760292.jpg
760294;CAPA PARA CONE PARA ROTA DE FUGA;UN;EPI/EPC;760294.jpg
760296;"CAVADEIRA RETA ""TIPO VANAGA"" - MAT-OMBR-";UN;FERRAMENTAS;760296.jpg
760299;Parafusadeira de Impacto a bateria de 40;EA;FERRAMENTAS;760299.jpg
760300;PARAFUSADEIRA DE IMPACTO A BATERIA DE 18;EA;FERRAMENTAS;760300.jpg
760302;Tesoura Elétrica para Condutores  - KIT;EA;FERRAMENTAS;760302.jpg
760303;TESOURA CONDUTOR ENERGIZADO A DISTÂNCIA;UN;FERRAMENTAS;760303.jpg
760304;Tesoura , com catraca, isolação 1kV - MA;CDA;FERRAMENTAS;760304.jpg
760306;CHAVE ESTRELA UMA BOCA VDE1000V 13X190MM;UN;FERRAMENTAS;760306.jpg
760307;CHAVE ESTRELA UMA BOCA VDE1000V 14X10MM;UN;FERRAMENTAS;760307.jpg
760308;CHAVE ESTRELA UMA BOCA VDE1000V 17x220mm;UN;FERRAMENTAS;760308.jpg
760309;CHAVE ESTRELA UMA BOCA VDE1000V 19x240mm;UN;FERRAMENTAS;760309.jpg
760310;ALICATE,BOMBA DAGUA,ACO CROMO-VANDIUM IS;UN;FERRAMENTAS;760310.jpg
760311;ALICATE,CORTE,DIAGONAL TIPO SUECO 160 MM;UN;FERRAMENTAS;760311.jpg
760316;CHAVE,PHIL ISOL Nº 1  4.7X150 MM-3/16X6;UN;FERRAMENTAS;760316.jpg
760317;CHAVE,FENDA N/ISOL  4.7X150MM-3/16 X 6;UN;FERRAMENTAS;760317.jpg
760320;FACA,DESENCAPADORA DE CABOS/FIOS,ISOL 10;UN;FERRAMENTAS;760320.jpg
760323;TRENA,FIBRA DE VIDRO,MANIVELA,ESTOJO,50M;UN;FERRAMENTAS;760323.jpg
760326;CHAVE,COMB,BOCAS FIXA-ESTRELA,ANG 18MM ;UN;FERRAMENTAS;760326.jpg
760330;BYPASS,CHAVE FUSIV 13.8KV 100A NTC-78R1;UN;FERRAMENTAS;760330.jpg
760332;BASTAO,MANOBRA,ISOLANTE,FIBRA DE VIDRO,2;UN;FERRAMENTAS;760332.jpg
760333;ARCO, SERRA, PARA SERRA METAIS MANU;UN;FERRAMENTAS;760333.jpg
760336;CHAVE, BOCA AJUST (INGLESA),  8 POL;UN;FERRAMENTAS;760336.jpg
760337;CHAVE, BOCA AJUST (INGLESA), 12 POL;UN;FERRAMENTAS;760337.jpg
760346;MARTELO, ACO, CABECA BOLEADA, 250 G;UN;FERRAMENTAS;760346.jpg
760347;CHAVE, COMBINADA, BOCAS FIXA-ESTREL;UN;FERRAMENTAS;760347.jpg
760351;CHAVE, COMBINADA, BOCAS FIXA-ESTREL;UN;FERRAMENTAS;760351.jpg
760353;CHAVE, CATRACA REVERSIVEL, ISOLADO;UN;FERRAMENTAS;760353.jpg
760354;ALICATE, ELETRICISTA, 200 MM (8 POL;UN;FERRAMENTAS;760354.jpg
760357;CABECOTE,UNIV P/MANOBRA,INTER,HSE-19-128;UN;FERRAMENTAS;760357.jpg
760361;FORMAO,GOIVA,16MM -   5/8 POL;UN;FERRAMENTAS;760361.jpg
760363;TRENA, ACO 5M ESTOJO PLASTICO C/TRA;UN;EPI/EPC;760363.jpg
760365;ALICATE, BOMBA DAGUA, ACO CROMO-VAN;UN;FERRAMENTAS;760365.jpg
760369;CHAVE, FENDA CRUZ, PH (PHILIPS) HAS;UN;FERRAMENTAS;760369.jpg
760371;ALICATE, COMPRESSAO, HIDRAULICO CAB;UN;FERRAMENTAS;760371.jpg
760372;ALICATE, COMPRESSAO, MANUAL MECANIC;UN;FERRAMENTAS;760372.jpg
760373;VARA,MANOBRA SECCION,FIBRA VIDRO,5 ELEM;CJT;FERRAMENTAS;760373.jpg
760376;FERRAMENTA, APLICAR CONECTOR CUNHA,;CJT;FERRAMENTAS;760376.jpg
760381;TESOURAO, CORTAR VERGALHOES, 750MM;UN;FERRAMENTAS;760381.jpg
760383;SUPORTE PARA IÇAMENTO DE TRANSFORMADOR;EA;FERRAGEM;760383.jpg
760385;SOQUETE DE TERRA, MANUAL, COM CABO DE MA;EA;FERRAMENTAS;760385.jpg
760386;Serra de Poda Tipo japonês - MAT-OMBR-NO;CDA;FERRAMENTAS;760386.jpg
760388;SACA POSTE, CONJUNTO MANGEUIRAS - MAT-OM;EA;FERRAMENTAS;760388.jpg
760390;PÁ DE BICO , CABO DE MADEIRA, CONJUNTO -;EA;FERRAMENTAS;760390.jpg
760393;Martelo Ponta Pá - MAT-OMBR-NOM-22-1544-;CDA;FERRAMENTAS;760393.jpg
760395;Martelete Rompedor Elétrico com cabo - M;EA;FERRAMENTAS;760395.jpg
760397;Machado, Médio, Aço - MAT-OMBR-NOM-22-15;EA;FERRAMENTAS;760397.jpg
760398;Jogo de Chave, Sextavado - MAT-OMBR-NOM-;CDA;FERRAMENTAS;760398.jpg
760399;Kit Tira Pipa - MAT-OMBR-NOM-22-1544-EDB;EA;FERRAMENTAS;760399.jpg
760402;GANCHO COM DUPLA TRAVA PARA IÇAMENTO DE;CDA;FERRAMENTAS;760402.jpg
760404;FACA LÂMINA CURVA E RETA C/ LÂMINA;CDA;FERRAMENTAS;760404.jpg
760410;Desencapador de Condutores , MAT-OMBR-NO;EA;FERRAMENTAS;760410.jpg
760412;Compactador de Solo , Hidráulico , MAT-O;EA;FERRAMENTAS;760412.jpg
760413;MATRIZ PARA ALICATE HIDRÁULICO DE COOMPR;EA;FERRAMENTAS;760413.jpg
760414;Matriz para Alicate Hidráulico de Coompr 321;CDA;FERRAMENTAS;760414.jpg
760415;MATRIZ PARA ALICATE HIDRÁULICO DE COMPR M29 IND16;EA;FERRAMENTAS;760415.jpg
760416;Matriz para Alicate Hidráulico de Coompr 261;CDA;FERRAMENTAS;760416.jpg
760417;Matriz para Alicate Hidráulico de Coompr 249;CDA;FERRAMENTAS;760417.jpg
760418;Matriz para Alicate Hidráulico de Coompr 245;CDA;FERRAMENTAS;760418.jpg
760419;Matriz para Alicate Hidráulico de Coompr 243;CDA;FERRAMENTAS;760419.jpg
760420;Matriz para Alicate Hidráulico de Coompr 242;CDA;FERRAMENTAS;760420.jpg
760421;Matriz para Alicate Hidráulico de Coompr 237;CDA;FERRAMENTAS;760421.jpg
760422;Matriz para Alicate Hidráulico de Coompr 236;CDA;FERRAMENTAS;760422.jpg
760423;MATRIZ PARA ALICATE HIDRÁULIC DE COMPR M168 IND168;EA;FERRAMENTAS;760423.jpg
760424;Matriz para Alicate Hidráulico de Coompr 166;CDA;FERRAMENTAS;760424.jpg
760425;MATRIZ PARA ALICATE HIDRÁUL DE COMPR M165 IND165;EA;FERRAMENTAS;760425.jpg
760426;Esmerilhadeira Angular a Bateria;UN;FERRAMENTAS;760426.jpg
760428;CHAVE ERGONÔMICA (ABRIR TAMPA DO CENTRO;UN;FERRAMENTAS;760428.jpg
760429;PARAFUSADEIRA COMPLETA COM KIT DE CHAVE;UN;FERRAMENTAS;760429.jpg
760430;CHAVE TORQUIMÉTRICA COM KIT DE ESTALO DE;UN;FERRAMENTAS;760430.jpg
760431;MANGOTE (50M) BOMBA SUBMERSÍVEL DE MANGO;UN;FERRAMENTAS;760431.jpg
760432;BOMBA D’ÁGUA TRIFÁSICA (GASOLINA)  VIPAR;UN;FERRAMENTAS;760432.jpg
760439;Chave Soquete Allen 8mm;EA;FERRAMENTAS;760439.jpg
760440;Chave Soquete Allen 5mm;EA;FERRAMENTAS;760440.jpg
760455;ESCADA, TIPO OBLONGO,15KV, FIBRA, 43D C;EA;FERRAMENTAS;760455.jpg
760464;ESCADA,EXT.,PERFIL U,FIBRA,35D,ET-OMBR-1;CDA;FERRAMENTAS;760464.jpg
760468;ESCADA,EXT.,PERFIL U,FIBRA,26D,ET-OMBR-1;CDA;FERRAMENTAS;760468.jpg
760473;ADAPTADOR PARA VARA DE MANOBRA -HDF100-A;EA;FERRAMENTAS;760473.jpg
760474;ESCADA,EXT.,PERFIL U,FIBRA,27D,ET-OMBR-1;EA;FERRAMENTAS;760474.jpg
760477;"SERRA COPO 1"" COM SUPORTE PARA FURADEIRA";EA;FERRAMENTAS;760477.jpg
760478;ROLDANA PARA LANÇAMENTO DE CABO MULTPLEX;EA;FERRAMENTAS;760478.jpg
760479;SUPORTE DE APOIO PARA FACHADA;CDA;FERRAMENTAS;760479.jpg
760481;PRUMO DE ACO 400GR;EA;PADRÃO;760481.jpg
760482;MOITÃO TRIPLO ISOLADO PARA LINHA VIVA;EA;FERRAMENTAS;760482.jpg
760484;LONA  3000X3000MM;CDA;FERRAMENTAS;760484.jpg
760488;LUPA DE AUMENTO COM CABO;EA;FERRAMENTAS;760488.jpg
760489;ALICATE CORTE FRONTAL DE 6 POL. ISOLADO;EA;FERRAMENTAS;760489.jpg
760490;GARRAFA TÉRMICA 12 LTS;UN;FERRAMENTAS;760490.jpg
760492;ESCADA, TIPO SINGELA FIBRA DE VIDRO NÚM;EA;PADRÃO;760492.jpg
760494;CHAVE DE BOCA AJUSTAVEL ISOLADA 250MM (I;EA;FERRAMENTAS;760494.jpg
760496;CHAVE CANHÃO ISOLADA 13MM, CHAVE CANHÃO;CDA;FERRAMENTAS;760496.jpg
760497;CHAVE POSIDRIVE ISOLADA;EA;FERRAMENTAS;760497.jpg
760498;Tesoura Condutor Energizado para corte d;EA;FERRAMENTAS;760498.jpg
760499;Suporte temporário para condutor 15kV;EA;FERRAMENTAS;760499.jpg
760500;Moitão duplo sem isolação;EA;FERRAMENTAS;760500.jpg
760502;KIT MOTOSERRA ELÉTRICA 18V PORTÁTIL sabr;CDA;FERRAMENTAS;760502.jpg
760504;MOTO PODA A COMBUSTÃO;CDA;FERRAMENTAS;760504.jpg
760505;"TARRAXA 3/4""";EA;EPI/EPC;760505.jpg
760506;"TARRAXA 2""";EA;FERRAMENTAS;760506.jpg
760507;CHAVE MESTRA PARA BITS;EA;FERRAMENTAS;760507.jpg
760508;CHAVE DE CONEXÃO/BICONCÊNTRICO;EA;FERRAMENTAS;760508.jpg
760510;TESOURA CORTAR-COND DESERNEGIZ-556,4MCM;EA;FERRAMENTAS;760510.jpg
760511;TESOURA CONDUTOR-ENERGIZADO 1/0ACSR;EA;FERRAMENTAS;760511.jpg
760512;TESOURA P/CORTAR-PARAF-TAM-1 24POL;CDA;FERRAMENTAS;760512.jpg
760513;SERRA PODA COM GANCHO E CABEÇOTE UNIVERS;CDA;FERRAMENTAS;760513.jpg
760514;ARCO AJUST SERRA 658MM PODAS-ARVORE;EA;FERRAMENTAS;760514.jpg
760516;KIT DE CORTADOR DE GALHOS A BATERIA MODE;EA;FERRAMENTAS;760516.jpg
760521;Bolsa de Ferramentas para Motosserra a B;EA;FERRAMENTAS;760521.jpg
760530;FASIMETRO13,8KV60HZC/SEQ FASE 1-16KV;PC;FERRAMENTAS;760530.jpg
760532;CHAVE FENDA 1/4X6 MED ISOL. 1000V PROF;PC;FERRAMENTAS;760532.jpg
760579;Caixa de Ferramentas para Cesto Aéreo;EA;PADRÃO;760579.jpg
760625;Cortador para cabos com alma de aço;EA;FERRAMENTAS;760625.jpg
760627;CORTADOR DE VERGALHÕES A BATERIA;EA;FERRAMENTAS;760627.jpg
780005;ALICATE DE COMPRENSÃO 12 TON;CDA;FERRAMENTAS;780005.jpg
780007;Ferramenta de Inserção de Conector Tipo;EA;FERRAMENTAS;780007.jpg
780008;BROCA DE VIDEA 8MM PARA PERFURAR CONCRET;EA;FERRAMENTAS;780008.jpg
780009;BROCA DE VIDEA 6MM PARA PERFURAR CONCRET;CDA;FERRAMENTAS;780009.jpg
780010;RECIPIENTE PARA TRANSPORTE DE COMBUSTÍVE;EA;FERRAMENTAS;780010.jpg
780011;"TARRAXA 1""";EA;FERRAGEM;780011.jpg
780566;PARAFUSO, CABECA SEXTAVADA AÇO INOX M12X;PC;FERRAGEM;780566.jpg
780568;"PARAFUSO AUTO-ATARRAXANTE 1""X 1/8""";PC;MATERIAL GERAL;780568.jpg
780569;PARAF.AUTO ATARRACHANTE,FE ZINC.6,3X38MM;PC;MATERIAL GERAL;780569.jpg
780570;PARAF.CABÇ.CILÍND.FENDA FE ZINC.6,3X16MM;PC;MATERIAL GERAL;780570.jpg
780571;"PARAF.C.LIMÃO C/FENDA FE ZINC.1/4X1/2""";PC;MATERIAL GERAL;780571.jpg
780572;"PARAF.C.LIMÃO C/FENDA FE ZINC.3/16X1""";PC;MATERIAL GERAL;780572.jpg
780573;"PARAF.C.LIMÃO C/FENDA FE ZINC.3/16X3/8""";PC;MATERIAL GERAL;780573.jpg
780574;PARAF.C.REDONDA 3/16X1/2'' C/ARRUELA;PC;MATERIAL GERAL;780574.jpg
780580;PARAF.FENDA,CAB.PLANA 5,0X50MMP/BUCHA S8;PC;MATERIAL GERAL;780580.jpg
780581;BUCHA PLÁSTICA S8.;PC;MATERIAL GERAL;780581.jpg
780586;PARAF.OLHAL FORJAZM20X2,5L=350B=270;PC;MATERIAL GERAL;780586.jpg
780596;CINTA-POSTE CIRC 390MM-D + CARACT PM0037;PR;FERRAGEM;780596.jpg
780597;CINTA-POSTE CIRC 350MM- D+CARACT PM0037;PR;FERRAGEM;780597.jpg
780601;MOTOPODA, HT-131 STIHL;UN;FERRAMENTAS;780601.jpg
780607;PARAFUSO,CB SEXT,INOX,12X125,COMP,D41019;PC;MATERIAL GERAL;780607.jpg
780644;PARAFUSO,CAB QUAD,AL,16X200,D90410.2;UN;FERRAGEM;780644.jpg
780645;PARAFUSO,CAB QUAD,AL,16X250,D90410.2;UN;FERRAGEM;780645.jpg
780646;PARAFUSO,CAB QUAD,AL,16X300,D90410.2;UN;FERRAGEM;780646.jpg
780648;PARAFUSO,CAB QUAD,AL,16X400,D90410.2;UN;FERRAGEM;780648.jpg
780653;PARAFUSO,CAB QUAD,AZ,16X200,D41010 ;PC;MATERIAL GERAL;780653.jpg
780654;PARAFUSO,CAB QUAD,AZ,16X250,D41010;PC;MATERIAL GERAL;780654.jpg
780655;PARAFUSO,CAB QUAD,AZ,16X300,D41010;UN;FERRAGEM;780655.jpg
780656;PARAF.CAB.QUADR.AZ 16 X 350MM ITEM1;PC;FERRAGEM;780656.jpg
780657;PARAFUSO,CAB QUAD,AZ,16X400,D41010;UN;FERRAGEM;780657.jpg
780659;PARAFUSO,CAB QUAD,AZ,16X 50,D41010;UN;FERRAGEM;780659.jpg
780710;ARRUELA,QUADRADA,AZ, 50X3X18MM,D41003;PC;MATERIAL GERAL;780710.jpg
780711;ARRUELA,QUADRADA,AZ, 38X3X14MM,D41003;UN;FERRAGEM;780711.jpg
780713;ARRUELA,QUADRADA,AL,50X3X18MM,D90402;UN;MATERIAL GERAL;780713.jpg
780720;ARRUELA,RED,AZ,36X3X18MM,D41001.3;UN;FERRAGEM;780720.jpg
780725;FECHO,FITA,ACO INOX,19X0,8MM,D65505.3732;UN;DIVERSOS;780725.jpg
780730;HASTE,ANCORA,AZ,16X2400,5000DAN,D44501.3;UN;FERRAGEM;780730.jpg
780742;CINTA P/POSTE CIRC.230MM, DED-0037 I5 R4;PC;FERRAGEM;780742.jpg
780743;CINTA P/POSTE CIRC.250MM, DED-0037 I6 R4;PC;FERRAGEM;780743.jpg
780744;CINTA P/POSTE CIRC.270MM, DED-0037 I7 R4;PC;FERRAGEM;780744.jpg
780745;CINTA P/POSTE CIRC 290MM, DED-0037 I8 R4;PC;FERRAGEM;780745.jpg
780746;CINTA POSTE CIRC.AL 310MM DED-1257 I9 R2;PC;MATERIAL GERAL;780746.jpg
780747;CINTA POSTE CIRC.AL 330M DED-1257 I10 R2;PC;MATERIAL GERAL;780747.jpg
780748;PORCA LIGA DE ALUMÍNIO, DED-1263 R2;PC;MATERIAL GERAL;780748.jpg
780749;PINO CURTO ISOL.192X16MM RC DED1769 R.1;PC;FERRAGEM;780749.jpg
780750;PARAF.CABEÇA ABAUL.LIGA AL.DED-1262 I1R2;PC;MATERIAL GERAL;780750.jpg
780751;PARAF.CABEÇA ABAUL.LIGA AL.DED-1262 I2R2;PC;MATERIAL GERAL;780751.jpg
780752;PARAF.CABEÇA ABAUL.LIGA AL.DED-1262 I3R2;PC;MATERIAL GERAL;780752.jpg
780753;PARAF.CAB.ABAU.45X38X16MM,DED-0044 I1 R4;PC;FERRAGEM DIVERSOS;780753.jpg
780754;PARAF.CAB.ABAU.70X60X16MM,DED-0044 I2 R4;PC;FERRAGEM DIVERSOS;780754.jpg
780755;PARAF.CAB.ABAU.150X75X16MM,DED-0044 I3R4;PC;FERRAGEM;780755.jpg
780756;PARAF.CAB.QUAD.50X35X16MM DED-0045 I1 R4;PC;FERRAGEM DIVERSOS;780756.jpg
780757;PARAF.CAB.QUAD.AL 50X35X16MM DED-1261;PC;MATERIAL GERAL;780757.jpg
780758;PARAF.CAB.QUA.125X80X16MM,DED-0045 I2 R4;PC;FERRAGEM;780758.jpg
780759;PARAF.CAB.QUA.150X80X16MM,DED-0045 I3 R4;PC;FERRAGEM;780759.jpg
780760;PARAF.CAB.QUAD.AL125X80X16MM DED-1261;PC;MATERIAL GERAL;780760.jpg
780761;PARAF.CAB.QUA.200X120X16MM,DED-0045 I4R4;PC;FERRAGEM;780761.jpg
780762;PARAF.CAB.QUA.250X170X16MM,DED-0045 I5R4;PC;FERRAGEM DIVERSOS;780762.jpg
780763;PARAF.CAB.QUA.300X220X16MM,DED-0045 I6R4;PC;FERRAGEM DIVERSOS;780763.jpg
780764;PARAF.CAB.QUA.350X270X16MM DED0045 I7 R4;PC;FERRAGEM DIVERSOS;780764.jpg
780765;PARAF.CAB.QUA.400X320X16MM,DED-0045 I8R4;PC;FERRAGEM;780765.jpg
780767;PARAF.CAB.QUAD AL150X80X16MM DED-1261;PC;MATERIAL GERAL;780767.jpg
780768;PINO P/ISOLADOR, DED-1829 R.1;PC;FERRAGEM;780768.jpg
780769;PARAF CAB QUAD AL 200X120X16MM DED-1261;PC;MATERIAL GERAL;780769.jpg
780770;PARAF.CAB.QUAD.AL250X170X16MM DED-1261;PC;MATERIAL GERAL;780770.jpg
780771;PORCA DE AÇO CARBONO, DED-0047 R.4;PC;MATERIAL GERAL;780771.jpg
780772;PARAF.CAB.QUA. AL300X220X16MM DED-1261;PC;MATERIAL GERAL;780772.jpg
780773;PARAF.CAB.QUA. AL 350X270X16MM DED-1261;PC;MATERIAL GERAL;780773.jpg
780775;PARAFUSO, CABEÇA QUAD. LIGA AL 450X370X1;PC;MATERIAL GERAL;780775.jpg
780776;PARAFUSO, CABEÇA QUAD. LIGA AL 500X420X1;PC;MATERIAL GERAL;780776.jpg
780777;PARAFUSO, CABEÇA QUAD. LIGA AL 550X470X1;PC;MATERIAL GERAL;780777.jpg
780779;PARAF ROSC DUPLA 400X175X16MM DQN-1990I1;PC;FERRAGEM;780779.jpg
780780;PARAF ROSC DUPL 450X200X16MM DQN-1990 I2;PC;FERRAGEM;780780.jpg
780781;PARAF ROSC DUPL 500X225X16MM DQN-1990 I3;PC;FERRAGEM;780781.jpg
780782;PARAF ROSC DUPL 550X250X16MM DQN-1990 I4;PC;FERRAGEM DIVERSOS;780782.jpg
780783;PARAF ROSC DUPL 600X275X16MM DQN-1990 I5;PC;FERRAGEM DIVERSOS;780783.jpg
780784;PARAF ROSC  DUP AL 400X175X16MM DQN-1991;PC;MATERIAL GERAL;780784.jpg
780785;PARAF ROSC DUP  AL 450X200X16MM DQN-1991;PC;MATERIAL GERAL;780785.jpg
780786;PARAF ROSC DUP AL 500X225X16MM DQN-1991;PC;MATERIAL GERAL;780786.jpg
780787;PARAF ROSC DUP AL 550X250X16MM DQN-1991;PC;MATERIAL GERAL;780787.jpg
780788;PARAF ROSC DUP AL 600X275X16MM DQN-1991;PC;MATERIAL GERAL;780788.jpg
780792;CHUMBADOR EXPANS,ROSCA M12X2,00,DQN2134;PC;MATERIAL GERAL;780792.jpg
780801;CINTA POSTE CIRC.AL 160MM PM-1257 I2 R3;PC;MATERIAL GERAL;780801.jpg
780801-3;CINTA POSTE CIRC.AL 160MM PM-1257 I2 R3;PC;FERRAGEM;780801-3.jpg
780802;CINTA POSTE CIRC.AL 240MM PM-1257 I10 R3;PZ;FERRAGEM;780802.jpg
780803;CINTA POSTE CIRC.AL 260MM PM-1257 I12 R3;PZ;FERRAGEM;780803.jpg
780820;PINO-ISOLADOR PILAR-PM-1829 I2;PC;FERRAGEM;780820.jpg
780859;ARRUELA,RED,AZ,36X3X18MM,D410.01.0;UN;FERRAGEM;780859.jpg
780907;SELO,SEMI-BAR,SEXT/CAD,AMARELO,D19044;UN;MATERIAL DE SEGURANÇA;780907.jpg
780908;SELO,SEMI-BAR,SEXT/CAD,LILAS,D19044;UN;MATERIAL DE SEGURANÇA;780908.jpg
780929;PARAF.PHILLIPS,4,8X50MM,PMA-410.22.1;PC;FERRAGEM;780929.jpg
780932;PORCA,OLHAL,AZ,M16X2,D410.39;UN;FERRAGEM;780932.jpg
780938;BUCHA, NYLON, SEM PARAFUSO NR 8;UN;MATERIAL GERAL;780938.jpg
781306;ALAVANCA,ACO,CILINDRICA,PONTA RETA-;UN;FERRAMENTAS;781306.jpg
781309;CAIXA, FERRAMENTAS ELETRICISTA, TIP;UN;FERRAMENTAS;781309.jpg
781451;DESCASCADOR DE CABO;UN;FERRAMENTAS;781451.jpg
800215;ELO OLHAL-90º-AÇO FORJADO-RUPTURA 120 kN;PC;MATERIAL GERAL;800215.jpg
800218;LUVA DE VAQUETA TAM. G,270x150MM;PAR;EPI/EPC;800218.jpg
800219;LUVA DE VAQUETA TAM. M,225x130MM;PAR;EPI/EPC;800219.jpg
800246;EMENDA P/CB POTÊNC.8,7/15KV,DED-1947 I.1;PC;CONECTORES;800246.jpg
800248;ESPAÇADOR RC 15KVDED-1766 I3;PC;MATERIAL GERAL;800248.jpg
800250;FITA,ABRAÇ.AÇO INOXDQN-1964 R1;MT;CABO ESPECIAL;800250.jpg
800258;LAMINA DESLIGAD,TIPO C,15KV,300A-PM2228;PC;CHAVES;800258.jpg
800264;CAIXA,PASS,CONC,1000X1100X1100MM,D31702;UN;DIVERSOS;800264.jpg
800291;ESPUMA EXPANSIVA PU 500ML;UN;FERRAMENTAS;800291.jpg
800457;CIMENTO;UN;PADRÃO;800457.jpg
820089;TRANSFORMADOR, DISTRIBUICAO TRIFASICO 10;PC;TRANSFORMADORES NOVOS;820089.jpg
820094;DISJUNT,TERMOMAG.DIV.TIPOS/CAPAC.INSERV;KG;MATERIAL GERAL;820094.jpg
820098;FIO E CORDOALHA ACO DIVERSOS TIPOS - SUC;KG;COND.ALUM.NÚ.CAA.SUCATA [C/ALMA];820098.jpg
820102;FIO E CABO CU NU - DIV TIPOS - SUCATA;KG;COND.CU.NÚ.SUCATA;820102.jpg
820103;FIO E CABO, AL NU C/ALMA ACO DIVERSOS TI;KG;COND.ALUM.NÚ.CAA.SUCATA [C/ALMA];820103.jpg
820104;FIO E CABO, COBRE ISOLADO-DIVERSOS TIPOS SUCATA;KG;COND.CU.ISOLADO.SUCATA;820104.jpg
820106;SUCATA DE OUTROS;KG;SUCATA;820106.jpg
820114;P.RAIOS,POLIM.OX.ZINC,120KV,CL-3,S/CONT.;PC;MATERIAL GERAL;820114.jpg
820162;CILINDRO DE SEGURANÇA- CONFECC AÇO/COBRE;PC;MATERIAL GERAL;820162.jpg
820167;PLACA MED 2 POS SMF ENCAP ALUM 776X30;PC;MEDIDOR;820167.jpg
820485;BATERIA P/SE DIVERSOS TIPOS CAPAC-SUCATA;KG;DIVERSOS;820485.jpg
820488;REGULADOR TENSAO-DIV TIPOS-SUCATA;PC;DIVERSOS;820488.jpg
830104;CHAPA,CURVAAZ30X 5X14MMATERRD80020.2;UN;FERRAGEM;830104.jpg
850008;CJ ATERR TEMP-SELA RD MT, SOLO,ET-HS-189;CJT;FERRAMENTAS;850008.jpg
850009;CONJUNTO PROT. OPER.MOTOSSERRA,ET-HS-312;PC;FERRAMENTAS;850009.jpg
850027;CJ ATERR TEMP-SELA,RD MT,ESCAD,ET-HS-189;EA;FERRAMENTAS;850027.jpg
850028;ATERRAMENTO,RAP.,CUBÍC.,13,8KV,ET-HS-189;CDA;FERRAMENTAS;850028.jpg
850029;CAPACETE,SEG.,FRO.,CL.B,BRANCO,ET-HS-311;UN;EPI/EPC;850029.jpg
850030;CAPACETE, AF, CLASSE B, VERDE, ET-HS-311;UN;EPI/EPC;850030.jpg
850031;CAPACETE, AF., CLASSE B, AZUL, ET-HS-311;UN;EPI/EPC;850031.jpg
850032;MANGA, PROT, AT, CL4, PRETA, M,ET-HS-216;PAR;EPI/EPC;850032.jpg
850033;MANGA ISOLANTE CLASSE 4-40KV;PAR;EPI/EPC;850033.jpg
850034;MANGA PROT, AT, CL2, AMARELA,G,ET-HS-216;PAR;EPI/EPC;850034.jpg
850035;"LUVA SEG AT BOR,12,0"" CL4 36KV,ET-HS-216";PAR;EPI/EPC;850035.jpg
850036;"LUVA SEG AT BOR 10,5"" CL4 36KV,ET-HS-216";PAR;EPI/EPC;850036.jpg
850037;"LUVA ISOL.BORR,8"" CL4 36KV,ET-HS-216";PAR;EPI/EPC;850037.jpg
850038;"LUVA SEG AT BOR,12,0"" CL2 20KV,ET-HS-216";PAR;EPI/EPC;850038.jpg
850039;"LUVA SEG AT BOR,11,5"" CL2 20KV,ET-HS-216";EA;EPI/EPC;850039.jpg
850040;"LUVA SEG AT BORR,8,5"" CL2 20KV,ET-HS-216";PAR;EPI/EPC;850040.jpg
850041;CONJ TRAB ALTURA LV TAM 2,ET-HS-128,KIT;UN;FERRAMENTAS;850041.jpg
850042;CONJ TRAB ALTURA LV TAM 1,ET-HS-128,KIT;UN;EPI/EPC;850042.jpg
850043;CAMISA,RETARDANTE-CHAMA,LONG XG,ET-HS-55;EA;UNIFORME;850043.jpg
850044;CAMISA,RETARDANTE-CHAMA,LONG PP,ET-HS-55;EA;UNIFORME;850044.jpg
850045;CALCA,RETARD-CHAMA, TAM XG(60), ET-HS-55;EA;UNIFORME;850045.jpg
850075;LUVA DE VAQUETA, P, 225X120MM, ET-HS-218;PAR;EPI/EPC;850075.jpg
850076;"LUVA ISOL. BORR.,12"", CL0, 1KV,ET-HS-216";PR;PADRÃO;850076.jpg
850077;"LUVA ISOL. BORR.,11,5"",CL0,1KV,ET-HS-216";PAR;EPI/EPC;850077.jpg
850078;"LUVA ISOL. BORR.,11"", CL0, 1KV,ET-HS-216";PAR;EPI/EPC;850078.jpg
850079;DESCENSOR,AUTO BLOCANTE,9-13MM,ET-HS-128;EA;FERRAMENTAS;850079.jpg
850080;"LUVA ISOL. BORR.,8,5"",CL0,1KV, ET-HS-216";PAR;EPI/EPC;850080.jpg
850081;"LUVA ISOL. BORR.,8"", CL0, 1KV, ET-HS-216";PAR;EPI/EPC;850081.jpg
850084;DETECTOR DE TENSAO USO PESSOAL,ET-HS-317;PC;EPI/EPC;850084.jpg
850088;"LUVA ISOL BORR 10,5"" CL00 500V,ET-HS-216";PAR;EPI/EPC;850088.jpg
850089;"LUVA ISOL BORR, 10"" CL00, 500V,ET-HS-216";PAR;EPI/EPC;850089.jpg
850090;"LUVA ISOL BORR 9,5"" CL00, 500V,ET-HS-216";PAR;EPI/EPC;850090.jpg
850094;"LUVA SEG AT BOR, 8,5"" CL4 36KV,ET-HS-216";PAR;EPI/EPC;850094.jpg
850095;PERNEIRA DE SEGURANCA,C/ FIVELA,ET-HS-65;PAR;EPI/EPC;850095.jpg
850096;LUVA DE SUEDINE,SEM COST,TAM.P,ET-HS-218;PAR;EPI/EPC;850096.jpg
850097;CONJ.,CAPACETE+PROT FACIAL,BR, ET-HS-311;UN;EPI/EPC;850097.jpg
850098;OCULOS,SEGURANCA,LENTE INCOLOR,ET-HS-130;UN;EPI/EPC;850098.jpg
850099;OCULOS,SEG,LENTE CINZA,TON.3,0,ET-HS-130;UN;EPI/EPC;850099.jpg
850100;OCULOS,SEG,LENTE CINZA,TON.2,0,ET-HS-130;PC;EPI/EPC;850100.jpg
850103;DISPOSITIVO,(ICC)-CONJ,3 PEÇAS,ET-HS-128;UN;FERRAMENTAS;850103.jpg
850104;ATERR,RAP,RD PR,3F,SOLO,SUBCJ1,ET-HS-189;UN;FERRAMENTAS;850104.jpg
850153;SACOLA,LONA,VERDE, 40X70CM,26L,ET-HS-128;EA;FERRAMENTAS;850153.jpg
850154;SACOLA, LONA, VERDE,30X48X60CM,ET-HS-128;EA;FERRAMENTAS;850154.jpg
850156;TALABARTE,SIMPLES,TIPO I,DIEL.,ET-HS-128;PC;EPI/EPC;850156.jpg
850158;MOSQUETAO,SERV,TP.PERA,3 TRAVA,ET-HS-128;CDA;FERRAMENTAS;850158.jpg
850159;MOSQUETAO,SERV,TP.OVAL,3 TRAVA,ET-HS-128;EA;FERRAMENTAS;850159.jpg
850173;BOTA-SEG-BORRACHA-PRETA-45-EMS05;PAR;EPI/EPC;850173.jpg
850174;BOTA-SEG-BORRACHA-PRETA-44-EMS05;PAR;EPI/EPC;850174.jpg
850175;BOTA-SEG-BORRACHA-PRETA-43-EMS05;PAR;EPI/EPC;850175.jpg
850176;BOTA SEG BORRACHA PRETA/MARROM TAM 42;PAR;EPI/EPC;850176.jpg
850177;BOTA SEG BORRACHA PRETA/MARROM TAM 41;PAR;EPI/EPC;850177.jpg
850178;BOTA SEG BORRACHA PRETA/MARROM TAM 40;PAR;EPI/EPC;850178.jpg
850179;BOTA,SEG,BORRACHA,PRETA,36,EMS05;PAR;EPI/EPC;850179.jpg
850180;BOTA,SEG,BORRACHA,PRETA,37,EMS05;PAR;EPI/EPC;850180.jpg
850181;BOTA,SEG,BORRACHA,PRETA,38,EMS05;PAR;EPI/EPC;850181.jpg
850182;BOTA-SEG-BORRACHA-PRETA-39-EMS05;PAR;EPI/EPC;850182.jpg
850190;LUVA VAQUETA-SEG COURO-PUNH CT-10-EMS28;PAR;EPI/EPC;850190.jpg
850200;BOTA,SEG,COURO,SOLADO PU,PRETA,45,EMS06;PAR;EPI/EPC;850200.jpg
850204;DETETOR,TENSAO100V-1KVSON/LUMINEMS-32 I;UN;FERRAMENTAS;850204.jpg
850209;CAPACETE SEG.II ABA FRONTAL 38MM;PC;EPI/EPC;850209.jpg
850211;ÓCULOS,SEG.C/LENTES INCOLORES-TAM.48;PC;EPI/EPC;850211.jpg
850246;CABEÇOTE,ADAPTADORABRIR CHAVE/ICCEMS34;UN;FERRAMENTAS;850246.jpg
850247;OCULOS,SEG,SOBREPOR,LENTE AMARELA,EMS33;PC;EPI/EPC;850247.jpg
850253;BOTA,SEG,BORRACHA,PRETA,35,EMS05;PAR;EPI/EPC;850253.jpg
850274;PROTETOR SOLAR LUVEX FPS 60-120G C/ REP.;UN;EPI/EPC;850274.jpg
850296;CINTA ANCORAGEM REGULAVEL 30/120CM;UN;FERRAMENTAS;850296.jpg
850312;CONJ PROT,CHUVA,JAQ+CAL,TAM G;CJT;EPI/EPC;850312.jpg
850313;CONJ PROT,CHUVA,JA+CAL,TAM GG,HSE-19-129;CJT;EPI/EPC;850313.jpg
850314;CONJ PROT,CHUVA,JAQ+CAL,TAM M,HSE-19-129;CJT;EPI/EPC;850314.jpg
850315;CONJ PROT,CHUVA,JAQ+CAL,TAM P,HSE-19-129;CJT;EPI/EPC;850315.jpg
850316;CONJ PROT,CHUVA,JAQ+CALTAM EG,HSE-19-129;CJT;EPI/EPC;850316.jpg
850317;BANQUETA,ISOLANTE,FIBRA DE VIDRO ANTI-DE;UN;FERRAMENTAS;850317.jpg
850318;CAIXA,PRIMEIROS SOCORROS-CONJ,TIPO 1;UN;EPI/EPC;850318.jpg
850319;CALCA,RET-CHAMA,TAM PP(34-36),HSE-17-055;UN;UNIFORME;850319.jpg
850320;CALÇA RETARDANTE ANTI CHAMA P;UN;UNIFORME;850320.jpg
850321;CALÇA RETARDANTE ANTI CHAMA M;UN;UNIFORME;850321.jpg
850322;CALÇA RETARDANTE ANTI CHAMA G;UN;UNIFORME;850322.jpg
850323;CALÇA RETARDANTE ANTI CHAMA GG;UN;UNIFORME;850323.jpg
850330;CAMISA,RET-CHAMA,LONG G(52-54)HSE-17-055;UN;UNIFORME;850330.jpg
850331;CAMISA RETARDANTE ANTI CHAMA GG - XG;UN;UNIFORME;850331.jpg
850332;CAMISA RETARDANTE ANTI CHAMA  M;UN;UNIFORME;850332.jpg
850333;LENCOL, BORRACHA ISOLANTE, BT CLASS(USD);UN;FERRAMENTAS;850333.jpg
850336;CAMISA RETARDANTE ANTI CHAMA  P;UN;UNIFORME;850336.jpg
850360;FURADEIRA,ELETRICA,PORTATIL,220V,40;UN;FERRAMENTAS;850360.jpg
850377;BOTINA,COURO,C/CAD,N°46,HSE-19-0131-EDGO;UN;EPI/EPC;850377.jpg
850378;TOUCA PROT BALACLAVA/2OR MALHA CRU TAM U;UN;EPI/EPC;850378.jpg
850386;HASTE ATERRAMENTO GALVANIZADA, DED-1944;PC;FERRAGEM ESPECIAL;850386.jpg
850387;HASTE ATERRAMENTO COBREADA, DED-1945 R.3;PC;FERRAGEM;850387.jpg
850388;ETIQUETA IDENTIFICADORA N°0,DED-1862I1R2;PC;MATERIAL GERAL;850388.jpg
850389;ETIQUETA IDENTIFICADORA N°1,DED-1862I2R2;PC;MATERIAL GERAL;850389.jpg
850390;ETIQUETA IDENTIFICADORA N°2,PM-1862I3R3;PC;MATERIAL GERAL;850390.jpg
850391;ETIQUETA IDENTIFICADORA N°3,DED-1862I4R2;PC;MATERIAL GERAL;850391.jpg
850392;ETIQUETA IDENTIFICADORA N°4,DED-1862I5R2;PC;MATERIAL GERAL;850392.jpg
850393;ETIQUETA IDENTIFICADORA N°5,DED-1862I6R2;PC;MATERIAL GERAL;850393.jpg
850394;ETIQUETA IDENTIFICADORA N°6,DED-1862I7R2;PC;MATERIAL GERAL;850394.jpg
850395;ETIQUETA IDENTIFICADORA N°7,DED-1862I8R2;PC;MATERIAL GERAL;850395.jpg
850396;ETIQUETA IDENTIFICADORA N°8,DED-1862I9R2;PC;MATERIAL GERAL;850396.jpg
850397;ETIQUETA IDENTIFICADORA N°9,DED1862I10R2;PC;MATERIAL GERAL;850397.jpg
850412;SELO,SEGURTIPO II CINZA PM1992 I7 R7;PC;MATERIAL DE SEGURANÇA;850412.jpg
850414;SELO-SEGUR-TIPO II- VERDE- PM1992 I9 R6;PC;MATERIAL DE SEGURANÇA;850414.jpg
850415;PROTETOR FACIAL INCOLOR RISCO ELÉTRICO;PC;EPI/EPC;850415.jpg
850444;TRAVA-QUEDA,P/CORDAS,TRAB ALT,HSE-19-128;UN;EPI/EPC;850444.jpg
850445;PICARETA,SEM CABO,MARCA CLUCH;UN;FERRAMENTAS;850445.jpg
850453;"LUVA SEG AT BORR,9,0"" CL2 17KV,HSE20-216";PAR;EPI/EPC;850453.jpg
850454;"LUVA SEG AT BORR,9,5"" CL2 17KV,HSE20-216";PAR;EPI/EPC;850454.jpg
850455;"LUVA SEG AT BOR,10"" CL2 17KV,HSE20-216";PAR;EPI/EPC;850455.jpg
850459;CARNEIRA, REGULAVEL, P/CAPACETE V-G;UN;EPI/EPC;850459.jpg
850463;BOLSA, GUARDA-LUVAS ISOLANTE LONA I;UN;FERRAMENTAS;850463.jpg
850465;BALDE, LONA FIO 10 IMPERMEAVEL ALT;UN;FERRAMENTAS;850465.jpg
850466;BOTINA,COURO,C/CAD,N°37,HSE-19-0131-EDGO;PAR;EPI/EPC;850466.jpg
850467;BOTINA,COURO,C/CAD,N°38,HSE-19-0131-EDGO;PAR;EPI/EPC;850467.jpg
850468;BOTINA,COURO,C/CAD,N°39,HSE-19-0131-EDGO;PAR;EPI/EPC;850468.jpg
850469;BOTINA,COURO,C/CAD,N°40,HSE-19-0131-EDGO;PAR;EPI/EPC;850469.jpg
850470;BOTINA,COURO,C/CAD N°42,HSE-19-0131-EDGO;PAR;EPI/EPC;850470.jpg
850471;BOTINA,COURO,C/CAD,N°43,HSE-19-0131-EDGO;PAR;EPI/EPC;850471.jpg
850472;CONE, SINALIZACAO, PVC FLEXIVEL LAR;UN;EPI/EPC;850472.jpg
850473;PRENDEDOR, PARA UTILIZ EM COBERTURA;UN;EPI/EPC;850473.jpg
850474;"LUVA ISOL. BORR.,10"",CL0, 1KV, ET-HS-216";PAR;EPI/EPC;850474.jpg
850476;"LUVA ISOL. BORR.,9"", CL0, 1KV, ET-HS-216";UN;EPI/EPC;850476.jpg
850478;"LUVA ISOL. BORR.,10,5"",CL0,1KV,ET-HS-216";UN;EPI/EPC;850478.jpg
850485;PLACA, SINALIZACAO, FIBRA DE VIDRO,;UN;EPI/EPC;850485.jpg
850487;CONE,SINALIZACAO,BORRAC,LJ/BR REFL,750MM;UN;EPI/EPC;850487.jpg
850488;LUVA,PROTECAO COBERTURA,TAM. P;PAR;EPI/EPC;850488.jpg
850490;LUVA,PROTECAO COBERTURA,TAM. G;PAR;EPI/EPC;850490.jpg
850491;"LUVA ISOL.BORR,10"" CL4 36KV,ET-HS-216";UN;EPI/EPC;850491.jpg
850492;BOLSA, PARA FERRAMENTAS, LONA VERDE;UN;FERRAMENTAS;850492.jpg
850497;LUVA,PROTECAO COBERTURA,TAM. M;PAR;EPI/EPC;850497.jpg
850498;BOTINA,COURO,C/CAD,N°44,HSE-19-0131-EDGO;PAR;EPI/EPC;850498.jpg
850502;"LUVA SEG AT BOR,10,5"" CL2 17KV,HSE20-216";PAR;EPI/EPC;850502.jpg
850508;"LUVA ISOL.BORR,12"" CL4 36KV,ET-HS-216";UN;EPI/EPC;850508.jpg
850509;"LUVA SEG AT BOR,9,0"" CL4 36KV,HSE20-216";PAR;EPI/EPC;850509.jpg
850510;"LUVA SEG AT BOR,9,5"" CL4 36KV,HSE20-216";PAR;EPI/EPC;850510.jpg
850511;MACACAO, SEG. APICULTOR,TAM. G;CJT;EPI/EPC;850511.jpg
850514;ATERRAMENTO RAPIDO, REDE SECUNDARIA FP;PC;FERRAMENTAS;850514.jpg
850516;LONA,PLAST 2X2,EQ/FERR SOLO,LA/PR,HSE-19-128;M;EPI/EPC;850516.jpg
850521;CORDA, SEGURANCA ESTATICA, POLIAMID;M;FERRAMENTAS;850521.jpg
850522;MOSQUETAO,CINT.PQDT,PERA,3TRAV,ET-HS-128;UN;FERRAMENTAS;850522.jpg
850523;TALABARTE,SEG,POSICIONAMENTO,HSE-19-128;UN;EPI/EPC;850523.jpg
850525;CONJ,TRAB ALTURA,P/POSTES,N:1,HSE-19-128;CJT;EPI/EPC;850525.jpg
850527;CONJ,TRAB ALTURA,P/POSTES,N:2,HSE-19-128;CJT;EPI/EPC;850527.jpg
850528;"LUVA ISOL.BORR,11"" CL4 36KV,ET-HS-216";UN;EPI/EPC;850528.jpg
850532;FITA, SINALIZACAO AREA, REFLETIVA 5;PC;EPI/EPC;850532.jpg
850533;MANGA ISOLANTE CLASSE 4 - 40KV;PAR;EPI/EPC;850533.jpg
850537;"LUVA ISOL. BORR.,9,5"",CL0,1KV, ET-HS-216";UN;EPI/EPC;850537.jpg
850541;"LUVA SEG AT BOR,11"" CL2 17KV,HSE20-216";PAR;EPI/EPC;850541.jpg
850542;LUVA, ISOLANTE, BORRACHA CL 1-AT US;PAR;EPI/EPC;850542.jpg
850543;MANGA ISOLANTE DE BORRACHA CLASSE 2;UN;EPI/EPC;850543.jpg
850545;MOSQUETAO,CINTURAO PQDT,TIPO D,ET-HS-128;PC;EPI/EPC;850545.jpg
850546;MOSQUETAO,CINT.PQDT,PERA,3TRAV,ET-HS-128;EA;FERRAMENTAS;850546.jpg
850547;GANCHO,P/CARRETILHA DUPLA ACAO,ET-HS-128;PC;EPI/EPC;850547.jpg
850548;FITA,ANCORAGEM,TRANSPOSIC,1,5M,ET-HS-128;UN;EPI/EPC;850548.jpg
850549;FITA,ANCORAGEM,TRANSPOSIC,1,2M,ET-HS-128;UN;EPI/EPC;850549.jpg
850550;FITA,ANCORAGEM,ABSOR,1,2M,25KN,ET-HS-128;UN;EPI/EPC;850550.jpg
850551;FITA,ANCORAG,ANEL C/OLHAL,2,0M,ET-HS-128;UN;EPI/EPC;850551.jpg
850552;FITA,ANCORAG,ANEL C/OLHAL,1,5M,ET-HS-128;UN;EPI/EPC;850552.jpg
850553;DISPOSITIVO,ANCORAGEM,FECH,PEQ,ET-HS-128;EA;FERRAMENTAS;850553.jpg
850554;DISPOSITIVO,ANCORAG.FECH,MÉDIO,ET-HS-128;EA;FERRAMENTAS;850554.jpg
850557;CORDA,P/CARRETIL,25M,12MM,ANEL,ET-HS-128;UN;EPI/EPC;850557.jpg
850559;CINTURAO,SEG,PQDT,LINHAVIVA,N2,ET-HS-128;PC;EPI/EPC;850559.jpg
850560;CINTURAO,SEG,PQDT,LINHAVIVA,N1,ET-HS-128;PC;EPI/EPC;850560.jpg
850561;CINTURAO,SEG TIP PARA-QUED,N1, ET-HS-128;PC;EPI/EPC;850561.jpg
850562;CARRETILHA,DUPLA ACAO,C/ CORDA,ET-HS-128;PC;EPI/EPC;850562.jpg
850563;AGULHÃO P/ ANCOR.LINHA DE VIDA,ET-HS-128;PC;EPI/EPC;850563.jpg
850565;LUVA DE TATO, TAMANHO M, 6 KGF,ET-HS-218;PAR;EPI/EPC;850565.jpg
850566;LUVA DE SUEDINE,SEM COST,TAM.G,ET-HS-218;PAR;EPI/EPC;850566.jpg
850567;LUVA DE TATO, TAMANHO P, 6 KGF,ET-HS-218;PR;PADRÃO;850567.jpg
850568;LUVA DE SUEDINE,SEM COST,TAM.M,ET-HS-218;PAR;EPI/EPC;850568.jpg
850602;ATERRAMENTO,RAPID,RD COMPACT,HSE-19-0189;CJT;FERRAMENTAS;850602.jpg
850603;ATERRAMENTO,RAPID,RD PR TRIF,HSE-19-0189;CJT;FERRAMENTAS;850603.jpg
850611;HASTE ATERRAMENTO-ACO CU-5/8POL-PM1945I2;PC;FERRAGEM;850611.jpg
850632;BOTA SEG. DE COURO SOLADO PU PRETA - 35 SEM;PAR;EPI/EPC;850632.jpg
850634;AVISO DE RISCO ELETRICODQN-2155 R2;PC;MATERIAL GERAL;850634.jpg
850635;AVISO DE PERIGO DE VIDA ;PC;MATERIAL GERAL;850635.jpg
850638;CINTA,ANCORAGEMPOLIESTER 550MMEMS34;UN;FERRAMENTAS;850638.jpg
850639;CINTA,ANCORAGEMPOLIESTER2000MMEMS34;UN;EPI/EPC;850639.jpg
850640;CINTA,ANCORAGEMPOLIESTER1500MMEMS34;UN;FERRAMENTAS;850640.jpg
850646;BANDEIROLA SINAL.VINIL VERMELHA C/ BOTÃO;UN;FERRAMENTAS;850646.jpg
850659;DESCENSOR CORD BLOC ALUM 9-11MM 150KGF;UN;DIVERSOS;850659.jpg
850675;SERROTE, PARA MADEIRA, 600 MM-24 PO;UN;FERRAMENTAS;850675.jpg
850676;LONA,PLASTICA,PARA ACONDICIONAMENTO DE E;UN;FERRAMENTAS;850676.jpg
850681;DETECTOR TENSAO C/SINAL SON/LUM 1000VAC;UN;FERRAMENTAS;850681.jpg
850682;FITA SINALIZAÇÃO 220.15.0;M;MATERIAL GERAL;850682.jpg
850684;SERRA, PODAR GALHOS LINHA VIVA, C/E;UN;FERRAMENTAS;850684.jpg
850685;BOTINA,COURO,C/CAD,N°41,HSE-19-0131-EDGO;PAR;EPI/EPC;850685.jpg
850687;BOTINA,COURO,C/CAD,N°36,HSE-19-0131-EDGO;UN;EPI/EPC;850687.jpg
850696;CINTURAO,SEG TIP PARA-QUED,N2,HSE-19-128;UN;EPI/EPC;850696.jpg
850697;CONJUNTO,EQUIP. RESGATE AEREO,HSE-19-128;CJT;EPI/EPC;850697.jpg
850699;PERNEIRA, SEGURANCA, P/USO AREAS RU;PAR;EPI/EPC;850699.jpg
850700;CORDA,SEMIEST,30M,11MM,LARANJA,ET-HS-128;M;FERRAMENTAS;850700.jpg
850703;"LUVA SEG AT BORR,8,0"" CL2 17KV,HSE20-216";PAR;EPI/EPC;850703.jpg
850714;CONJ ATERRAMENTO PARA VEÍCULO;UN;FERRAMENTAS;850714.jpg
850716;COBERTURA,ISOL,FLEX,17KV CL 2;UN;FERRAMENTAS;850716.jpg
850723;SUPER CONE, SINALIZAÇÃO VIÁRIA;UN;EPI/EPC;850723.jpg
850724;SENSOR FADIGA MOTORISTA I-VUE D10 TENS;CDA;FERRAMENTAS;850724.jpg
850725;GARRA WALL;UN;FERRAMENTAS;850725.jpg
850726;GANCHO PARA BOLSA DE FERRAMENTA TIPO CAN;CDA;FERRAMENTAS;850726.jpg
850732;Lençol de borracha isolante de 15kv inte;UN;FERRAMENTAS;850732.jpg
850734;"PLACA DE SINALIZAÇÃO ""ATENÇÃO - HOMENS T";UN;EPI/EPC;850734.jpg
850737;BOTINA,COURO,C/CAD,N°46;PAR;EPI/EPC;850737.jpg
850738;CAMISA,RETARDANTE-CHAMA,LONG XGG;EA;UNIFORME;850738.jpg
850739;CALCA,RETARD-CHAMA, TAM XGG;EA;UNIFORME;850739.jpg
850740;PLACA DE ADVERTÊNCIA (SINALIZAÇÃO PARA P;UN;EPI/EPC;850740.jpg
850743;SINALIZADOR LUMINOSO PARA CONE;UN;EPI/EPC;850743.jpg
850745;DETECTOR AUSENCIA TENSAO 1-40KV;CDA;FERRAMENTAS;850745.jpg
850750;CALÇO, PARA POSTE TIPO 2, - MAT-OMBR-NOMC;EA;MATERIAL GERAL;850750.jpg
850751;CALÇO, PARA POSTE TIPO 1, - MAT-OMBR-NOM;EA;DIVERSOS;850751.jpg
850752;PROT BORR LENÇOL C/ VELCRO CL 0 450X1000;EA;FERRAMENTAS;850752.jpg
850755;BOTINA MANOBREIRO, TAM 35, ET-HS-131;PAR;EPI/EPC;850755.jpg
850758;BOTINA MANOBREIRO, TAM 46, ET-HS-131;PAR;EPI/EPC;850758.jpg
850759;BOTINA MANOBREIRO, TAM 45, ET-HS-131;PAR;EPI/EPC;850759.jpg
850760;BOTINA MANOBREIRO, TAM 44, ET-HS-131;PAR;EPI/EPC;850760.jpg
850761;BOTINA MANOBREIRO, TAM 43, ET-HS-131;PAR;EPI/EPC;850761.jpg
850762;BOTINA MANOBREIRO, TAM 42, ET-HS-131;PAR;EPI/EPC;850762.jpg
850763;BOTINA MANOBREIRO, TAM 41, ET-HS-131;PAR;EPI/EPC;850763.jpg
850764;BOTINA MANOBREIRO, TAM 40, ET-HS-131;PAR;EPI/EPC;850764.jpg
850765;BOTINA MANOBREIRO, TAM 39, ET-HS-131;PAR;EPI/EPC;850765.jpg
850766;BOTINA MANOBREIRO, TAM 38, ET-HS-131;PAR;EPI/EPC;850766.jpg
850767;BOTINA MANOBREIRO, TAM 37, ET-HS-131;PAR;EPI/EPC;850767.jpg
850768;BOTINA MANOBREIRO, TAM 36, ET-HS-131;PAR;EPI/EPC;850768.jpg
850789;CONJUNTO RESGATE CESTO AÉREO,ET-HS-128;EA;EPI/EPC;850789.jpg
850792;BALACLAVA FR, ABA,TAM M,ET-HS-113;EA;EPI/EPC;850792.jpg
850793;BALACLAVA FR, ABA,TAM G,ET-HS-113;PC;EPI/EPC;850793.jpg
850802;COLETE REFLETIVO COR LARANJA TAM G;EA;EPI/EPC;850802.jpg
850803;COLETE REFLETIVO COR LARANJA TAM M;EA;EPI/EPC;850803.jpg
850805;FITA SINALIZAÇÃO IMANTADA ROTA DE FUGA;EA;EPI/EPC;850805.jpg
850806;FITA SINALIZACAO COM RECOLHEDOR, LARANJA;EA;MATERIAL GERAL;850806.jpg
850807;PROTETOR AUDITIVO,3 FLANGES,COM CORDAO;UN;EPI/EPC;850807.jpg
850808;COLETE REFLETIVO COR LARANJA TAM P;EA;EPI/EPC;850808.jpg
850809;CALÇA MALHA FR, RISCO 2,TAM P, ET-HS-55;EA;EPI/EPC;850809.jpg
850810;CALÇA MALHA FR, RISCO 2, TAM G, ET-HS-55;EA;EPI/EPC;850810.jpg
850812;JAQUETA FR, RISCO 2,TAM PET-HS-55;EA;EPI/EPC;850812.jpg
850813;JAQUETA FR, RISCO 2,TAM M ET-HS-55;EA;EPI/EPC;850813.jpg
850814;CALÇA MALHA FR, RISCO 2, TAM GG, ET-HS-5;EA;EPI/EPC;850814.jpg
850815;JAQUETA FR, RISCO 2,TAM G ET-HS-55;EA;EPI/EPC;850815.jpg
850816;CALÇA MALHA FR, RISCO 2,TAM M, ET-HS-55;EA;EPI/EPC;850816.jpg
850853;PROTETOR FACIAL,CA 46765,LEDAN,ET-HS-311;EA;PADRÃO;850853.jpg
850880;JAQUETA FR, RISCO 2,TAM GGET-HS-55;EA;EPI/EPC;850880.jpg
850886;JAQUETA FR, RISCO 2,TAM XGET-HS-55;EA;EPI/EPC;850886.jpg
850962;JOGO,CHAVE SOQUETE12-32POL;UN;FERRAMENTAS;850962.jpg
850968;BANDEIROLA,SINALIZLARANJA FOSF40x30cm;PC;EPI/EPC;850968.jpg
850979;CHAVE ALLEN (JOGO);PZ;FERRAMENTAS;850979.jpg
850998;CARNEIRA CAPAC MAXTGARD MSA PEBD CATR;UN;EPI/EPC;850998.jpg
851010;CASACO CINZA S/RETARD. P-44-46 EMS 78;UN;EPI/EPC;851010.jpg
851011;CASACO CINZA S/RETARD. M-48-50 EMS 78;UN;EPI/EPC;851011.jpg
851012;CASACO CINZA S/RETARD. G-52-54 EMS 78;UN;EPI/EPC;851012.jpg
851013;CASACO CINZA S/RETARD. GG-56-58 EMS 78;UN;EPI/EPC;851013.jpg
851014;CAMISA SEM RETARDANTE CHAMAS Nº 03 EMS74;PC;UNIFORME;851014.jpg
851015;CAMISA SEM RETARDANTE CHAMAS Nº 04 EMS74;PC;UNIFORME;851015.jpg
851016;CAMISA SEM RETARDANTE CHAMAS Nº 05 EMS74;PC;UNIFORME;851016.jpg
851017;CAMISETA POLO M/C MASC. GOLA POLO C/ PE E CINZA GG;UN;UNIFORME;851017.jpg
851018;LUVA DE BOR. ISOLANTE 7500KV TAM. 10,5;PAR;EPI/EPC;851018.jpg
851023;PROTETOR SOLAR FATOR 60FPS C/REP 120G;UN;EPI/EPC;851023.jpg
851038;CHAVE SEG,MED.CLIENTES GRUPO A,DQN-2009;PZ;MATERIAL DE SEGURANÇA;851038.jpg
851045;MARCO,SINALIZAÇÃO,HORIZ,QUAD,RJ,D317.05;PZ;PVC;851045.jpg
851046;SACOLA,VARA TELESCOPICA,7 EL,HSE-19-128;UN;FERRAMENTAS;851046.jpg
851092;CINTA,AMARRACAO CARGA,C/CATRAC 50MMX9 4T;UN;EPI/EPC;851092.jpg
860211;FITA ISOL.ELETRICA AT-0,76MM-19MMX10M;PC;MATERIAL GERAL FEFO;860211.jpg
860333;FITA, ISOLANTE PLASTICA VINIL 0,18MMX19M;PC;MATERIAL GERAL FEFO;860333.jpg
860337;SELO,SEGURANÇA,TIPO II,VERMELHO,D19044.0;PC;MATERIAL DE SEGURANÇA;860337.jpg
860339;SELO,SEGURANÇA,TIPO II,LILÁS,D190.44.0;PC;MATERIAL DE SEGURANÇA;860339.jpg
860342;FITA,ISOL,ADE,PRETA,19MMX20M,PM-BR220.01;RLL;MATERIAL GERAL;860342.jpg
860343;FITA,ISOL,ADE,AZUL,19MMX20M,PM-BR220.01;RLL;MATERIAL GERAL;860343.jpg
860344;FITA,ISOL,AUTOFUS,19MMX10M,PM-BR220.02;PC;MATERIAL GERAL;860344.jpg
880002;BASTAO ISOL TALHA 32X 407MM;UN;FERRAMENTAS;880002.jpg
880060;DESENGRIPANTE LUB. SPRAY 300ML;UN;FERRAMENTAS;880060.jpg
880074;HIPORCLOR DICLORO ESTABILIZADO GRANULADO;KG;DIVERSOS;880074.jpg
880075;ESTROPO, NYLON 800MM CARGA TRAB 454;UN;EPI/EPC;880075.jpg
890014;CAMISA SOCIAL MASCULINA M/L AZUL P.:SEM GTIN;UN;UNIFORME;890014.jpg
890015;CAMISA SOCIAL MASCULINA M/L AZUL M.:SEM GTIN;UN;UNIFORME;890015.jpg
890016;CAMISA SOCIAL MASCULINA M/L AZUL G.:SEM GTIN;UN;UNIFORME;890016.jpg
890018;CAMISA SOCIAL MASCULINA M/L AZUL GG.:SEM GTIN;UN;UNIFORME;890018.jpg
890019;CAMISA SOCIAL MASCULINA M/L AZUL XG.:SEM GTIN;UN;UNIFORME;890019.jpg
890036;CAMISETA POLO M/C MASC. GOLA POLO C/ PE E CINZA XG;UN;UNIFORME;890036.jpg
890039;COLETE, FISCALIZACAO, BRIM LEVE, AZ;UN;EPI/EPC;890039.jpg
890040;BARREIRA DE NEW JERSEY;UN;FERRAMENTAS;890040.jpg
890041;CINTO OPERACIONAL MASCULINO ET HS 55;EA;FERRAMENTAS;890041.jpg
890042;CAMISETA MALHA FR R2 ML TAM GG ET HS 55;EA;UNIFORME;890042.jpg
890043;CAMISETA MALHA FR R2 ML TAM M  ET HS 55;EA;UNIFORME;890043.jpg
890044;CAMISETA MALHA FR R2 ML TAM P ET HS 55;EA;EPI/EPC;890044.jpg
890046;CAMISETA MALHA FR R2 ML TAM G ET HS 55;EA;UNIFORME;890046.jpg
890047;CAMISETA MC ALGODAO TAM GG ET HS 55;EA;UNIFORME;890047.jpg
890048;CAMISETA MC ALGODAO TAM M ET HS 55;EA;UNIFORME;890048.jpg
890049;CAMISETA MC ALGODAO TAM P ET HS 55;EA;UNIFORME;890049.jpg
890050;CAMISETA MC ALGODAO TAM G ET HS 55;EA;UNIFORME;890050.jpg
890051;CAMISETA MALHA FR R2 ML TAM PP ET HS 55;EA;EPI/EPC;890051.jpg
890053;JAQUETA MASC MFIBR CZ TAM 52/54;UN;EPI/EPC;890053.jpg
910001;GARRAFA TÉRMICA _ LITROS 5 _ TRANSPORTE;UN;FERRAMENTAS;910001.jpg
910003;MAT-HSEQ-HeS-21-0209-EDSP - Câmeras de M;EA;PADRÃO;910003.jpg
910067;ENVELOPE,SACO ACONDICIONAMENTO MEDIDOR M;UN;MATERIAL DE SEGURANÇA;910067.jpg
910099;ESCOVA, CABO E ESCOVA DUPLA EM FORM;UN;FERRAMENTAS;910099.jpg
910109;CAVALETE;UN;FERRAGEM;910109.jpg
910128;REFRIGERADOR, CAPACIDADE 310 L          ;UN;MATERIAL GERAL;910128.jpg
910180;GARRAFA, TERMICA, REVESTIMENTO PLAS;UN;DIVERSOS;910180.jpg
910384;BINÓCULO VANGUARD 12X50MM;UN;FERRAMENTAS;910384.jpg
910400;ENVELOPE SEG PP CRIS TARJA 405X485MM    ;PC;MATERIAL DE SEGURANÇA;910400.jpg
9900000068;PINCEL MARCADOR QUADRO BR AZ INDIV;UN;FERRAMENTAS;9900000068.jpg
9900000190;APAGADOR QUADRO BRANCO PLASTICO AZ IND;UN;FERRAMENTAS;9900000190.jpg
9900000194;TINTA, SPRAY COR PRETA;UN;FERRAMENTAS;9900000194.jpg
9900000225;BATERIAS;UN;BATERIA;9900000225.jpg
9900000277;PILHAS;UN;PADRÃO;9900000277.jpg
9900000319;PINCEL MARCADOR QUADRO BR VM INDIV;UN;FERRAMENTAS;9900000319.jpg
9900000320;PINCEL MARCADOR QUADRO BR PT INDIV;UN;FERRAMENTAS;9900000320.jpg
9900000337;FILTRO DE PAPELÃO P/ ÓLEO 90MM;UN;FERRAMENTAS;9900000337.jpg
9900000455;LOGO AMPLA 8,5 CM X 11 CM;PC;MATERIAL GERAL;9900000455.jpg
9900000492;CARREGADOR PILHA AA-AAA BAT IMPUT 110VCA;UN;PADRÃO;9900000492.jpg
9900000513;COLHER DE PEDREIRO;UN;FERRAMENTAS;9900000513.jpg
9900000515;PRANCHETA DE MÃO;UN;FERRAMENTAS;9900000515.jpg
9900000545;GERADORES DIESEL;UN;DIVERSOS;9900000545.jpg
9900000658;CONECTOR DB9(LEITURA);PC;MATERIAL GERAL;9900000658.jpg
9900000760;VISEIRA PROT FACIAL-CL RISCO II;PC;EPI/EPC;9900000760.jpg
9900000820;FITA ADESIVA;UN;PADRÃO;9900000820.jpg
9900000824;ROLDANA LANC DE CONDUTORES DE MT E BT;UN;FERRAMENTAS;9900000824.jpg
9900001140;BATERIA ESTENDIDA P/IMPRESSORA-FAT. IMED;UN;BATERIA;9900001140.jpg
9900001510;TINTA SPRAY AMARELO;UN;FERRAMENTAS;9900001510.jpg
9900001553;OLEO LUB. 15W 40/01LT.MOBIL;UN;FERRAMENTAS;9900001553.jpg
9900002026;"TALHADEIRA,ACO,25 X 150MM (1 X 6"") ";PC;FERRAMENTAS;9900002026.jpg
9900002499;CHAVE COMB JG 15PC PLA ACO CR 6-32MM;UN;FERRAMENTAS;9900002499.jpg
9900002629;FITA SINALIZAÇÃO C/ CARRETEL 40MT;UN;EPI/EPC;9900002629.jpg
9900002917;LED CLA60 PROCEL 8W 6500K 850lm BIV E27;PC;MATERIAL GERAL;9900002917.jpg
9900002926;SISTEMA SCADA ELIPSE MICROREDES;UN;DIVERSOS;9900002926.jpg
9900003503;TRENA DE FIBRA 20M;UN;FERRAMENTAS;9900003503.jpg
9900003505;"Serra copo 3/4""";PC;FERRAMENTAS;9900003505.jpg
9900003573;TRIPE;UN;FERRAMENTAS;9900003573.jpg
9900003878;COLETE REFLET TIPO FAIXA COR VERMELHA-FP;UN;EPI/EPC;9900003878.jpg
9900004243;PERFURATRIZES HIDRÁULICAS COM BROCAS HEL;UN;FERRAMENTAS;9900004243.jpg
9900004348;CAMERA,VEIC,P/MONIT,129X50X35MM,XDRIVEN;UN;MATERIAL DE SEGURANÇA;9900004348.jpg
9900004416;ATERRAMENTO PARA VIATURA COM 7 METROS;UN;EPI/EPC;9900004416.jpg
9900004417;BASTAO MOV POSTE TIRANTE 1200MM,NTS01-21;UN;FERRAMENTAS;9900004417.jpg
9900004418;BASTAO TRACAO OLHAL/GANCHO,NTS 001-21HS;UN;FERRAMENTAS;9900004418.jpg
9900004420;BASTAO GARRA FB VIDRO 38X2670MM,NTS01-21;UN;FERRAMENTAS;9900004420.jpg
9900004421;BASTAO P/ TALHA E MOITAO C/ OLHAL 32X380MM ISOLANT;UN;FERRAMENTAS;9900004421.jpg
9900004422;PA BICO ACO CARB 330X290MM,NTE-G-008-17;UN;FERRAMENTAS;9900004422.jpg
9900004423;CAIXA FERRAM CACAMBA FIBR 500X170X185MM;UN;FERRAMENTAS;9900004423.jpg
9900004424;ESTROPO POLIAMIDA 1200MM 670KGF;UN;FERRAMENTAS;9900004424.jpg
9900004425;ESTROPO DE NYLON 500MM;UN;EPI/EPC;9900004425.jpg
9900004427;DETECTOR DE AUSÊNCIA DE TENSÃO 5 A 40KV;UN;EPI/EPC;9900004427.jpg
9900004428;COBERTURA FLEXÍVEL DE CONDUTOR DE 15KV, 70MM (MANG;UN;EPI/EPC;9900004428.jpg
9900004429;COBERTURA BORRACHA TIPO MANGUEIRA CL4 C/CONECTOR 3;PC;FERRAMENTAS;9900004429.jpg
9900004430;COBERT,ISO,CIR,30KV,CL3,150X300MM,NTS-22;UN;FERRAMENTAS;9900004430.jpg
9900004432;COBERT,ISO,CIR,30KV,CL3,150X600MM,NTS-21;UN;FERRAMENTAS;9900004432.jpg
9900004433;COBERT,ISO,RIG,30KV,CL3,150X1200MM,NTS21;UN;MATERIAL GERAL;9900004433.jpg
9900004434;COBERTURA RIGIDA PARA CONDUTOR 24 KV LEAL (1525x39;PC;FERRAMENTAS;9900004434.jpg
9900004435;CRUZETA,AUXILIAR,64MM X 2,83M,NTS001-21;UN;FERRAMENTAS;9900004435.jpg
9900004436;LENCOL,ISOL,36KV,CL4,3ENTRALHES,NTS02-21;UN;EPI/EPC;9900004436.jpg
9900004439;"MOITAO TRIPL ALUM GANCHO 1/2 "" 1589 KG";UN;FERRAMENTAS;9900004439.jpg
9900004440;LENÇOL ISOLANTE;UN;EPI/EPC;9900004440.jpg
9900004442;JUMPER C/GRAMPO RG3622-1 200A 4,6M;UN;FERRAMENTAS;9900004442.jpg
9900004444;JUMPER C/GRAMPO RG3622-1 260A 4,6M;UN;DIVERSOS;9900004444.jpg
9900004445;JUMPER C/GRAMPO RG3622-1 400A 4,6M;UN;FERRAMENTAS;9900004445.jpg
9900004448;LENÇOL DE BORRACHA ISOLANTE DE 15 KV INTEIRO (CLAS;UN;EPI/EPC;9900004448.jpg
9900004449;SINALIZ OBSTACULO FLASH AM 3V;UN;EPI/EPC;9900004449.jpg
9900004450;CINTA AMARR CARGA PES LJ 1,0T;UN;EPI/EPC;9900004450.jpg
9900004453;PONTEIRO SEXT C/EMPUNH 16X 254MM;UN;FERRAMENTAS;9900004453.jpg
9900004454;CALCO BORR 400X280X80MM IND;UN;EPI/EPC;9900004454.jpg
9900004456;TESTADOR FASES VOLT C/ESC 1-16KV,NTS8-21;UN;FERRAMENTAS;9900004456.jpg
9900004481;SUPORTE DE BY-PASS;UN;EPI/EPC;9900004481.jpg
9900004482;MASTRO ICAMENTO CARGA 1,83M 100-250DAN;UN;FERRAMENTAS;9900004482.jpg
9900004483;COBERTURA RIGIDA PARA CONDUTOR 24 KV LEAL (1525x39;PC;FERRAMENTAS;9900004483.jpg
9900004509;LENCOL ISOL BORR CL0 330X800MM,NTS002-21;UN;FERRAMENTAS;9900004509.jpg
9900004686;SERRA LONGO ALCANCE HIDRAULICA;PZ;FERRAMENTAS;9900004686.jpg
9900004815;KIT CONTENCAO EMERG AMBIENTAL ABSORV LIQ;JG;EPI/EPC;9900004815.jpg
9900004833;MOTOSSERRA BATERIA 18V SABRE 250MM 2 BL1850B 1 DC1;PZ;FERRAMENTAS;9900004833.jpg
9900004906;LENCOL ISOL BORR CL2 910X910X3MM,NTS2-21;UN;EPI/EPC;9900004906.jpg
9900004918;LANTERNABATERIAP CAPACETELED;UN;FERRAMENTAS;9900004918.jpg
9900005004;KIT COMPLETO MOTOSSERA ELÉTRICA 350mm;PZ;FERRAMENTAS;9900005004.jpg
9900005031;COBERTURA RIGIDA PARA CONDUTOR 24KV C/ PRESILHA LE;PC;MATERIAL GERAL;9900005031.jpg
9900005506;FERRAMENTA POLUX;UN;FERRAMENTAS;9900005506.jpg
9900005512;KIT TRIPE ESTABILIZADOR PARA POSTE;UN;FERRAMENTAS;9900005512.jpg
9900005515;SUPORTE DESCIDA AO SOLO-PONTO DE ANCORAG;PZ;FERRAMENTAS;9900005515.jpg
9900005517;SUPORTE DESCIDA AO SOLO-PONTO DE SUSPENS;PZ;FERRAMENTAS;9900005517.jpg
9900005518;SUPORTE COM ANEIS DE ANCORAGEM LE-5831 ;PZ;FERRAMENTAS;9900005518.jpg
9900005519;DINAMÔMETRO 500 DAN;PZ;FERRAMENTAS;9900005519.jpg
9900005520;PRENSA TENSI CABO AÉREO (3X50 + 1X50MM²);PZ;FERRAMENTAS;9900005520.jpg
9900005521;TENSIONADOR PARA CABO DE AÇO LE-9731;PC;FERRAMENTAS;9900005521.jpg
9900005523;DINAMÔMETRO 1000 DAN;PZ;FERRAMENTAS;9900005523.jpg
9900005524;DINAMOMETRO DIGITAL 3000 daN LE-0731/3000;PZ;FERRAMENTAS;9900005524.jpg
9900005525;PRENSA TENSI CABO AÉREO (3X95 + 1X50MM²);PZ;FERRAMENTAS;9900005525.jpg
9900005526;PRENSA TENSI CABO AÉREO (3X150 + 1X50MM²;PC;FERRAMENTAS;9900005526.jpg
9900005527;SUPORTE GUIA PARA PONTO DE ANCORAGEM LE-2831 ;PZ;FERRAMENTAS;9900005527.jpg
9900005528;SUPORTE GUIA PARA PONTO DE SUSPENSAO LE-5731;PZ;FERRAMENTAS;9900005528.jpg
9900005529;CAVALETE PARA LEVANTAMENTO DE BOBINAS 7 TON;PZ;FERRAMENTAS;9900005529.jpg
9900005530;KIT PARA SEPARACAO DA ALMA DE ACO LE-0831 ;PZ;FERRAMENTAS;9900005530.jpg
9900005531;CAMISA PUXAMENTO DE CABO AÇO CARBO (35,95,150 MM²);PC;FERRAMENTAS;9900005531.jpg
9900005532;GUINCHO HIDRÁULICO;CJT;FERRAMENTAS;9900005532.jpg
9900005533;GUINCHO MANUAL CORRENTE 1,5M CAP 1470 daN LE-4731 ;PZ;FERRAMENTAS;9900005533.jpg
9900005534;SUPORTE GUIA COM ROLDANAS MULTIPLAS LE-9631/M ;PZ;FERRAMENTAS;9900005534.jpg
9900005535;SUPORTE GUIA COM ROLDANAS DUPLAS LE-9631/D ;PZ;FERRAMENTAS;9900005535.jpg
9900005538;KIT PREPARACAO PARA CABOS LE-8631 ;PZ;FERRAMENTAS;9900005538.jpg
9900005541;CORDA PARA MOVIMENTAÇÃO DE CARGA ROLO;PZ;EPI/EPC;9900005541.jpg
9900005749;KIT TEST/LOCAL CABO MOVEL MONT VEICULO;UN;FERRAMENTAS;9900005749.jpg
9900007533;MOITAO,3 ROLD,1/2 POL,CAPACIDADE 900KGF;PAR;FERRAMENTAS;9900007533.jpg
9900007667;LUVA, PROTECAO, TATO SERVICO LEVE,V;PAR;PADRÃO;9900007667.jpg
9900007842;MULTÍMETRO DIGITAL;PC;FERRAMENTAS;9900007842.jpg
9900007851;TRANSFORMADOR TOROID NOJA RC10-1135;UN;DIVERSOS;9900007851.jpg
9900007996;Chave de Impacto 1/2 Pol  20 V DEWALT;UN;FERRAMENTAS;9900007996.jpg
9900008055;ISOLANTE PARA CABOS BT DE ATE 35mm²;PZ;FERRAMENTAS;9900008055.jpg
9900008493;PINO DE ATERRAMENTO TEMPORÁRIO;UN;FERRAMENTAS;9900008493.jpg
9900008523;CARRINHO DE TRANSPORTE A BATERIA;C39;FERRAMENTAS;9900008523.jpg
9900008524;ESTABILIZADOR TRIPÉ;C39;FERRAMENTAS;9900008524.jpg
9900008526;FERRAMENTA HIDRAULICA MULTIFUNCIONAL;C39;FERRAMENTAS;9900008526.jpg
9900008851;KIT DE INSERSOR (HASTE TERRA);PZ;FERRAMENTAS;9900008851.jpg
9900008958;PLACA MED 2 POS SMF ENC ALU 77X300MM;UN;MATERIAL GERAL;9900008958.jpg
9900009307;Abraçadeira Porta Bandeira Simples;UN;FERRAMENTAS;9900009307.jpg
9900009785;BOLSA PARA CAPACETE;UN;EPI/EPC;9900009785.jpg
9900010325;TALCO INDUSTRIAL;KG;MATERIAL GERAL;9900010325.jpg
9900010335;PRUMO;UN;FERRAMENTAS;9900010335.jpg
9900010338;COBERTURA BORRACHA T MANGUEIRA 25,4x1372;UN;FERRAMENTAS;9900010338.jpg
9900010470;SENSOR FADIGA I-VUE SE3 12/24V 70-110CM;UN;FERRAMENTAS;9900010470.jpg
9900010976;OLEO DE MOTOSERRA;UN;MATERIAL GERAL ESPECIAL;9900010976.jpg
9900011049;DESEMPENADEIRA PLAST LISA 17x30CM;UN;FERRAMENTAS;9900011049.jpg
9900011270;CORRENTE PARA MOTOSSERRA DUC 254 MAKITA;UN;PADRÃO;9900011270.jpg
9900011313;BATERIA ADICIONAL  P/ COLETOR TC56;12;BATERIA;9900011313.jpg
9900011479;CABO,CONC,0.6/1.0,1x10+6 C,GSCC014/2 SUC;M;COND.ALUM.ISOLADO.SUCATA;9900011479.jpg
9900011645;"CHAVE PHILIPS 1/8X4"" ISOL C/ PONTA MAG";UN;FERRAMENTAS;9900011645.jpg
9900011646;"CHAVE PHILIPS 3/16X3"" ISOL C/ PONTA MAG";UN;FERRAMENTAS;9900011646.jpg
9900011647;"CHAVE PHILIPS 3/16X6"" ISOL C/ PONTA MAG";UN;FERRAMENTAS;9900011647.jpg
9900011648;"CHAVE PHILIPS 1/4X4"" ISOL C/ PONTA MAG";UN;FERRAMENTAS;9900011648.jpg
9900011649;"CHAVE PHILIPS 1/4X6"" ISOL C/ PONTA MAG";UN;FERRAMENTAS;9900011649.jpg
9900011650;"CHAVE PHILIPS 5/16X6"" ISOL C/ PONTA MAG";UN;FERRAMENTAS;9900011650.jpg
9900011909;PINO P/ ISOLADOR 25KV M16X300X100MM;UN;FERRAGEM;9900011909.jpg
9900011910;PINO P/ ISOLADOR 25KV M16X206X35MM;UN;FERRAGEM;9900011910.jpg
9900012009;Módulo SIM-01 NOJA;UN;MATERIAL GERAL ESPECIAL;9900012009.jpg
9900012105;BARRAMENTO DERIV 350MM² 8P;PEÇ;CONECTORES;9900012105.jpg
9900012376;RECOLHEDOR P FITA DE SINALIZAÇÃO;UN;FERRAMENTAS;9900012376.jpg
9900012407;CAMISA SOCIAL TAM P MASCULINO;UN;UNIFORME;9900012407.jpg
9900012410;CONJUNTO RESGATE CESTO AÉREO;CJT;EPI/EPC;9900012410.jpg
9900012418;"CH. FENDA ISOL. 3/16""X6""";UN;FERRAMENTAS;9900012418.jpg
9900012421;"Ch. Fenda Isol. 5/16""X6""";UN;FERRAMENTAS;9900012421.jpg
9900012422;"Ch. Philips Isol. 1/8""X3""";UN;FERRAMENTAS;9900012422.jpg
9900012423;"Ch. Philips Isol. 1/4""X6""";UN;FERRAMENTAS;9900012423.jpg
9900012425;CAMISA SOCIAL TAM M MASCULINO;UN;UNIFORME;9900012425.jpg
9900012426;CAMISA SOCIAL TAM G MASCULINO;UN;UNIFORME;9900012426.jpg
9900012427;CAMISA SOCIAL TAM GG MASCULINO;UN;UNIFORME;9900012427.jpg
9900012428;CAMISA SOCIAL TAM EXG MASCULINO;UN;UNIFORME;9900012428.jpg
9900012429;CASACO TAM P MASCULINO;UN;EPI/EPC;9900012429.jpg
9900012430;CASACO TAM M MASCULINO;UN;EPI/EPC;9900012430.jpg
9900012431;CASACO TAM G MASCULINO;UN;EPI/EPC;9900012431.jpg
9900012432;CASACO TAM GG MASCULINO;UN;EPI/EPC;9900012432.jpg
9900012433;CASACO TAM EXG MASCULINO;UN;EPI/EPC;9900012433.jpg
9900012436;CAMISA SOCIAL TAM P FEMININO;UN;UNIFORME;9900012436.jpg
9900012437;CAMISA SOCIAL TAM G FEMININO;UN;UNIFORME;9900012437.jpg
9900012438;CAMISA SOCIAL TAM GG FEMININO;UN;UNIFORME;9900012438.jpg
9900012439;CASACO TAM P FEMININO;UN;EPI/EPC;9900012439.jpg
9900012440;CASACO TAM G FEMININO;UN;EPI/EPC;9900012440.jpg
9900012518;KIT de calibração completo para detetcor;UN;FERRAMENTAS;9900012518.jpg
9900012519;BOMBA ELÉTRICA DE AMOSTRAGEM ALTAIR;UN;FERRAMENTAS;9900012519.jpg
9900012520;LINHA DE AMOSTRAGEM DE 15 METROS PARA UT;UN;FERRAMENTAS;9900012520.jpg
9900012521;SUPORTE ELETRONICO CILINDRO MSA GALAXY S;PC;FERRAMENTAS;9900012521.jpg
9900012522;Carregador de Bateria Multiunidades ALTA;PC;FERRAMENTAS;9900012522.jpg
9900012523;JOGO DE BROCAS DE VIDEA;JG;FERRAMENTAS;9900012523.jpg
9900012527;CAMISETA MALHA FR, R2, ML, TAM P, ET-HS;PZ;UNIFORME;9900012527.jpg
9900012531;CALÇA MALHA FR, RISCO 2, TAM P, ET-HS-55;PZ;UNIFORME;9900012531.jpg
9900012532;CALÇA MALHA FR, RISCO 2, TAM M, ET-HS-55;PZ;UNIFORME;9900012532.jpg
9900012534;CALÇA MALHA FR, RISCO 2, TAM GG, ET-HS-5;PZ;UNIFORME;9900012534.jpg
9900012539;COLETE REFLETIVO, LARANJA, TAM P;PZ;EPI/EPC;9900012539.jpg
9900012540;COLETE REFLETIVO, LARANJA, TAM M;PZ;EPI/EPC;9900012540.jpg
9900012541;COLETE REFLETIVO, LARANJA, TAM G;PZ;EPI/EPC;9900012541.jpg
9900012546;DETECTOR PRESEN CONT,20-80KV,ET-HS-81;UN;FERRAMENTAS;9900012546.jpg
9900012547;BASTÃO SINALIZADOR ELETRÔNICO;UN;EPI/EPC;9900012547.jpg
9900012548;JAQUETA FR, RISCO 2,TAM PET-HS-55;PZ;EPI/EPC;9900012548.jpg
9900012549;JAQUETA FR, RISCO 2,TAM M ET-HS-55;PZ;EPI/EPC;9900012549.jpg
9900012550;JAQUETA FR, RISCO 2,TAM G ET-HS-55;PZ;EPI/EPC;9900012550.jpg
9900012551;JAQUETA FR, RISCO2,TAM GGET-HS-55;PZ;EPI/EPC;9900012551.jpg
9900012552;JAQUETA FR, RISCO2,TAM XGET-HS-55;PZ;EPI/EPC;9900012552.jpg
9900012553;JAQUETA FR, RISCO2,TAM XXGET-HS-55;PZ;EPI/EPC;9900012553.jpg
9900012576;PLATAFORMAC/2 PRANCHA FIBRA DE VIDRO;UN;FERRAMENTAS;9900012576.jpg
9900012581;CABO ISOLADO 0,6/1KV 185MM²;M;CABO;9900012581.jpg
9900012586;FLIP CHART QUADRO BRANCO 90X60 MADEIRA;UN;FERRAMENTAS;9900012586.jpg
9900012588;BOLSA PARA CINTO PARAQUEDISTA;UN;EPI/EPC;9900012588.jpg
9900012602;PROTETOR AURICULAR TIPO PLUGUE, 3 FLANGE;UN;EPI/EPC;9900012602.jpg
9900012603;FITA IMANTADA PARA ROTA DE FUGA;UN;FERRAMENTAS;9900012603.jpg
9900012604;CALÇA MALHA FR, RISCO 2, TAM G, ET-HS-55;PZ;UNIFORME;9900012604.jpg
9900012646;CORDA POLIAMIDA 12MM 2500DAN;M;FERRAMENTAS;9900012646.jpg
9900012647;CORDA POLIAMIDA D(10MM) PR PARA AMARRAÇÃO;M;FERRAMENTAS;9900012647.jpg
9900012648;CORDA POLIPROPILENO D(10MM) LJ PARA AMARRAÇÃO;M;FERRAMENTAS;9900012648.jpg
9900012649;CORDA POLIPROPILENO D(12MM) LJ PARA AMAR;M;FERRAMENTAS;9900012649.jpg
9900012650;CORDA POLIPROPILENO D(16MM) LJ;M;FERRAMENTAS;9900012650.jpg
9900012651;ESCADA FIBR-VD SINGELA 4,645M 14 DEGRAUS;UN;FERRAMENTAS;9900012651.jpg
9900012652;PROTET BORR MANGUEIRA C/ TERM 1900MM CL2;UN;FERRAMENTAS;9900012652.jpg
9900013238;CAMISA SOCIAL TAM XGG BRANCA SUPERVISOR MASCULINA;UN;UNIFORME;9900013238.jpg
9900013269;GARRA SUPORTE TRAFO ACO-CAR;PZ;FERRAGEM;9900013269.jpg
9900013341;MARRETA ACO-CAR FACE(2) 120MM 2KG;UN;FERRAMENTAS;9900013341.jpg
9900013342;BAINHA DE COURO PROTECAO LAMINA SERRA;UN;FERRAMENTAS;9900013342.jpg
9900013343;ALICATE DE CONECTOR PERFURANTE 4 SA?DAS;UN;FERRAMENTAS;9900013343.jpg
9900013344;CAIXA DE CARGAS RESISTIVAS;UN;EPI/EPC;9900013344.jpg
9900013348;COLETE BORRACHA,CLASSE 1,TAM P, NTS-28;UN;EPI/EPC;9900013348.jpg
9900013349;COLETE BORRACHA,CLASSE 1,TAM M, NTS-28;UN;EPI/EPC;9900013349.jpg
9900013350;COLETE BORRACHA,CLASSE 1,TAM G, NTS-28;UN;EPI/EPC;9900013350.jpg
9900013355;Bateria 240A Freedom DF4100;UN;BATERIA;9900013355.jpg
9900013360;CJT 3 ELEM.TRANSF.MED.MT,20A - RECUPERADO;;;9900013360.jpg
0;0;;;0.jpg
0;False;;;0.jpg
9900013361;CJT 3ELEM.TRAN.MED.MT,200-600 - RECUPERADO;;;9900013361.jpg
0;0;;;0.jpg
0;False;;;0.jpg
9900013367;FERRAMENTA AV6300;UN;FERRAMENTAS;9900013367.jpg
9900013368;FERRAMENTA AMX17300;UN;FERRAMENTAS;9900013368.jpg
9900013369;FERRAMENTA FBS17220;UN;FERRAMENTAS;9900013369.jpg
9900013411;Cc07-11 – Cabo De Controle - Rc10 NOJA;UN;FERRAMENTAS;9900013411.jpg
9900013487;CAMISA SOCIAL TAM XG MASCULINO;UN;UNIFORME;9900013487.jpg
9900013488;CAMISA SOCIAL TAM M FEMININO;UN;UNIFORME;9900013488.jpg
9900013543;CAMISA SOCIAL TAM EXGG MASCULINO;UN;UNIFORME;9900013543.jpg
9900013544;CAMISA SOCIAL TAM EXG FEMININO;UN;UNIFORME;9900013544.jpg
9900013557;REGISTRADOR DE NÍVEL DE TENSÃO PQ-300;UN;FERRAMENTAS;9900013557.jpg
9900013715;PINO ISOL CURT AC ZC 229MM 35X45MM;UN;FERRAGEM DIVERSOS;9900013715.jpg
9900013850;CAPACETE CONJUGADO, HUBIX;PZ;EPI/EPC;9900013850.jpg
9900013852;KIT FERRAMENTA HÍBRIDA, HUBIX;KIT;FERRAMENTAS;9900013852.jpg
9900013853;SERRA ELÉTRICA, BATERIA, HUBIX;PZ;FERRAMENTAS;9900013853.jpg
9900013855;TESTADOR TTR2LW, PENTA;PZ;FERRAMENTAS;9900013855.jpg
9900013856;DETECTOR BT UNITAG, PENTA;PZ;FERRAMENTAS;9900013856.jpg
9900013860;CAMISA SOCIAL TAM XXG MASCULINO;UN;UNIFORME;9900013860.jpg
9900013866;Capacete para risco elétrico, ATPV mínim;PZ;EPI/EPC;9900013866.jpg
9900013869;PINO ROSCA CHUMBO 25/35KV 224MM;UN;FERRAGEM;9900013869.jpg
9900013885;QUALIMETRO ANALISADOR;UN;FERRAMENTAS;9900013885.jpg
9900013900;POWERNET LX (L-600 CONTINUIDADE);UN;DIVERSOS;9900013900.jpg
9900013916;ISOTONICO;UN;MATERIAL GERAL ESPECIAL;9900013916.jpg
9900013925;JAQUETA UNISSEX TAM P;UN;UNIFORME;9900013925.jpg
9900013926;JAQUETA UNISSEX TAM M;UN;UNIFORME;9900013926.jpg
9900013927;JAQUETA UNISSEX TAM G;UN;UNIFORME;9900013927.jpg
9900013928;JAQUETA UNISSEX TAM GG;UN;UNIFORME;9900013928.jpg
9900013929;JAQUETA MASC TAM XG;UN;UNIFORME;9900013929.jpg
9900013930;JAQUETA UNISSEX TAM EXG;UN;UNIFORME;9900013930.jpg
9900013931;JAQUETA UNISSEX TAM XGG;UN;UNIFORME;9900013931.jpg
9900013932;JAQUETA UNISSEX TAM XXG;UN;UNIFORME;9900013932.jpg
990191;DISJUNTOR,4P,BT,280-350A/C/50,GSCL003/31;PZ;MATERIAL GERAL;990191.jpg
990222;PAINEL QSA TRANSF CC C/DIODOS P/BLOQ;PC;MATERIAL GERAL;990222.jpg
990226;QDP FIBRA,BARRAMENT,407A,16-240MM2,ET897;PZ;CAIXAS;990226.jpg
990243;PARA-RAIOS,DH,T,POL,12KV,E,GSCC016/03;PZ;MATERIAL GERAL;990243.jpg
990254;EMENDA 12/20KV (24) 95-240MM GSC004/4;PZ;CONECTORES;990254.jpg
990255;EMENDA 12/20KV (24) 35-95MM GSC004/4;PC;CONECTORES;990255.jpg
990257;CONEC,PERF,AL-CU,50-150,2,5-35,GSCC020/9;PC;CONECTORES;990257.jpg
990292;ISOL.ANC,36kV,CS70CT125/1250555,GSCC10/2;PEÇ;ISOLADORES;990292.jpg
990293;ISOL.ANC,24kV,CS70CT125/900-425,GSCC10/1;PC;ISOLADORES;990293.jpg
990323;CABO,CONCENTR,0.6/1.0,1x6+6C,GSCC014/01;M;CABO;990323.jpg
990342;CABO,CONCENTR,0.6/1.0,2x16+10C,GSCC014/6;M;CABO;990342.jpg
990343;CABO,CONCENTR,0.6/1.0,2x10+6C,GSCC014/5;M;CABO;990343.jpg
990345;CABO,CONCENTR,0.6/1.0,1x16+10C,GSCC014/3;M;CABO;990345.jpg
990346;CABO,CONCENTR,0.6/1.0,1x10+6 C,GSCC014/2;MT;CABO;990346.jpg
990354;CABO,CU,UNIP,12/20(24)KV,240MM2,GSCC023;M;CABO ESPECIAL;990354.jpg
990362;TP,EXT,13,8-11,4-0,11kV,250VA,GSCT4/31;PEÇ;TRANSFORMADORES DE POTÊNCIA;990362.jpg
990363;DUTO,LISO,PEAD,63MM,PM-Br 65121;M;PVC;990363.jpg
990365;DUTO,LISO,PEAD,200MM,PM-Br 65121;M;PVC;990365.jpg
