Código	Descrição	Unidade de Medida	Familia	Foto
100027	GERADOR PORTÁTIL, 3,6KVA, 380/220/127V	EA	GERADORES	100027.jpeg
100053	GERADOR 20KVA, 380/220/127V, GSCP006	EA	GERADORES	100053.jpeg
100056	GERADOR PORTATIL, 1,5KVA, 380/220/127V,	EA	GERADORES	100056.jpeg
110357	REG TENSÃO,1F,D,7,62,219A,167kVA,ET39	EA	REGULADORES	110357.jpeg
110569	TD,1F,7,967/0,24-0,12KV,25KVA,GST001	EA	TRANSFORMADORES NOVOS	110569.jpeg
110673	TRAFO DIST PEDESTAL,150KVA - À RECUPERAR	PEÇ	TRANSFORMADORES  À RECUPERAR	110673.jpeg
111246	TRAFO,DIST,MONO/BI/TRIF,3KVA,SUCATA	UN	TRANSFORMADORES SUCATA	111246.jpeg
111248	TRAFO,DIST,MONO/BI/TRIF,10KVA,INSERVÍVEL	PZ	TRANSFORMADORES SUCATA	111248.jpeg
111249	TRAFO,DIST,MONO/BI/TRIF,15KVA,INSERVÍVEL	PC	TRANSFORMADORES SUCATA	111249.jpeg
111253	TRAFO,DIST,MONO/BI/TRIF,37,5KVA,INSERV.	PC	TRANSFORMADORES SUCATA	111253.jpeg
111257	TRAFO,DIST,MONO/BI/TRIF,150KV,INSERVÍVEL	PZ	TRANSFORMADORES SUCATA	111257.jpeg
111268	TP,11,5KV/R3-2X115V,0,3P50,INT,PBR114010	UN	TRANSFORMADORES DE POTÊNCIA	111268.jpeg
111269	TP,13,8KV/R3-2X115V,0,3P50,INT,PBR114010	UN	TRANSFORMADORES DE POTÊNCIA	111269.jpeg
111271	TRAFO TRIFÁSICO 45KVA - SUC	PZ	TRANSFORMADORES SUCATA	111271.jpeg
111272	TRAFO DIST BIFÁSICO,10KVA - SUCATA	PZ	TRANSFORMADORES SUCATA	111272.jpeg
111273	TRAFO DIST BIFÁSICO,15KVA - SUCATA	PZ	TRANSFORMADORES SUCATA	111273.jpeg
111274	TRAFO TRIFÁSICO 30KVA - SUC	PZ	TRANSFORMADORES SUCATA	111274.jpeg
111306	TRAFO TRIFÁSICO 30KVA, DED-1844 I2 R4	PC	TRANSFORMADORES NOVOS	111306.jpeg
111307	TRAFO TRIFÁSICO 45KVA, DED-1844 I3 R4	PC	TRANSFORMADORES NOVOS	111307.jpeg
111308	TRAFO TRIFÁSICO 75KVA, DED-1844 I4 R4	PC	TRANSFORMADORES NOVOS	111308.jpeg
111311	TRAFO DIST BIFÁSICO,10KVA,DED-1847 I4 R4	PC	TRANSFORMADORES NOVOS	111311.jpeg
111312	TD,2P,13.8-0.24/0.12kV,15KVA,GST01/904	PC	TRANSFORMADORES NOVOS	111312.jpeg
111316	TRAFO TRIF POTÊNCIA 500KVA,DED 1853 I1R3	PC	TRANSFORMADORES NOVOS	111316.jpeg
111317	TRAFO TRIF POTÊNCIA 750KVA,DED 1853 I2R3	PC	TRANSFORMADORES NOVOS	111317.jpeg
111319	TRAFO TRI 150KVA MINERAL, DED1832 I1R7	PC	TRANSFORMADORES NOVOS	111319.jpeg
111321	TRAFO TRI 300KVA MINERAL, DED1832 I3 R7	PC	TRANSFORMADORES NOVOS	111321.jpeg
111322	TRAFO DIST MONO,10KVA, DED-1847 I1 R4	PC	TRANSFORMADORES NOVOS	111322.jpeg
111323	TRAFO DIST MONO,15KVA, DED-1847 I2 R4	PC	TRANSFORMADORES NOVOS	111323.jpeg
111327	TRAFO DIST MONO RURAL,5KVA,DED-1937 I1R1	PC	TRANSFORMADORES NOVOS	111327.jpeg
111350	TRAFO TRIFÁSICO 15KVA - RECUPERADO	PC	TRANSFORMADORES RECUPERADOS	111350.jpeg
111351	TRAFO TRIFÁSICO 30KVA - RECUPERADO	PC	TRANSFORMADORES RECUPERADOS	111351.jpeg
111352	TRAFO TRIFÁSICO 45KVA - RECUPERADO	PC	TRANSFORMADORES RECUPERADOS	111352.jpeg
111353	TRAFO TRIFÁSICO 75KVA - RECUPERADO	PC	TRANSFORMADORES RECUPERADOS	111353.jpeg
111354	TRAFO TRIFÁSICO 112-5KVA - RECUPERADO	PC	TRANSFORMADORES RECUPERADOS	111354.jpeg
111355	TRAFO DIST BIFÁSICO-10KVA - RECUPERADO	PC	TRANSFORMADORES RECUPERADOS	111355.jpeg
111356	TRAFO DIST BIFÁSICO-15KVA - RECUPERADO	PC	TRANSFORMADORES RECUPERADOS	111356.jpeg
111357	TRAFO DIST BIFÁSICO-25KVA - RECUPERADO	PC	TRANSFORMADORES RECUPERADOS	111357.jpeg
111358	TRAFO TRI 150KVA MINERAL - RECUPERADO	PC	TRANSFORMADORES RECUPERADOS	111358.jpeg
111359	TRAFO TRI 225KVA MINERAL - RECUPERADO	PC	TRANSFORMADORES RECUPERADOS	111359.jpeg
111360	TRAFO TRI 300KVA MINERAL - RECUPERADO	PC	TRANSFORMADORES RECUPERADOS	111360.jpeg
111361	TRAFO DIST MONO-10KVA - RECUPERADO	PC	TRANSFORMADORES RECUPERADOS	111361.jpeg
111362	TRAFO DIST MONO-15KVA - RECUPERADO	PC	TRANSFORMADORES RECUPERADOS	111362.jpeg
111363	TRAFO DIST MONO-25KVA - RECUPERADO	PC	TRANSFORMADORES RECUPERADOS	111363.jpeg
111365	TRAFO DIST MONO RURAL-5KVA - RECUPERADO	PC	TRANSFORMADORES RECUPERADOS	111365.jpeg
111366	TRAFO DIST BIF RURAL-5KVA - RECUPERADO	PC	TRANSFORMADORES RECUPERADOS	111366.jpeg
111367	TRAFO TRIF POTÊNCIA 500KVA-RECUPERADO	PC	TRANSFORMADORES RECUPERADOS	111367.jpeg
111368	TRAFO TRIFÁSICO 15KVA-À RECUPERAR	PC	TRANSFORMADORES  À RECUPERAR	111368.jpeg
111369	TRAFO TRIFÁSICO 30KVA-À RECUPERAR	PC	TRANSFORMADORES  À RECUPERAR	111369.jpeg
111370	TRAFO TRIFÁSICO 45KVA-À RECUPERAR	PC	TRANSFORMADORES  À RECUPERAR	111370.jpeg
111371	TRAFO TRIFÁSICO 75KVA-À RECUPERAR	PC	TRANSFORMADORES  À RECUPERAR	111371.jpeg
111372	TRAFO TRIFÁSICO 112,5KVA-À RECUPERAR	PC	TRANSFORMADORES  À RECUPERAR	111372.jpeg
111373	TRAFO DIST BIFÁSICO,10KVA-À RECUPERAR	PC	TRANSFORMADORES  À RECUPERAR	111373.jpeg
111374	TRAFO DIST BIFÁSICO,15KVA-À RECUPERAR	PC	TRANSFORMADORES  À RECUPERAR	111374.jpeg
111375	TRAFO DIST BIFÁSICO,25KVA-À RECUPERAR	PC	TRANSFORMADORES  À RECUPERAR	111375.jpeg
111377	TRAFO TRI 75KVA AMB AGRES-À RECUPERAR	PC	TRANSFORMADORES  À RECUPERAR	111377.jpeg
111378	TRAFO TRI 150KVA MINERAL-À RECUPERAR	PC	TRANSFORMADORES  À RECUPERAR	111378.jpeg
111379	TRAFO TRI 225KVA MINERAL-À RECUPERAR	PC	TRANSFORMADORES  À RECUPERAR	111379.jpeg
111380	TRAFO TRI 300KVA MINERAL-À RECUPERAR	PC	TRANSFORMADORES  À RECUPERAR	111380.jpeg
111381	TRAFO DIST MONO,10KVA-À RECUPERAR	PC	TRANSFORMADORES  À RECUPERAR	111381.jpeg
111382	TRAFO DIST MONO,15KVA-À RECUPERAR	PC	TRANSFORMADORES  À RECUPERAR	111382.jpeg
111383	TRAFO DIST MONO,25KVA-À RECUPERAR	PC	TRANSFORMADORES  À RECUPERAR	111383.jpeg
111384	TRAFO TRI 112,5KVA AMB AGRES-À RECUPERAR	PC	TRANSFORMADORES  À RECUPERAR	111384.jpeg
111385	TRAFO DIST MONO RURAL,5KVA-À RECUPERAR	PC	TRANSFORMADORES  À RECUPERAR	111385.jpeg
111386	TRAFO DIST BIF RURAL,5KVA-À RECUPERAR	PC	TRANSFORMADORES  À RECUPERAR	111386.jpeg
111387	TRAFO TRIF POTÊNCIA 500KVA-À RECUPERAR	PC	TRANSFORMADORES  À RECUPERAR	111387.jpeg
111409	TRAFO TRI 300KVA MINERAL CENTRO SAT- REC	PC	TRANSFORMADORES RECUPERADOS	111409.jpeg
111410	TRAFORMADOR TRIFÁSICO 45KVA CENTRO SAT RECUPERADO	PC	TRANSFORMADORES RECUPERADOS	111410.jpeg
111610	TRAFO,3F,15KVA,14145/330-572V,GST001	PC	TRANSFORMADORES NOVOS	111610.jpeg
111611	TRAFO,3F,30KVA,14145/330-572V,GST001	PC	TRANSFORMADORES NOVOS	111611.jpeg
111612	TRAFO,3F,45KVA,14145/330-572V,GST001	PC	TRANSFORMADORES NOVOS	111612.jpeg
111682	TRAFO,3F,30KVA,14145/330-572V-RECUPERADO	PC	TRANSFORMADORES RECUPERADOS	111682.jpeg
111688	TRAFO,3F,DIST,15kVA,REC,10,8KV,GST001	PC	TRANSFORMADORES RECUPERADOS	111688.jpeg
111689	TRAFO,3F,DIST,30kVA,REC,10,8KV,GST001	PC	TRANSFORMADORES RECUPERADOS	111689.jpeg
111690	TRAFO,3F,DIST,45kVA,REC,10.8KV,GST001	PC	TRANSFORMADORES RECUPERADOS	111690.jpeg
111691	TRAFO,3F,DIST,75kVA,REC,10.8KV,GST001	PC	TRANSFORMADORES RECUPERADOS	111691.jpeg
111692	TRAFO,3F,DIST,112,5kVA,REC,10.8KV,GST001	PC	TRANSFORMADORES RECUPERADOS	111692.jpeg
111693	TRAFO,2F,DIST,10kVA,REC,10.8KV,GST001	PC	TRANSFORMADORES RECUPERADOS	111693.jpeg
111694	TRAFO,2F,DIST,15kVA,REC,10.8KV,GST001	PC	TRANSFORMADORES RECUPERADOS	111694.jpeg
111695	TRAFO,2F,DIST,25kVA,REC,10.8KV,GST001	PC	TRANSFORMADORES RECUPERADOS	111695.jpeg
111696	TRAFO,3F,DIST,150kVA,REC,10.8KV,GST001	PC	TRANSFORMADORES	111696.jpeg
111699	TRAFO,1F,DIST,10kVA,REC,10.8KV,GST001	PC	TRANSFORMADORES RECUPERADOS	111699.jpeg
111700	TRAFO,1F,DIST,15kVA,REC,10.8KV,GST001	PC	TRANSFORMADORES RECUPERADOS	111700.jpeg
111703	TC,INT,0.6KV, 200/5A,0.3FT2,SUCATA	UN	TRANSFORMADORES SUCATA	111703.jpeg
111705	TRAFO DIST BIFASICO,10KVA - SUC	PC	TRANSFORMADORES SUCATA	111705.jpeg
111707	TRAFO TRIFASICO,30KVA - SUCATA	UN	TRANSFORMADORES SUCATA	111707.jpeg
111708	TRAFO DIST BIFÁSICO,25KVA - SUCATA	PZ	TRANSFORMADORES SUCATA	111708.jpeg
111709	TRAFO TRIFASICO 75KVA - SUCATA	PZ	TRANSFORMADORES SUCATA	111709.jpeg
111710	TRAFO TRIFÁSICO 15KVA - SUCATA	PZ	TRANSFORMADORES SUCATA	111710.jpeg
111711	TRAFO DIST BIF RURAL,5KVA - SUCATA	PZ	TRANSFORMADORES SUCATA	111711.jpeg
111727	TRAFO TRI 225KVA MINERAL - A RECUPERAR	PZ	TRANSFORMADORES  À RECUPERAR	111727.jpeg
111728	TRAFO TRI 300KVA MINERAL - A RECUPERAR	PZ	PADRÃO	111728.jpeg
111740	TRAFO,3F, 45KVA,14145/380-220V,SUCATA	UN	TRANSFORMADORES SUCATA	111740.jpeg
111754	TRAFO,DIST,MONO/BI/TRIF,3KVA - À REC 	PC	TRANSFORMADORES  À RECUPERAR	111754.jpeg
111755	TRAFO DIST MONO 25KVA-FORA PADRAO,SUCATA	PZ	TRANSFORMADORES SUCATA	111755.jpeg
111756	TRAFO DIST MONO, 5KVA,DED-1844,FP,SUCATA	PZ	TRANSFORMADORES SUCATA	111756.jpeg
111757	TRAFO DIST BIFÁSICO,25KVA - SUCATA	PC	TRANSFORMADORES SUCATA	111757.jpeg
112173	TRAFO DIST PEDESTAL,500KVA,DQN-2049I4R2	PZ	TRANSFORMADORES NOVOS	112173.jpeg
112201	TRAFO TRIFÁSICO 112,5KVA - SUCATA	PZ	TRANSFORMADORES SUCATA	112201.jpeg
130579	CHAVE CC24KV-100A BASEC DQN1984R1 AMB AG	PC	CHAVES	130579.jpeg
130620	MICRO SWITCH 10A- PM2132 I3	PC	MATERIAL GERAL	130620.jpeg
130694	DISJUNTOR,TERM1P 63A240V/4,5KAEBT004	UN	MATERIAL GERAL ESPECIAL	130694.jpeg
130725	DISJ TERM TRI 50A 10KA DED-1715 I30 R8	PC	MATERIAL GERAL ESPECIAL	130725.jpeg
130726	DISJ TERM TRI 100A 10KA DED-1715 I32 R8	PC	MATERIAL GERAL ESPECIAL	130726.jpeg
130727	DISJ TERM TRI 125A 10KA DED-1715 I33 R8	PC	MATERIAL GERAL ESPECIAL	130727.jpeg
130728	DISJ TERM TRI 150A 10KA DED-1715 I34 R8	PC	MATERIAL GERAL	130728.jpeg
130729	DISJ TERM TRI 200A 10KA DED-1715 I35 R8	PC	MATERIAL GERAL ESPECIAL	130729.jpeg
130730	DISJ TERM BT MONO 40A 5KA DED-1715 I8 R8	PC	MATERIAL GERAL ESPECIAL	130730.jpeg
130731	DISJ,BIP,40A,10KA-FP SUBST.P/6776602	PC	MATERIAL GERAL	130731.jpeg
130732	DISJ TERM BT BIPO 50A 5KA DED1715 I16 R8	PC	MATERIAL GERAL ESPECIAL	130732.jpeg
130733	DISJ TERM BT BIPO 70A 5KA DED1715 I17 R8	PC	MATERIAL GERAL ESPECIAL	130733.jpeg
130734	DISJ TERM BIPO 100A 10KA DED-1715 I29 R8	PC	MATERIAL GERAL	130734.jpeg
130736	DISJ TERM BT TRI 70A 5KA DED-1715 I25 R8	PC	MATERIAL GERAL ESPECIAL	130736.jpeg
130738	DISJ TERM BT TRI 50A 5KA DED-1715 I24 R8	PC	MATERIAL GERAL ESPECIAL	130738.jpeg
130739	DISJ TERM TRI 70A 10KA, FPM	PC	MATERIAL GERAL ESPECIAL	130739.jpeg
130740	DISJ TERM BT TRI 100A 10KA DED1715 I26 R8	PC	MATERIAL GERAL ESPECIAL	130740.jpeg
130741	DISJ TERM BIPO 70A 10KA, FPM	PC	MATERIAL GERAL ESPECIAL	130741.jpeg
130742	CHAVE,PARAFUSO MAGNETICOGRUPO A.	UN	MATERIAL DE SEGURANÇA	130742.jpeg
130743	DISJUNTOR TERM MONO 63A, PM1715 I3 R11	PC	MATERIAL GERAL ESPECIAL	130743.jpeg
130744	DISJ TERM BT TRI 40A 5KA DED-1715 I23 R8	PC	MATERIAL GERAL ESPECIAL	130744.jpeg
130746	DISJ TERM BT BIP 40A 5KA DED-1715 I15 R8	PC	MATERIAL GERAL ESPECIAL	130746.jpeg
130761	DISJUNTOR,TERM,1P,80A,120V/5KA,EBT004	PC	MATERIAL GERAL	130761.jpeg
130762	DISJUNTOR,TERM,1P,100A,120V/5KA,EBT004	UN	MATERIAL GERAL	130762.jpeg
130866	CARTUCHO PORTA FUSÍVEL 100A C DQN1165 R2	PC	MATERIAL GERAL	130866.jpg
130882	BYPASS PROVIS.ROSQUEAVEL P/CHAVE FUSIV	UN	FERRAMENTAS	130882.jpeg
141222	CH,MONO,A11,630A-15KV,16KA,NBI110-MANUAL	PC	MATERIAL GERAL	141222.jpeg
141231	CH,A6,630A-15KV,16KA,SEC TRI,NBI110-MAN	PC	MATERIAL GERAL	141231.jpeg
141233	RELIG.AUTOM.VÁCUO MICROPROCES.15KV-630A	PC	RELIGADORES	141233.jpeg
141234	SECCIONALIZADOR,ELETRONIC,UNIPOL.D108.01	PC	TELECONTROLE	141234.jpeg
141240	RELIGADOR,3F,38kV,630A,12,5kA,EMT-004 R3	PC	SUBSTAÇÃO	141240.jpeg
141242	BLOQUEADOR,CHAVE FUSSECCIONEMS66	UN	FERRAMENTAS	141242.jpeg
141264	SECCION,3F,SOB CARGA,24KV,630A,GSCM03/2	PC	TELECONTROLE	141264.jpeg
141283	SECCIONADOR, PREFORMADO P/CERCA DED-0089	PC	MATERIAL GERAL	141283.jpeg
141285	CHAVESECC BY-PASS, 400A-15KV DED 1910 R4	PC	CHAVES	141285.jpeg
141286	ADAPTADOR P/ CX. MEDIDOR BI/TR DED-1795	PC	MATERIAL GERAL	141286.jpeg
141292	CH SECC CARGA FUS400A,CX DIST RAM-PM2053	PZ	CHAVES	141292.jpeg
141294	CHAVE SEC TRIP 15kV-400A C/CAR DQN2127I1	PC	CHAVES	141294.jpeg
141296	CHAVE SECC UNIPOLAR DISTRIB. 400A 15KV	PC	CHAVES	141296.jpeg
141297	CHAVE SECC UNIPOLAR DISTRIB. 630A 15KV	PC	CHAVES	141297.jpeg
141298	CX P/BLINDAGEM BUCHA BT-45KVA-PM2213 I1	PC	MATERIAL GERAL	141298.jpeg
141299	CX BLINDAG BUCHA BT-75/112-5KVA-PM2213I2	PC	MATERIAL GERAL	141299.jpeg
141307	SECCION 3F B CARGA 24KV 400A 12KA SUCATA	PC	TELECONTROLE	141307.jpeg
141308	SECCION 3F B CARGA 24KV 630A 16KA - REC	PC	TELECONTROLE	141308.jpeg
141309	SECCION 3F B CARGA 24KV 630A 16KA À REC	PC	TELECONTROLE	141309.jpeg
141310	RELIGADOR,630A 15,5KV 12,5KA  3F - À REC	PC	RELIGADORES	141310.jpeg
141381	RELIGADOR, 630A - 15,5KV - 16KA - 3F-REC	PC	RELIGADORES	141381.jpeg
141382	RELIGADOR, 400A - 15,5KV - 8KA - 3F-REC	PC	RELIGADORES	141382.jpeg
141383	RELIGADOR, 630A- 15,5KV- 12,5KA - 3F-REC	PC	RELIGADORES	141383.jpeg
141385	RELIGADO,800A-14,4KV-16KA-3F-À RECUPERAR	PC	TELECONTROLE	141385.jpeg
141386	RELIGADO,630A-27KV-12,5KA-3F-À RECUPERAR	PC	RELIGADORES	141386.jpeg
141389	RELIGADOR MONOPOLAR P/REDE DE DIST.AEREA	PC	RELIGADORES	141389.jpeg
141390	RELIGADOR,630A-27KV-12,5KA-3F-REC	PC	RELIGADORES	141390.jpg
141391	RELIGADOR,800A-15,5KV-16KA-3F-REC	PC	RELIGADORES	141391.jpeg
141401	CUBÍCULO,24KV,C/ IMS ISOL EM SF6,DY803/2	UN	MATERIAL GERAL	141401.jpeg
141402	CUBÍCULO,24KV,C/ IMS ISOL EM SF6,DY803/3	UN	MATERIAL GERAL	141402.jpeg
141403	CHAVE,SECCIONADORA,15KV,400A,3F,ÓLEO-REC	PC	CHAVES	141403.jpeg
141404	RELIGADOR,27KV,800A,3F,AUT,12,5KA-REC	PC	RELIGADORES	141404.jpeg
141405	RELIGADOR,15,5KV,400A,3F,AUT,12,5KA-REC	PC	RELIGADORES	141405.jpeg
141406	CH,SECCIONADORA,15KV,200A,1F,ÓLEO-À REC	PC	CHAVES	141406.jpeg
141408	CH,SECCIONADORA,15KV,400A,3F,ÓLEO-À REC	PC	CHAVES	141408.jpeg
141409	CONTROLE,RELIGADOR,127/220V-À RECUPERAR	PC	RELIGADORES	141409.jpeg
141413	REGULADOR,7,62KV,416KVA,546A,1F-À RECUPE	PC	REGULADORES	141413.jpeg
141414	REGULADOR,7,62KV,509KVA,668A,1F-À RECUPE	PC	REGULADORES	141414.jpeg
141415	REGULADOR,19,92KV,667KVA,335A,1F-À RECUP	PC	REGULADORES	141415.jpeg
141416	REGULADOR,7,62KV,833KVA,1093A,1F-À RECUP	PC	REGULADORES	141416.jpeg
141417	REGULADOR,19,92KV,333KVA,167A,1F-À RECUP	PC	REGULADORES	141417.jpeg
141418	REGULADOR,19,92KV,400KVA,201A,1F-À RECUP	UN	REGULADORES	141418.jpeg
141421	RELIGADOR,27KV,800A,3F,AUT,12,5KA-À RECU	PC	RELIGADORES	141421.jpeg
141422	RELIGA,15,5KV,400A,3F,AUT,12,5KA-À RECUP	PC	RELIGADORES	141422.jpeg
141423	SECCIONALIZAD,14,4KV,200A,3F,ÓLEO,-À REC	PC	CHAVES	141423.jpeg
141426	CH,SECCIONADORA,15KV,400A,3F,OLEO-SUCATA	UN	SUCATA	141426.jpeg
141434	SEC 3F BAJO CARGA 24KV 400A 12KA ,SUCATA	EA	SUCATA	141434.jpeg
141442	SECCIONADORA UNIP,400A,15KV,PM219,SUCATA	PZ	SUCATA	141442.jpeg
141466	RELIGADOR,3F,15V,630A,A6KA,E-MT-004R3	PC	RELIGADORES	141466.jpeg
141467	CH,SEC,1P,36KV,630A,1750MM,PM-R 198.03.3	PC	CHAVES	141467.jpeg
141475	CUB,INTERLIG BARRA,17.5KV,2500A,25KA,INT	PC	MATERIAL GERAL	141475.jpeg
141476	CUB,ENT,TRAFO,17.5KV,2500A,25KA,I,ESE008	PC	MATERIAL GERAL	141476.jpeg
141668	PAINEL DUAS POSIÇÕES - SIST DE MED E	PC	MEDIDOR	141668.jpeg
141868	CHAVE MONOFÁSICA 200A COM INTERRUPÇÃO A	PC	CHAVES	141868.jpeg
141880	SECCION 3F B CARGA 24KV 630A 16KA SUCATA	PC	SUCATA	141880.jpeg
141947	Pole Mounted Auto Recloser 15,5 kV 16 kA	EA	RELIGADORES	141947.jpeg
141980	RELIGADOR,1F,27KV, 100A,OP.3F,NTE044/01	UN	RELIGADORES	141980.jpeg
142039	RELIG.,1F,15KV,200A,BASE TIP.C,COM.NBIOT	EA	RELIGADORES	142039.jpeg
142047	RELIG,3F,15kV,12,5kA,Lítio,PM-Br 199.83	EA	RELIGADORES	142047.jpeg
150711	CH,A3,2000A-15KV,25KA,SEC TRI,NBI110 MAN	PC	MATERIAL GERAL	150711.jpeg
150719	CH,MONO,COMAN,BANC,CAP,15KV,200A,ETA-130	PC	CHAVES	150719.jpeg
150755	DISJ,145KV,2000A,SF6,40KA,EXT,GSH001/4	PC	SUBSTAÇÃO	150755.jpeg
150763	SECCIONADORA UNIP,400A,125KV,PM2190I3	PC	CHAVES	150763.jpeg
150771	CHAVE,SECC,145KV,2000A,3F,MAN,SECO,<10M	PC	SUBSTAÇÃO	150771.jpeg
160128	CUB, BARRA INT, 17,5 KV 4000A E-SE-008	PC	MATERIAL GERAL	160128.jpeg
160232	KIT CONTENCAO EMERG AMBIENTAL ABSORV LIQ	UN	FERRAMENTAS	160232.jpeg
160271	BY-PASS ISOLADO  TEMPORÁRIO PARA TRANSFO	UN	FERRAMENTAS	160271.jpeg
160272	Cobertura flexível p/ condutor de 15kV d	UN	FERRAMENTAS	160272.jpeg
160273	COBERTURA PROT. CABO Ø25mm 26,4kV+PRES	PI	FERRAMENTAS	160273.jpeg
160373	TAPA CAJA EMPAL 1F ITM HORIZ M-2077	UN	FERRAMENTAS	160373.jpeg
161962	INVERSOR CONVERSOR 24V-200V POT 2000W, 60HZ SENOID	UN	FERRAMENTAS	161962.jpeg
161966	CAIXA PP,BT,SUBT,1200X700,TIPO5,D199.39	EA	MATERIAL GERAL	161966.jpeg
161987	Kit de Isolação de Cabos Aplicados nas A	CDA	FERRAMENTAS	161987.jpeg
161993	INVERSOR PORTAVEL 12/220V MIN: 300W	CDA	FERRAMENTAS	161993.jpeg
161997	KIt de Motosserra a Bateria STIHL MSA 60	EA	FERRAMENTAS	161997.jpeg
162011	Kit Motopoda a Bateria modelo DUA 300 co	CDA	FERRAMENTAS	162011.jpeg
163828	BATERIA,125VCC,100AH,VENT,ET-BR 191	PC	BATERIA	163828.jpeg
163829	BATERIA,125VCC,200AH,VENT,ET-BR 107	PC	BATERIA	163829.jpeg
163858	CONECTOR DESMONTAVEL PASSANTE (TIPO T)	PC	MATERIAL GERAL	163858.jpeg
163866	CAPACITOR,POT,DERIV,200KVAR,6600V,ETA161	PC	CAPACITORES	163866.jpeg
163868	CAPACIT,POT MONO 7960V-200KVAR,ETD06/92	PC	CAPACITORES	163868.jpeg
163895	BANCO,CAPAC,13,8KV,MAN,1X4,8MVAR,ESE009	CJT	CAPACITORES	163895.jpeg
163896	PAINEL SERV. AUXILIAR CA/CC, ET-R 182 R-	PC	SUBSTAÇÃO	163896.jpeg
163902	BANCO,CAPAC,11,95KV,MAN,1X4,8MVAR,ESE009	PC	CAPACITORES	163902.jpeg
163916	BANCO,CAPAC,11,95KV,MAN,2X4,8MVAR,ESE009	CJT	CAPACITORES	163916.jpeg
163919	BANCO,CAPAC,13,8KV,MAN,2X2,4MVAR,ESE009	CJT	CAPACITORES	163919.jpeg
163921	BANCO,CAPAC,13,8KV,MAN,2X4,8MVAR,ESE009	CJT	CAPACITORES	163921.jpeg
164218	CJT 3 ELEM.TRANSF.MED.MT,10A-A RECUPERAR	PC	CJT MEDIÇÃO	164218.jpeg
164219	BATERIA ESTAC. VLRA 12V 26AH/20H, ET-275	UN	BATERIA	164219.jpeg
164325	CAIXA PCO 1BARR 3F/N 160A 320X270MM PM-R	PC	CAIXAS	164325.jpeg
164435	CAPACITOR,POT,DERIV,200KVAR,6600V,ETA161 SUC	PZ	CAPACITORES	164435.jpeg
164464	ESTRUTURA, SUPORTE BCO CAPACITORES POTÊN	PC	MATERIAL GERAL	164464.jpeg
164468	CONECTOR PARAF.FENDIDO, DED-1845 I.1	PC	MATERIAL GERAL ESPECIAL	164468.jpeg
164472	CONECTOR À COMP. ESTRIBO, DED-0100 I.3	PC	MATERIAL GERAL	164472.jpeg
164473	CONEC.COMP.ESTR,DED0100I4,FP,SUB.4549538	PC	MATERIAL GERAL	164473.jpeg
164475	PROTETOR DE PARA-RAIOS,D780.04.0	PC	MATERIAL GERAL	164475.jpeg
164479	CAIXA CONEX P/ LIG. CONSUMIDOR DDT-1748	PC	CAIXAS	164479.jpeg
164481	CAIXA DERIVAÇÃO DED-1905 R3	PC	CAIXAS	164481.jpeg
164483	TOMADA P/RELE FOTOELÉTRICO, DED-0066 R.5	PC	MATERIAL GERAL	164483.jpeg
164484	CAIXA P/PROT.BAIXA TENSÃO, DED-1949 R.3	PC	MATERIAL GERAL	164484.jpeg
164485	BARRAMENTO BIFÁSICO DED-1841	PC	MATERIAL GERAL ESPECIAL	164485.jpeg
164486	BARRAMENTO TRIFÁSICO DED-1842 R2	PC	MATERIAL GERAL ESPECIAL	164486.jpeg
164492	CAIXA DERIVAÇÃO 160A  DQN-2025 R2	PC	CAIXAS	164492.jpeg
164506	PLUGUE BASICO ISOLANTE 15/25KV,D2159 R00	PC	CONECTORES	164506.jpeg
164513	CAIXA P/DISJ.BT 125-200A- DQN-2145	PC	CAIXAS	164513.jpeg
164514	BARRAM DERIV 0,6/1,0KV,8SAIDAS,PM-2039I3	PC	MATERIAL GERAL ESPECIAL	164514.jpeg
164516	CX.MEDID.POLIFTRAVA TAMPAPM 2165	PC	CAIXAS	164516.jpeg
164521	LUVA EMENDA ISOLCB AL BT 70MMPM2176 I4	UN	MATERIAL GERAL	164521.jpeg
164524	CX MEDIDOR MONO ELETRONICO-DED-2186 R1	PC	CAIXAS	164524.jpeg
164525	CAIXA DE MEDIDOR POLIF. C/ TRAVAVISORPM2187 	PC	CAIXAS	164525.jpeg
164527	CONTROLE COMANDO BANCO CAPACIT MT,PM2199	PC	MATERIAL GERAL	164527.jpeg
164532	COBERTURA P/CONEXÕES 15KVPM2208 R0	PC	MATERIAL GERAL FEFO	164532.jpeg
164549	UP TELEC PARA INSTAL EXTERNO SUCATA	PC	TELECONTROLE	164549.jpeg
164550	CAIXA METALICA MEDIÇAO ELETRON PM2179I2	PC	CAIXAS	164550.jpeg
164561	UP TELEC PARA INSTAL EXTERNO RECUPERADO	PC	TELECONTROLE	164561.jpeg
164562	UP TELEC PARA INSTAL EXTERNO À RECUPERAR	PC	TELECONTROLE	164562.jpeg
164584	CX MED MONO-TRAVA-RESSALTO+CARACT-PM2197	PC	CAIXAS	164584.jpeg
164598	CAIXA,BIPARTIDA,MEDIDOR,MONO,PMA190.13.0	UN	MATERIAL GERAL	164598.jpeg
164620	CAIXA,PROT SEC,POLIC, 30-125A,U/P,D19003	PC	CAIXAS	164620.jpeg
164621	BATERÍA SELLADA PB-ACIDO VRLA 12VCC 24AH	PC	TELECONTROLE	164621.jpeg
164647	PAINEL DE COMANDO E CONTROLE - PMA 190.1	PC	TELECONTROLE	164647.jpeg
164648	PROTEÇÃO DO RGDM - DV7070	UN	MATERIAL GERAL	164648.jpeg
164671	CONTROLE,RELIGADOR,127/220V-REC	PC	RELIGADORES	164671.jpeg
164676	GRAMPO LINHA VIVA 4/0AWG/ 185MM2 TIPO 4	UN	MATERIAL GERAL	164676.jpeg
164681	CHAVE A OLEO,SUCATA	PZ	SUCATA	164681.jpeg
164682	CB AL NU 4AWG CA ,SUCATA	KG	COND.ALUM.NÚ.CA.SUCATA [S/ALMA]	164682.jpeg
164683	CB AL NU CAA 2AWG,SUCATA	KG	COND.ALUM.NÚ.CAA.SUCATA [C/ALMA]	164683.jpeg
164684	COND CU NU 6MM²,1 FIO,PM-1846 I1 ,SUCATA	KG	COND.CU.NÚ.SUCATA	164684.jpeg
164685	CB ELÉTRMULT AL 35MM²-FP,SUCATA	M	COND.ALUM.ISOLADO.SUCATA	164685.jpeg
164687	CB PRE-REUN AL 3X95+1X70MM²DED-1,SUCATA	M	COND.ALUM.ISOLADO.SUCATA	164687.jpeg
164706	CAIXA DERIVAÇÃO 160A - GSCC019/1	PZ	CAIXAS	164706.jpeg
164707	CUBÍCULO,SERVIÇOS AUX,17.5KV,INT,ESE008	PC	MATERIAL GERAL	164707.jpeg
164709	CUB,SAÍDA,BCO CAPAC,17.5KV,630A,25KA,INT	PC	MATERIAL GERAL	164709.jpeg
164710	CUB,SAÍDA,ALIM,17.5KV,630A,25KA,I,ESE008	PC	MATERIAL GERAL	164710.jpeg
164715	FITA,ISOL,ADE,BRAN,19MMX20M,PM-BR220.01	PZ	MATERIAL GERAL	164715.jpeg
164721	CUBÍCULO,MEDIÇÃO,17.5KV,INTERIOR	PC	MATERIAL GERAL	164721.jpeg
164943	CRUZETA, POLIMERICA 2400MM RETANG 1	UN	CRUZETA	164943.jpeg
164997	CUB,ENT,TRAFO,17.5KV,3150A,25KA,I,ESE008	PC	MATERIAL GERAL	164997.jpeg
164998	CUB,INTERLIG BARRA,17.5KV,3150A,25KA,INT	PC	MATERIAL GERAL	164998.jpeg
164999	CUBÍCULO,REMONTE,17.5KV,INTERIOR,ESE008	PC	MATERIAL GERAL	164999.jpeg
165015	UP TELECONTROL PARA INSTALACION EXTERIOR	PC	TELECONTROLE	165015.jpeg
165017	UNIDAD PERIFERICA TELECONTROL	PC	TELECONTROLE	165017.jpeg
165076	SACOLA PARA MANGA DE BORRACHA EQS	PC	EPI/EPC	165076.jpeg
165093	BATERIA ESTAC. VLRA 12V 7AH/10H, ET-275	UN	BATERIA	165093.jpeg
165146	CONVERSOR INTERF RS232/P OTIC/ETHE 220V	UN	MATERIAL GERAL	165146.jpeg
165147	DISPLAY MED ENERG ION/ABNT LCD 32 CARACT	UN	MEDIDOR	165147.jpeg
165191	CAIXA  ATERRAMENTO DED-1855	PC	CAIXAS	165191.jpeg
165192	IDENTIFICADOR FASE,C, DED-1929 I3 R1	PC	MATERIAL GERAL	165192.jpeg
165193	MARRETA DE AÇO, COM CABO, DE 1 KG	PZ	FERRAMENTAS	165193.jpeg
165206	CARREGADOR,BATERIAS,AUTO 12VCC 12A 32 AH	UN	FERRAMENTAS	165206.jpeg
165239	DISPOSIT.ANCOR.,ABER.LONG.,ET-HS-128	CJT	FERRAMENTAS	165239.jpeg
165253	CAP,200KVA,7960V,25KA,ET002-À RECUPERAR	PC	CAPACITORES	165253.jpeg
166251	CAPACITOR, DIVERSOS TIPOS E CAPAC INSERV	PC	MATERIAL GERAL	166251.jpeg
166271	CJ PROT MT11,95KV/400A-PM2183 I1 R1	PZ	DIVERSOS	166271.jpeg
166339	CUB,ENT,TRAFO,17.5KV,4000A,25KA,I,ESE008	UN	MATERIAL GERAL	166339.jpeg
166364	INVERSOR SOLAR 24VCC 240VCA 2KW	UN	PADRÃO	166364.jpeg
166436	IDENTIFICADOR FASE, "B",DED-1929 I2 R1	PC	MATERIAL GERAL	166436.jpeg
166481	BATERIA, NI-MH, 9V,ALCALINA	UN	BATERIA	166481.jpeg
166487	CABLE NORMALIZADO DE CONEXION UP-IMS	PC	TELECONTROLE	166487.jpeg
166500	TTR MEDIDOR DE RELAÇÃO DE TRANSFORMAÇ	UN	FERRAMENTAS	166500.jpeg
166505	FONTE ENERGIA 24 VCC - DV7077	PC	SUBSTAÇÃO	166505.jpeg
166508	MALETA INSPEC MTC-26 ENSAIOS 127V	UN	FERRAMENTAS	166508.jpeg
166511	CB,ELÉTR AL NU CAA4/0-FP SUBST.P/,SUCATA	KG	COND.ALUM.NÚ.CAA.SUCATA [C/ALMA]	166511.jpeg
166553	CJT 3 ELEM.TRANSF.MED.MT,15A-A RECUPERAR	UN	CJT MEDIÇÃO	166553.jpeg
166554	CJT 3 ELEM.TRANSF.MED.MT,20A-A RECUPERAR	UN	CJT MEDIÇÃO	166554.jpeg
166555	CJT 3 ELE.TRANS.MD.MT,50/100-A RECUPERAR	UN	CJT MEDIÇÃO	166555.jpeg
166557	CJT 3ELEM.TRAN.MED.MT,200-600,A RECUP.	UN	CJT MEDIÇÃO	166557.jpeg
166561	PAINEL ELET CA/CC-380V 2190X 800X 645MM	UN	MATERIAL GERAL	166561.jpeg
166567	BATERIA ESTACIONARIA VLRA 12V 1,3AH/20HS	PZ	BATERIA	166567.jpeg
166568	RETIF,TRIF,220VCA-125VCC,DUPL,75A,VAL	PC	MATERIAL GERAL	166568.jpeg
170041	ELO,FUS,5A,H,GSCM012/64	CDA	MATERIAL GERAL	170041.jpeg
170042	ELO,FUS,3A,H,GSCM012/63	EA	MATERIAL GERAL	170042.jpeg
170043	ELO,FUS,2A,H,GSCM012/62	EA	MATERIAL GERAL	170043.jpeg
170044	ELO,FUS,1A,H,GSCM012/61	EA	MATERIAL GERAL	170044.jpeg
170058	ELO,FUS,100A,K,GSCM012/35	EA	CONECTORES	170058.jpeg
170064	ELO,FUS,25A,K,GSCM012/29	CDA	MATERIAL GERAL	170064.jpeg
170066	ELO,FUS,16A,K,GSCM012/27	CDA	MATERIAL GERAL	170066.jpeg
170067	ELO,FUS,12,5A,K,GSCM012/26	EA	MATERIAL GERAL	170067.jpeg
170068	ELO,FUS,10A,K,GSCM012/25	CDA	MATERIAL GERAL	170068.jpeg
170069	ELO,FUS,8A,K,GSCM012/24	EA	MATERIAL GERAL	170069.jpeg
170070	ELO,FUS,6,3A,K,GSCM012/23	EA	PADRÃO	170070.jpeg
170074	CH,FUS,24KV,E,LINEAR,8kA,GSCM012/2	PC	CHAVES	170074.jpeg
170075	CH,FUS,24KV,D,LINEAR,8kA,GSCM012/1	PC	CHAVES	170075.jpeg
170158	CH,FUS,INOX,15KV,E,LIN,(465),GSCM012/11	EA	CHAVES	170158.jpeg
170159	CH,FUS,AZ,15KV,D,LINEAR,(380),GSCM012/10	EA	CHAVES	170159.jpeg
170973	P.RAIOS,POLIM.ÓX.ZINC,30KV SUB-BASE ISOL	PC	MATERIAL GERAL	170973.jpeg
170974	P.RAIOS,POLIM.ÓX.ZINC,60KV S/CONT-BLOQUE	PC	MATERIAL GERAL	170974.jpeg
170977	P.RAIOS,POLIM.ÓX.ZINCO,12KV SUBBASE ISOL	PC	MATERIAL GERAL	170977.jpeg
170983	PARA-RAIOS,69KV-10KA,ZnO,PM-R155.05.2	PC	MATERIAL GERAL	170983.jpeg
170985	PARA-RAIOS,138KV-10KA,ZnO,PM-R155.05.2	PC	MATERIAL GERAL	170985.jpeg
171060	RELIGADOR,1F,27KV, 200A,OP.3F,NTE044/01	UN	TELECONTROLE	171060.jpeg
171088	PARA-RAIO,12KV,95kV,CLASS D,POLI,GSCC016	PC	MATERIAL GERAL	171088.jpeg
171089	ELO,FUS,BOT,15KV, 1A,H,D13801.6	UN	MATERIAL GERAL	171089.jpeg
171090	ELO,FUS,BOT,15KV, 2A,H,D13801.6	UN	MATERIAL GERAL	171090.jpeg
171091	ELO,FUS,BOT,15KV, 3A,H,D13801.6	UN	MATERIAL GERAL	171091.jpeg
171092	ELO,FUS,BOT,15KV, 5A,H,D13801.6	UN	MATERIAL GERAL	171092.jpeg
171093	ELO,FUS,DISTRIB,15/36KV,6A,K,D138.01	UN	MATERIAL GERAL	171093.jpeg
171094	ELO,FUS,BOT,15KV, 8A,K,D13801.6	UN	MATERIAL GERAL	171094.jpeg
171095	ELO,FUS,BOT,15KV, 10A,K,D13801.4FP	UN	MATERIAL GERAL	171095.jpeg
171096	ELO,FUS,DISTRIB,15/36KV,12A,K,D138.01	UN	MATERIAL GERAL	171096.jpeg
171097	ELO,FUS,BOT,15KV,15A,K,D13801.4FP	UN	MATERIAL GERAL	171097.jpeg
171099	ELO,FUS,BOT,15KV,25A,K,D13801.6FP	UN	MATERIAL GERAL	171099.jpeg
171110	ELO FUSÍVEL TIPO 1H, DED-0094 I.2 R.5	PC	MATERIAL GERAL	171110.jpeg
171111	ELO FUSÍVEL TIPO 2H, DED-0094 I.3 R.5	PC	MATERIAL GERAL	171111.jpeg
171112	ELO FUSÍVEL TIPO 3H, DED-0094 I.4 R.5	PC	MATERIAL GERAL	171112.jpeg
171113	ELO FUSÍVEL TIPO 5H, DED-0094 I.5 R.5	PC	MATERIAL GERAL	171113.jpeg
171114	ELO FUSÍVEL TIPO 6K, DED-0094 I.6 R.5	PC	MATERIAL GERAL	171114.jpeg
171115	ELO FUSÍVEL TIPO 8K, DED-0094 I.7 R.5	PC	MATERIAL GERAL	171115.jpeg
171116	ELO FUSÍVEL TIPO 10K, DED-0094 I.8 R.5	PC	MATERIAL GERAL	171116.jpeg
171117	ELO FUSÍVEL TIPO 12K, DED-0094 I.9 R.5	PC	MATERIAL GERAL	171117.jpeg
171118	ELO FUSÍVEL TIPO 15K, DED-0094 I.10 R.5	PC	MATERIAL GERAL	171118.jpeg
171119	ELO FUSÍVEL TIPO 25K, DED-0094 I.11 R.5	PC	MATERIAL GERAL	171119.jpeg
171120	ELO FUSÍVEL TIPO 40K, DED-0094 I.12 R.5	PC	MATERIAL GERAL	171120.jpeg
171121	ELO FUSÍVEL TIPO 50K, DED-0094 I.13 R.5	PC	MATERIAL GERAL	171121.jpeg
171122	CHAVE C.CIRC TIPOC 17,5kV-100A DED1163R3	PC	CHAVES	171122.jpeg
171125	PARA-RAIO,12KV,95kV,CLASS E,POLI,GSCC016	PC	MATERIAL GERAL	171125.jpeg
171129	FUSÍVEL NH 500V-250A,TAM.2,DQN-2048I4R1	PZ	MATERIAL GERAL	171129.jpeg
171140	PORTA FUSIVEL GRAMPO LINHA VIVA-PM-2256	PC	MATERIAL GERAL	171140.jpeg
171183	SUPORTE,AZ,P/3 SEC FUS UNIP BT,ETA133   	PC	FERRAGEM	171183.jpeg
171185	FUSIVEL,NH,315A,19KA,D13401	PC	MATERIAL GERAL	171185.jpeg
171217	PARA-RAIO MT REMOVIVEL 12KV, 10 KA, 60HZ	PC	MATERIAL GERAL	171217.jpeg
171218	CHAVE,FUS,AZ,27KV,100A,C,POLIM,ET-277 	PC	CHAVES	171218.jpeg
171221	PARA-RAIOS,DH,T,POL,30KV,E,GSCC016/10	PEÇ	MATERIAL GERAL	171221.jpeg
171409	CHAVE, FUSÍVEL RELIGADORA 15KV-100A, NBI-4545870	PC	CHAVES	171409.jpeg
171411	CX DISJ TERM TRIFASICO 175E200A,PM2145I2	PC	MATERIAL GERAL	171411.jpeg
180031	SETA LUMINOSA DIRECIONAL	UN	FERRAMENTAS	180031.jpeg
180165	RELE de ALIMENTADOR IEC61850	PC	MATERIAL GERAL	180165.jpeg
180494	RELE DISTANCIA 110V. 5A.125VCC.	PC	MATERIAL GERAL	180494.jpeg
180725	RELÉ FOTOELÉTRICO 220V - DED-0073 R5	PC	MATERIAL GERAL	180725.jpeg
180945	RELE, DIFERENCIAL DIGITAL P/TRAFO TRIFÁS	PC	MATERIAL GERAL	180945.jpeg
180946	RELE DIRECIONAL SOBRECORRENTE FASE 67,60	PC	MATERIAL GERAL	180946.jpeg
180948	RELE PROT 50/51,50/51G,50/51N,50/51Q	PC	PROTECCIONES (RELÉS, UP, RGDAT)	180948.jpeg
181051	RELE IND 8A 250VCA 4REV 125V CC	UN	PROTECCIONES (RELÉS, UP, RGDAT)	181051.jpeg
181052	RELE IND 16A 250VCA 3REV 125V CC	UN	PROTECCIONES (RELÉS, UP, RGDAT)	181052.jpeg
200110	CAVALETE HIDRÁULICO COM FREIO A DISCO	EA	FERRAMENTAS	200110.jpeg
200165	BASTAO MOV POSTE TIRANTE 1200MM,	UN	FERRAMENTAS	200165.jpeg
200173	CONEC,TERM,COMPR,AL,95MM2,1F,D71038	EA	CONECTORES	200173.jpeg
200186	SUPOR,TRAFO,POSTE CIRC,270MM,TP1,D421.01	EA	FERRAGEM	200186.jpeg
200207	GRAMPO,LINHA VIVA,TIPO 1,D710.70	EA	MATERIAL GERAL	200207.jpeg
200231	PARAF,PRISI,LATÃO,M12,100MM,PM-BR480.03	EA	FERRAGEM	200231.jpeg
200233	PARAF,PRISI,LATÃO,M12,150MM,PM-BR480.03	UN	FERRAGEM	200233.jpeg
200234	PARAF,PRISI,LATÃO,M12,200MM,PM-BR480.03	UN	FERRAGEM	200234.jpeg
200237	SUPORTE,FIXAÇÃO,P/TACOS,TIPO1,D480.15.1	UN	FERRAGEM	200237.jpeg
200250	SUPORTE L,ACO CARBONO,PM-BR410.35	EA	FERRAGEM	200250.jpeg
200594	ALCA PREF DIST,LIGA AL,N NU,50MM2,D73006	EA	MATERIAL GERAL ESPECIAL	200594.jpeg
200611	ALCA PREF SERV,LIGA AL,N NU,50MM2,D73006	EA	MATERIAL GERAL ESPECIAL	200611.jpeg
200633	LAÇO PREF DIST,LIGA AL,N NU,50MM2,D73006	EA	MATERIAL GERAL	200633.jpeg
200645	PINO,AUTOTRAVANTE,ISOL,60,RTOTAL,D51507	EA	FERRAGEM	200645.jpeg
201310	TERMINAL,PRE-ISO,2.5MM2,CU,GARFO,D770.05	UN	CONECTORES	201310.jpeg
201317	CONC.TERM.CMP.MED,35MM2,?=13,2MM,D710910	PC	MATERIAL GERAL	201317.jpeg
201318	TERM,AGR,CB POT,12/20KV,35-150MM2,D7252	PC	MATERIAL GERAL	201318.jpeg
201365	LUVA,EME,COMP,AL,2AWG,PM-C720.15,FP	UN	MATERIAL GERAL	201365.jpeg
201366	LUVA.EMENDA.COMPRES.4AWGCAA.D72016	UN	CONECTORES	201366.jpeg
201376	CONECTOR,ATERR,CU,16-70,D71025	UN	CONECTORES	201376.jpeg
201381	SUPORTE P/CHAVE BY-PASS, DED-1948 R.5   	PC	FERRAGEM	201381.jpeg
201383	CONECTOR, TERMINAL A COMPRESSAO LIG AL	PC	CONECTORES	201383.jpeg
201384	ARRUELA LISA QUADRADA, DED-0036 R.3	PC	FERRAGEM DIVERSOS	201384.jpeg
201385	ARRUELA LIGA DE ALUMÍNIO DED-1256 R.2	PC	MATERIAL GERAL	201385.jpeg
201386	CONECTOR PARAF. FENDIDO,DED-1845 I2	PC	MATERIAL GERAL	201386.jpeg
201387	HASTE DE ANCORA, DED-0082 R.5	PC	FERRAGEM ESPECIAL	201387.jpeg
201388	CONECTOR TERM. P/ COND. CU, DDT-1761 I.5	PC	CONECTORES	201388.jpeg
201389	CONECTOR TERM. P/ COND. AL, DED-0105 I.2	PC	CONECTORES	201389.jpeg
201390	CONECTOR TERM. P/ COND. CU, DDT-1761 I.4	PC	MATERIAL GERAL	201390.jpeg
201391	CONECTOR TERM. P/ COND. CU DDT-1761 I.7	PC	MATERIAL GERAL	201391.jpeg
201392	CONECTOR TERM. P/ COND. CU, DDT-1761 I.9	PC	MATERIAL GERAL	201392.jpeg
201393	GRAMPO, ATERRAMENTO, DED-79-0085 R.2	PC	MATERIAL GERAL	201393.jpeg
201397	CONEC TERM COMP MED,CB 35mm²,PM2092I7R8	PC	CONECTORES	201397.jpeg
201398	CONEC TERM COMP MED,CB 70MMý,PM2092I8R8 	PC	MATERIAL GERAL	201398.jpeg
201399	SUPORTE P/DEGRAUS,CX.SUBTERRAN-DQN2135	PC	MATERIAL GERAL	201399.jpeg
201402	SUP. PARA FIXAÇÃO PARA-RAIOS TRANSF.	PC	MATERIAL GERAL	201402.jpeg
201406	CONECTOR TERM COMPR-CAA4AWG-PM2223I1	PC	MATERIAL GERAL	201406.jpeg
201407	CONECTOR TERM COMPR-AL-150MM2-PM2223I9	PC	CONECTORES	201407.jpeg
201410	CONECTOR,TERM,COMPR,CU,240MM2,2F,D71048	UN	CONECTORES	201410.jpeg
201415	CONEC,TERM,COMPR,AL,120MM2,2F,D71038,FPM	PC	CONECTORES	201415.jpeg
201437	CONECTOR TERM,COND AL 95MM,PM2251I3R0	PC	CONECTORES	201437.jpeg
201439	CONECTOR CUNHA ATERR-4-7-8MM-PM2255I1	PC	MATERIAL GERAL ESPECIAL	201439.jpeg
201440	PINO TOPO,ISOL PILAR,AÇO GALV,PM-2162 I2	PC	MATERIAL GERAL	201440.jpeg
201501	CB,ACO-CU,ATERR,35MM²,D80502,SUCATA	UN	COND.CU.ISOLADO.SUCATA	201501.jpeg
201534	HASTE,ATERR,AÇO-COBR,5/8",2400MM,D80001	UN	FERRAGEM	201534.jpeg
201626	CONECTOR, DERIV CUNHA, AL AZ SOMADI	UN	CONECTORES	201626.jpeg
201676	CONECTOR,TERM,COMPR,CU,I11,D1761,FP	PZ	CONECTORES	201676.jpeg
201734	KIT BORNEIRA	PC	MATERIAL GERAL	201734.jpeg
220025	CADEADO 30MM - ALONGADO	UN	EPI/EPC	220025.jpeg
220067	BARREIRA PANTOGRAFICA SANFONADA	UN	FERRAMENTAS	220067.jpeg
220114	CHAVE,CANHAO ISOL,1000V SEXT  1/2"X125	PC	FERRAMENTAS	220114.jpeg
220116	CHAVE, ALLEN ISO, 1000V SEXT 5/16"X125	UN	FERRAMENTAS	220116.jpeg
231194	POSTE CONC. DT 13MX1000DAN,PM0055 I13 R8	PC	POSTE	231194.jpeg
231197	POSTE,CONC,DT,15/2000DAN,PM-BR314.01	UN	POSTE	231197.jpeg
231218	POSTE,15MX2000DAN,CONC.CIRC,DED-0054 R7	PC	POSTE	231218.jpeg
231219	POSTE,15MX1000DAN,CONC.CIRC.DED-0054 R7	PC	POSTE	231219.jpeg
231280	POSTE 11MX1000DAN,CONC.CIRC.DED-0054 R7	PC	POSTE	231280.jpeg
231281	POSTE 12MX1000DAN,CONC.CIRC, DED-0054 R7	PC	POSTE	231281.jpeg
231282	POSTE,12MX2000DAN,CONC.CIRC,DED-0054 R7	PC	POSTE	231282.jpeg
231283	POSTE,9MX200DAN,CONC.CIRCULARDED-0054R7	PC	POSTE	231283.jpeg
231285	POSTE,11MX200DAN CONC.CIRC.DED-0054 R7	PC	POSTE	231285.jpeg
231286	POSTE 11MX400DANCONC. CIRC.DED-0054 R7	PC	POSTE	231286.jpeg
231287	POSTE,11MX600DAN CONC.CIRC, DED-0054 R7	PC	POSTE	231287.jpeg
231288	POSTE 12MX400DAN,CONC.CIRC, DED-0054 R.7	PC	POSTE	231288.jpeg
231289	POSTE 12MX600DAN,CONC.CIRC, DED-0054 R.7	PC	POSTE	231289.jpeg
231294	POSTE,13MX1000DAN,CONC.CIRC,DED-0054 R7	PC	POSTE	231294.jpeg
231295	POSTE 11MX1500DAN,CONC.CIRC,DED-0054 R7	PC	POSTE	231295.jpeg
231296	POSTE 13MX2000DAN,CONC.CIRC,DED-0054 R7	PC	POSTE	231296.jpeg
231299	POSTE CONC. DT 9MX200DAN,  DED-0055 R4	PC	POSTE	231299.jpeg
231300	POSTE CONC. DT 9MX400DAN,  DED-0055 R.4	PC	POSTE	231300.jpeg
231301	POSTE CONC. DT 11MX200DAN,  DED-0055 R.4	PC	POSTE	231301.jpeg
231302	POSTE CONC. DT, 11MX400DAN, DED- 0055 R4	PC	POSTE	231302.jpeg
231303	POSTE CONC. DT 11MX600DAN, DED-0055 R4	PC	POSTE	231303.jpeg
231304	POSTE CONC. DT, 12MX400DAN,  DED-0055 R4	PC	POSTE	231304.jpeg
231305	POSTE CONC. DT 12MX600DAN,  DED-0055 R4	PC	POSTE	231305.jpeg
231307	CRUZETA,MADEIRA 2M,DED-1789 R.2	PC	CRUZETA	231307.jpeg
231308	CRUZETA, MADEIRA 5M, DED-1790 R.2	PC	CRUZETA	231308.jpeg
231309	MOLDURA, FIO TERRA, DED-98-1794 R.1	PC	MATERIAL GERAL	231309.jpeg
231316	CRUZETA, MADEIRA 2,40M, DQN-2062 R2	PC	CRUZETA	231316.jpeg
231320	SUPORTE ALUM MEDICAO CRUZETA PM-2175 I1	PZ	FERRAGEM	231320.jpeg
231329	POSTE BIPARTIDO-PARTE INFERIOR-PM2216I1	PC	POSTE DE AÇO	231329.jpeg
231330	POSTE BIPARTID-PART SUPERIOR 7M-PM2216I3	PC	POSTE DE AÇO	231330.jpeg
231332	CRUZETA POL 90X112X2000MM	PC	CRUZETA	231332.jpeg
231334	CRUZETA CONCRETO-2M-PM-2241	PC	CRUZETA DE CONCRETO	231334.jpeg
231343	CRUZETA POLIMERICA- 2-4M- PM-2242	PC	CRUZETA	231343.jpeg
231351	POSTE,FIBRA VIDRO,12M, 600DAN,ET-301	UN	POSTE DE FIBRA	231351.jpeg
231360	POSTE,BIP,FIB,9m,200daN,D2268	PC	POSTE DE FIBRA	231360.jpeg
231361	POSTE FIBRA BIPART 11X400DAN PM2268	PC	POSTE DE FIBRA	231361.jpeg
231382	POSTE CONC. DT 13MX600DAN, D300.20.0	PC	POSTE	231382.jpeg
231413	POSTE,FIBRA VIDRO,12M,1000DAN,PMBR307.01	UN	POSTE DE FIBRA	231413.jpeg
231562	POSTE,FIBRA,12M,400DAN,PM-R307.01.1	PC	POSTE DE FIBRA	231562.jpeg
231565	POSTE,FIBRA,BIP,12M,600DAN,PM-R307.01.1	PC	POSTE DE FIBRA	231565.jpeg
231568	POSTE,FIBRA,11M,600DAN,PM-R307.01.1	PC	POSTE DE FIBRA	231568.jpeg
231569	POSTE,FIBRA,BIP,9M,400DAN,PM-R307.01.1	PC	POSTE DE FIBRA	231569.jpeg
231570	POSTE,FIBRA,BIP,9M,600DAN,PM-R307.01.1	PC	POSTE DE FIBRA	231570.jpeg
231571	POSTE,FIBRA,BIP,11M,200DAN,PM-R307.01.1	PC	POSTE DE FIBRA	231571.jpeg
231572	POSTE,FIBRA,BIP,11M,600DAN,PM-R307.01.1	PC	POSTE DE FIBRA	231572.jpeg
231657	POSTE,FIBRA VIDRO,13M, 600DAN,D307.01	UN	POSTE DE FIBRA	231657.jpeg
231666	POSTE,AÇO,G,14M/2680DAN,BIP,PM-R305.10.1	UN	POSTE DE AÇO	231666.jpeg
231670	POSTE,AÇO,F,18M/1820DAN,BIP,PM-R305.10.1	UN	POSTE DE AÇO	231670.jpeg
231671	POSTE,AÇO,G,18M/2780DAN,BIP,PM-R305.10.1	UN	POSTE DE AÇO	231671.jpeg
232055	SUPORTE MET GALV "L" 2.1/2"X2.1/2"X	PC	FERRAGEM	232055.jpeg
240009	CRUZETA,ACO,2000MM,PMBR49009	EA	FERRAGEM	240009.jpeg
240015	CAIXA,AÇO,PROT BUCHA BT,PM-BR190.64	UN	CAIXAS	240015.jpeg
240016	CRUZETA,AÇO,2400mm,PM-Br 490.09	EA	FERRAGEM	240016.jpeg
240066	MAO,FRANC,PLANA,AZ,1053MM,1000MM,D430.02	CDA	FERRAGEM	240066.jpeg
240092	SUPORTE,FIXAÇÃO,CIRC,140-210MM,D426.02.0	PC	MATERIAL GERAL OEC	240092.jpeg
240093	SUPORTE,FIXAÇÃO,CIRC,200-280MM,D426.02.0	PC	MATERIAL GERAL OEC	240093.jpeg
240094	SUPORTE,FIXACAO,CIRC,260-340MM,D426.02.0	PC	MATERIAL GERAL OEC	240094.jpeg
240095	SUPORTE,CONEXÃO,AZ,D42801.0	UN	MATERIAL GERAL OEC	240095.jpeg
240096	SUPORTE,TERMINAL,EXT,UNIP,AZ,D42901.0	PC	MATERIAL GERAL OEC	240096.jpeg
240097	CINTA,FIX,COND,POSTE,A=127,MT,D43510.0	PC	MATERIAL GERAL OEC	240097.jpeg
240099	ARMAÇÃOSECAZ2ESTRC/HASTED520.01.0	UN	FERRAGEM	240099.jpeg
240100	ARMACAO,SEC,AL,2ESTR,C/HASTE,D90511.1	UN	FERRAGEM	240100.jpeg
240107	CANTONEIRA,LAZ65X6,5X900BR.CD45510.2	UN	FERRAGEM	240107.jpeg
240116	ARMAÇÃO SECUNDÁRIA SIMPLES, DED-0034 R5	PC	FERRAGEM	240116.jpeg
240117	ARMAÇÃO SECUNDÁRIA DUPLA,DED-0035 R4	PC	FERRAGEM	240117.jpeg
240118	MAO FRANC.PERFILADA LG AL993MMPM-1259	PC	MATERIAL GERAL	240118.jpeg
240119	MÃO FRANCESA PLANA LIGA AL. DED-1260 R.2	PC	MATERIAL GERAL	240119.jpeg
240120	MÃO FRANC.PERFIL. 1534MM,DED-0042 I.2 R8	PC	FERRAGEM	240120.jpeg
240121	MÃO FRANC.PERFIL. 993MM, DED-0042 I.1 R8	PC	FERRAGEM	240121.jpeg
240124	MÃO,FRANCESA,AZ,PERFILADA, 993MM,D43001	UN	FERRAGEM	240124.jpeg
240130	FIXADOR,AZ,P/CANTON U,SPACER,D44003	PC	MATERIAL GERAL	240130.jpeg
240131	BRAÇO,AFAST,HOR,1650MM,AZ,D45701.0	PC	FERRAGEM	240131.jpeg
240133	CINTA,DT,AL,180MM,D90420.0	PC	FERRAGEM	240133.jpeg
240139	PLACA APOIO TIPO S1 P/SUPOR PM-R435.11.2	PC	MATERIAL GERAL	240139.jpeg
240140	PLACA APOIO TIPO S2 P/SUPOR PM-R435.11.2	PC	MATERIAL GERAL	240140.jpeg
240152	CINTA U,AZ,SUPORT,MT,D=340MM,PMA435.12.1	UN	MATERIAL GERAL OEC	240152.jpeg
240153	GRAMPO,ANC,P CABO 3X95+52C,30KN,GSX00X/2	PC	MATERIAL GERAL	240153.jpeg
240172	SUPORT FOR REMOVIBLE MV DISCHARGER	PC	MATERIAL GERAL	240172.jpeg
240218	SUPORTE FIX CONCENTRADOR/TRANSF ACO CARB	UN	FERRAGEM	240218.jpeg
250034	GANCHO DE SUSPENSAO,ACO,PM-BR904.27	EA	FERRAGEM	250034.jpeg
250036	PRESILHA DE SUSPENSAO,AL,PM-BR904.28	EA	FERRAMENTAS	250036.jpeg
250041	PROTETOR,ESTR E GLV,36KV,PM-BR780.06	EA	MATERIAL GERAL	250041.jpeg
250042	SUPORTE,HORIZ,RD COMPACTA,34,5,D455.05	UN	FERRAGEM	250042.jpeg
250043	BRAÇO,SUP,36.2KV,AZ,TIPO C,SPACER,D45501	EA	FERRAGEM	250043.jpeg
250054	ALCA,DIST,AL,PREF,1/0AWG,CAA,D730.14	EA	MATERIAL GERAL	250054.jpeg
250061	SUPORTE GUIA PARA PONTO DE SUSPENSÃO	EA	FERRAMENTAS	250061.jpeg
250063	CINTA LIGA DE ELO DE TECIDO SINTÉTICO -	EA	FERRAMENTAS	250063.jpeg
250064	MASTRO PARA IÇAMENTO DE  CARGA COM SISTE	UN	FERRAMENTAS	250064.jpeg
250065	BASTAO TRACAO OLHAL/GANCHO,NTS 001-21HS	UN	FERRAMENTAS	250065.jpeg
250066	CRUZETA,AUXILIAR,64MM X 2,83M	UN	FERRAMENTAS	250066.jpeg
250073	CONJ HERRAJE RETENCIÓN CABLE AAAC 681	EA	FERRAMENTAS	250073.jpeg
250074	MAT-OMBR-NOM-22-1544-EDBR - MOITÃO TRIPL	EA	FERRAMENTAS	250074.jpeg
250075	SELA P/ POSTE COM EXTENSOR E COLAR 64MM	EA	FERRAGEM	250075.jpeg
250076	SELA P/ POSTE COM EXTENSOR E COLAR 38MM	EA	FERRAGEM	250076.jpeg
250078	ESTICADOR DE CABOSAlumínio CA com cober	EA	FERRAMENTAS	250078.jpeg
250079	ESTIBO PARA LINHA VIVA RCA400-0331 FER	UN	FERRAMENTAS	250079.jpeg
250080	PARAFUSO DE SELA RM4740 FERRO NODULAR,	UN	FERRAMENTAS	250080.jpeg
250081	CINTA PARA MÃO FRANCESA	EA	FERRAMENTAS	250081.jpeg
250083	PEGADOR DE BOBINA	EA	FERRAMENTAS	250083.jpeg
250085	BASTÃO MASTRO 64X3000MM	EA	FERRAMENTAS	250085.jpeg
250086	CABEÇOTE OLHAL PARA CONEXÃO DO BASTÃO MA	EA	FERRAMENTAS	250086.jpeg
250087	(FLV03457-13) SUPORTE DIM. 38MM X 2,03M	CDA	FERRAMENTAS	250087.jpeg
250102	GABARITO P/ PINTURA ALFABETO A - Z 60MM	EA	FERRAMENTAS	250102.jpeg
250103	GABARITO P/ PINTURA ALGARISMO 0 - 9 60MM	EA	FERRAMENTAS	250103.jpeg
251617	CONCHA-GARFO,12000DAN,PM-BR510.13	UN	FERRAGEM	251617.jpeg
251622	PRESILHA, CB AÇO ZINCADO 5/16"	PC	FERRAGEM	251622.jpeg
251629	GARFO-BOLA ACO ZINCADO F-1340 FORJASUL-S	PC	MATERIAL GERAL	251629.jpeg
251631	GARFO-GARFO AÇO FORJADO ZINC/QUENTE 1350	PC	MATERIAL GERAL	251631.jpeg
251646	CAVALOTE AÇO ZINCADO REF.F1240 FORJASUL-	PC	FERRAGEM	251646.jpeg
251651	ALCA,PREF.CUCB PRE-REUN.10-16MM-DED1959	PC	MATERIAL GERAL ESPECIAL	251651.jpeg
251652	ALCA PREF.CUCB PRE-REUN.35MM DQN-1959	PC	MATERIAL GERAL ESPECIAL	251652.jpeg
251654	ALCA PREF.CUCB PRE-REUN.70MM²-DQN-1959	PC	MATERIAL GERAL	251654.jpeg
251655	CONCHA-OLHAL, AÇO FORJADO, ZINCADO A QUE	PC	FERRAGEM	251655.jpeg
251659	CINTA, METÁLICA 12,5MM - ROLO DE 30,5M	PC	MATERIAL GERAL	251659.jpeg
251692	SUPORTE MEDIÇAO EM CRUZETA-PM-2166 I2 R1	PC	FERRAGEM	251692.jpeg
251693	DETECTOR PRES CONTATO 5-15KV	PZ	FERRAMENTAS	251693.jpeg
251696	ALÇA PREF AL, 200MM², PM2209,I4 R2	PZ	MATERIAL GERAL	251696.jpeg
251697	ALÇA PREF LIGA AL-160MM²-PM2191I11	PC	MATERIAL GERAL	251697.jpeg
251698	PRENSA-CABO-GERAL-CB 32-38MM-PM2193I4	PC	MATERIAL GERAL	251698.jpeg
251709	ESPAÇ,LOSAN,RC,15KV,INST. SOLO,D53001	PC	MATERIAL GERAL	251709.jpeg
251712	CONJ,GRAMPO,ANCORAGEM,D45059.0	PC	MATERIAL GERAL OEC	251712.jpeg
251713	GRAMPO,SUSP,CABO SUST,50MM2,D73038.0	PC	MATERIAL GERAL OEC	251713.jpeg
251714	SUPORTE,SUSP, CIRC,140-210MM,D427.01.0	PC	MATERIAL GERAL OEC	251714.jpeg
251715	SUPORTE,SUSP, CIRC,200-290MM,D427.01.0	PC	MATERIAL GERAL OEC	251715.jpeg
251755	CONJ,GRAMPO,ANCORAGEM,D45059-0	PC	MATERIAL GERAL OEC	251755.jpeg
251764	ALCA,DIST,ACO,PREF,4AWG,CAA,D730.14	UN	MATERIAL GERAL	251764.jpeg
251765	ALCA,PREF,AÇO,PRE-REUN,CA,54.6MM2,D73006	PC	MATERIAL GERAL	251765.jpeg
251767	ALCA,DIST,ACO,PREF,1/0AWG,CAA,D730.14	PC	MATERIAL GERAL	251767.jpeg
251771	ALCA,PREF,CORD,ACO,9.5,MM,AR,D730.04	UN	MATERIAL GERAL	251771.jpeg
251773	ALCA,PREF,DIST,CU-NU,16MM2,7F,D73001,FPM	UN	MATERIAL GERAL	251773.jpeg
251774	ALCA,PREF,DIST,CU-NU, 70MM2,D73001,FP	UN	MATERIAL GERAL	251774.jpeg
251775	ALCA,PREF,DIST,CU-NU,25MM2,7F,D73001,	PC	MATERIAL GERAL	251775.jpeg
251777	ALCA,DISTRIB,CU-NU, 35MM2,D73001,FPM	PC	MATERIAL GERAL	251777.jpeg
251781	ALÇA,PREF,AZ,BI,CONCENT,4MM2,D730.05.0	UN	MATERIAL GERAL	251781.jpeg
251783	ALÇA,PREF,AZ,BI,CONCENT,10MM2,D730.05.0	UN	MATERIAL GERAL	251783.jpeg
251786	LACO,PREF,AÇO,PRE-REUN,54.6MM2,D73006	UN	MATERIAL GERAL	251786.jpeg
251797	OLHAL,AZ,5000DAN,M16,PM-BR/D41005.1	PC	FERRAGEM	251797.jpeg
251800	ARMACAO,SECAL1ESTRC/HASTED90510.0	UN	FERRAGEM	251800.jpeg
251814	GANCHO-OLHAL,AZ,SUSP,5000DAN,D51004.0	PC	FERRAGEM	251814.jpeg
251817	MANILHA,SAPATILHA,AZ,5000DAN,D51003.0	PC	MATERIAL GERAL	251817.jpeg
251825	FITA,ALUMINO1 X 10MMD76002.1	KG	FERRAGEM	251825.jpeg
251831	PERFIL,"U"76X38MMX900MM,AÇODED-1950 I1	PC	FERRAGEM	251831.jpeg
251832	CINTA P/POSTE CIRC.150MM, DED-0037 I1 R4	PC	FERRAGEM	251832.jpeg
251833	CINTA P/POSTE CIRC.170MM, DED-0037 I2 R4	PC	FERRAGEM	251833.jpeg
251834	CINTA POSTE CIRC. D190MM,DED-0037 I3 R4	PC	FERRAGEM	251834.jpeg
251835	CINTA P/POSTE CIRC.210MM, DED-0037 I4 R4	PC	FERRAGEM	251835.jpeg
251836	CINTA P/POSTE CIRC 310MM, DED-0037 I9 R4	PC	FERRAGEM	251836.jpeg
251837	CINTA P/POSTE CIRC 330MM DED-0037 I10 R4	PC	FERRAGEM	251837.jpeg
251838	SELA P/CRUZETA, DED-0049 R.3	PC	FERRAGEM	251838.jpeg
251839	SUPOR TRAFO POSTE CIRC.225MM DED-0050 I2	PC	FERRAGEM	251839.jpeg
251840	SUPORTE,TRANSF.POSTE DT160X210MM-DED0051	PC	FERRAGEM	251840.jpeg
251841	SUPORTE,CH.C.CIRCUIT/P.RAIOS DED0052 R.6	PC	FERRAGEM	251841.jpeg
251842	SUPORTE,TRANSF.POSTE DT170X230MM-DED0051	PC	FERRAGEM	251842.jpeg
251843	SUPORTE,TRANSF.POSTE DT180X250MMDED0051	PC	FERRAGEM	251843.jpeg
251844	CINTA POSTE DT 120X160MM DED-1003 I1 R.3	PC	FERRAGEM	251844.jpeg
251845	CINTA, POSTE DT 140X180MM DED-1003 I2 R3	PC	FERRAGEM	251845.jpeg
251846	CINTA, POSTE DT 160X210MM DED-1003 I3 R3	PC	FERRAGEM	251846.jpeg
251847	CINTA, POSTE DT 180X240MM DED-1003 I4 R3	PC	FERRAGEM	251847.jpeg
251848	CINTA, POSTE DT 200X260MM DED-1003 I5 R3	PC	FERRAGEM	251848.jpeg
251849	CINTA, POSTE DT 220X290MM DED-1003 I6 R3	PC	FERRAGEM	251849.jpeg
251850	CINTA POSTE CIRC.AL 290MM DED-1257 I8 R2	PC	FERRAGEM	251850.jpeg
251851	SELA, CRUZETA LIGA ALUMÍNIO, DED-1265 R2	PC	MATERIAL GERAL	251851.jpeg
251852	SUPORTE CH. C.CIRC/P.RAIOS  AL DED-1859	PC	MATERIAL GERAL	251852.jpeg
251853	CINTA AJUST.POSTE,BAP2,800MM-DDT1742I1	PC	FERRAGEM	251853.jpeg
251854	CINTA AJUST.POSTE,BAP3,1200MM-DDT1742I2	PC	FERRAGEM	251854.jpeg
251855	SUPORTE TIPO "Z", 113MM RC, DED-1777	PC	FERRAGEM	251855.jpeg
251856	ALÇA,PREF.AÇOCB PRE-REUN.25MM²-DQN1958	PC	MATERIAL GERAL	251856.jpeg
251857	ALCA,PREF.ACOCB CONC.TRIP.10MM²-DQN1958	PC	MATERIAL GERAL	251857.jpeg
251858	ALCA,PREF.ACOCB PRE-REUN.16MM²-DQN1958	PC	MATERIAL GERAL	251858.jpeg
251859	ALÇA,PREF.AÇOCB PRE-REUN.35MM²-DQN1958	PC	MATERIAL GERAL	251859.jpeg
251861	ALÇA,PREF.AÇOCB PRE-REUN.70MM²-DQN1958	PC	MATERIAL GERAL	251861.jpeg
251862	LACO PREF ACOCB PRE-REUN.16MM²-DQN1957	PC	MATERIAL GERAL	251862.jpeg
251863	LACO PREF.ACO CB PRE-REUN.35MM²-DQN1957	PC	MATERIAL GERAL	251863.jpeg
251864	LAÇO PREF.AÇOCB PRE-REUN.50MM²-DQN1957	PC	MATERIAL GERAL	251864.jpeg
251865	LAÇO PREF.AÇOCB PRE-REUN.70MM²-DQN1957	PC	MATERIAL GERAL	251865.jpeg
251866	ALÇA,PREF.AÇOCB.CONC.BIP.6MM²-DQN1958	PC	MATERIAL GERAL	251866.jpeg
251867	ARMAÇÃO SEC SIMP C/ HASTE 350MM DDT-1741	PC	FERRAGEM	251867.jpeg
251869	GRAMPO ANCOR.POLIMCB AL1/0AWG-DED1773I1	PC	MATERIAL GERAL	251869.jpeg
251870	GRAMPO,ANCOR.POLIMCB AL336,4MCM-DED1773	PC	MATERIAL GERAL	251870.jpeg
251871	AFASTADOR REDE SEC 250MM, DED-0033 I1 R3	PC	FERRAGEM	251871.jpeg
251872	AFASTADOR REDE SEC 500MM, DED-0033 I2 R3	PC	FERRAGEM	251872.jpeg
251873	ARMAÇÃO SEC.SIMPLESLIGA AL.DED-1255 R.2	PC	MATERIAL GERAL	251873.jpeg
251874	ARMAÇÃO SEC. DUPLA LIGA AL.DED-1254 R.2	PC	MATERIAL GERAL	251874.jpeg
251875	CHAPA PARA ESTAI, DED-0081 R.3	PC	MATERIAL GERAL	251875.jpeg
251876	FITA, PROTECAO CB AL 1,0X10MM-DED-0077R3	KG	CABO ESPECIAL	251876.jpeg
251877	GANCHO OLHAL, DED-0039 R.3	PC	FERRAGEM	251877.jpeg
251878	GRAMPO LINHA VIVA, DED- 0106	PC	MATERIAL GERAL	251878.jpeg
251879	GRAMPO, TENSOR P/CB ALUMINIO, DED-0107	PC	MATERIAL GERAL	251879.jpeg
251880	PINO, ISOLADOR LIGA ALUMINIO, DED-88-126	PC	FERRAGEM	251880.jpeg
251881	ALÇA,PREF.AÇOCB PRE-REUN.95MM²-DQN1958	PC	MATERIAL GERAL	251881.jpeg
251882	ALÇA,PREF.AÇOCB PRE-REUN.150MM²-DQN1958	PC	MATERIAL GERAL	251882.jpeg
251883	ALCA,PREF.CUCB PRE-REUN.95MM²- DQN-1959	PC	MATERIAL GERAL ESPECIAL	251883.jpeg
251884	BRAÇO TIPO "L", 354MM RC, DED-1763	PC	FERRAGEM	251884.jpeg
251885	BRAÇO TIPO "C", 580MM RC, DED-1764	PC	FERRAGEM	251885.jpeg
251886	CANTONEIRA P/BRAÇO TIPO "C" DED-1765	PC	FERRAGEM	251886.jpeg
251887	ESPAÇADOR RC 15KV DED-1766 I2	PC	MATERIAL GERAL	251887.jpeg
251888	ALCA PREF OLH DIST,CB 50MM²,PM2191I6	PC	MATERIAL GERAL	251888.jpeg
251889	MÃO FRANC.PLANA C/619MM,DED-0040 R.5	PC	FERRAGEM	251889.jpeg
251890	OLHAL, DED-0043 R.4	PC	FERRAGEM DIVERSOS	251890.jpeg
251891	ALCA PREFORM.CB COB.185MM²DED-1770 I3	PC	MATERIAL GERAL	251891.jpeg
251892	MANILHA SAPATILHA, DED-1699 R.2	PC	FERRAGEM DIVERSOS	251892.jpeg
251893	SAPATILHA, ESTAI, DED-0048 R.4	PC	FERRAGEM	251893.jpeg
251894	LAÇO PLÁST P/CB 1/0AWG RC,DED-1771 I1 R1	PC	MATERIAL GERAL	251894.jpeg
251895	ALÇA, PRE-FORMADA RAMAL SERVICO CAA 35MM	PC	MATERIAL GERAL	251895.jpeg
251896	LACO PREF CUCB PRE-REUN.35MM²-DED-1799	PC	MATERIAL GERAL	251896.jpeg
251897	LACO PREF.CUCB PRE-REUN.70MM²-DED-1799	PC	MATERIAL GERAL	251897.jpeg
251898	MANILHA, REDE COMPACTA, DED-1774 R.1	PC	FERRAGEM	251898.jpeg
251899	ANEL AMARRAÇÃO P/ESPAÇ.POLIM-DED1775I1R2	PC	MATERIAL GERAL	251899.jpeg
251901	PROTETOR ESTRI. GRAMP. LIN.VIVA DED-1902	PC	MATERIAL GERAL	251901.jpeg
251902	SUPORTE AFAST HORIZ (675X300MM)-DED-1785	PC	FERRAGEM	251902.jpeg
251903	SUPORTE AFAST HORIZ(1250X450MM)-DED-1932	PC	FERRAGEM	251903.jpeg
251904	ALCA,PREF.CB 4CAAFPSUBST.P/6783793	PC	MATERIAL GERAL	251904.jpeg
251905	ALCA,PREFORM.CB CU 35MM² DQN-1956 I9 R4	PC	MATERIAL GERAL ESPECIAL	251905.jpeg
251907	ALCA,PREF.CB 2CAFPSUBST.P/6783813	PC	MATERIAL GERAL	251907.jpeg
251908	ALCA,PREF.CB 1/0CA/CAAFPSUBST.6783815	PC	MATERIAL GERAL	251908.jpeg
251909	ALCA,PREFORM.CB CA 4/0AWG,DQN-1956 I4R4	PC	MATERIAL GERAL	251909.jpeg
251912	CHAPA PARA ÂNCORA, DED-1361  R.2	PC	FERRAGEM	251912.jpeg
251913	ALÇA, PREFORMADA P/ ESTAI 7,9MM, DED1904	PC	MATERIAL GERAL	251913.jpeg
251914	ALCA, PRE-FORMADA P/ESTAI 9,5MM, DED1904	PC	MATERIAL GERAL	251914.jpeg
251915	ALCA,PREFORM.CB CU 25MM² DQN-1956 I8 R4	PC	MATERIAL GERAL ESPECIAL	251915.jpeg
251916	ALCA PREFORM.CUCB CONC.BIP.6MM²DQN-1959	PC	MATERIAL GERAL ESPECIAL	251916.jpeg
251917	ALCA PREF.CUCB CONC.TRIP.10MM²-DQN-1959	PC	MATERIAL GERAL ESPECIAL	251917.jpeg
251918	ALCA PREF.CUCB PRE-REUN.25MM²-DQN-1959	PC	MATERIAL GERAL ESPECIAL	251918.jpeg
251919	ALCA,PREF.CB 336,4MCMFPSUBST.P/6783816	PC	MATERIAL GERAL	251919.jpeg
251920	ALÇA,PREFORM.CB CA 477MCM -DQN-1956I6R4	PC	MATERIAL GERAL	251920.jpeg
251921	ALCA,PREFORM.CB CU 16MM²-DQN-1956 I7 R4	PC	MATERIAL GERAL ESPECIAL	251921.jpeg
251922	ADAPT P/ CH. C.CIRC./P.RAIOS DED-0316 R2	PC	FERRAGEM	251922.jpeg
251924	BRAÇO, LUMIN ABERTA 3000MM, DED-0067 R3	PC	FERRAGEM ESPECIAL	251924.jpeg
251925	BRAÇO, LUMIN.  ABERTA 1000MM, DED-0650R3	PC	FERRAGEM ESPECIAL	251925.jpeg
251926	BRAÇO LUMIN.FECHADATB 3500MMDED0068 R5	PC	FERRAGEM ESPECIAL	251926.jpeg
251927	CINTA,AÇO INOX,19mm,C/FECHO,P/ABRAÇ,D655	PC	FERRAGEM	251927.jpeg
251928	TRAVA P/ ABRAÇADEIRA AÇO INOX DQN-1965	PC	MATERIAL GERAL	251928.jpeg
251930	GRAMPO, CERCA AÇO ZINCADO 30MM, DED-1852	KG	MATERIAL GERAL	251930.jpeg
251931	PRENSA-CABO ROSQ,D=6-12MM,DDT-1749I1R4	PC	MATERIAL GERAL	251931.jpeg
251934	PRENSA-CABO ROSQ,D=13-18MM,DDT-1749I2R4	PC	MATERIAL GERAL	251934.jpeg
251935	LAÇO MENS AÇO GALV 9,5MM RCDED-1772I2R1	PC	MATERIAL GERAL	251935.jpeg
251936	BRAÇO ANTI-BALANÇO POLIET.15KV-DED-1778	PC	MATERIAL GERAL	251936.jpeg
251937	LAÇO PLÁS P/CB 336,4MCM RC-DED1771-I2 R1	PC	MATERIAL GERAL	251937.jpeg
251939	ALCA,PREF,AÇO,PRE-REUN,CA,25MM2,D7300	PC	MATERIAL GERAL	251939.jpeg
251940	LACO,PREF,ROLD,PRE-REUN,CA 25,D73012.5.	UN	PADRÃO	251940.jpeg
251941	PRENSA-CABO ROSQ,CB 15-22MM,DDT-1749I4R4	PC	MATERIAL GERAL	251941.jpeg
251942	FIXADOR PARA FIOS E CABOS DQN-1994 R.2	PC	MATERIAL GERAL	251942.jpeg
251947	ALCA,PREF.AÇOCB CONC.BIP.4MM²-DQN1958I1	PC	MATERIAL GERAL	251947.jpeg
251948	ALÇA,PREF,AZ,BI,CONCENT,6MM2,PM-R2276FP	PC	MATERIAL GERAL	251948.jpeg
251950	GRAMPO-SUSP-CABO ACO 5/16 POL	PC	FERRAGEM	251950.jpeg
251952	SUPORTE FIXAÇÃOCX DERIVAÇÃODQN-2122 R3	PC	MATERIAL GERAL	251952.jpeg
251953	MÃO FRANC PERFIL. 1971MM,DED-0042 I3 R8	PC	FERRAGEM	251953.jpeg
251954	MÃO FRANC PERFIL. 2548MM,DED-0042 I.4 R8	PC	FERRAGEM	251954.jpeg
251955	DEGRAU P/CBCX.SUBTERRAN.-DQN-2135	PZ	FERRAGEM	251955.jpeg
251956	MAO FRANC.PERFIL LG AL,1971MM,PM-1259I2	PC	FERRAGEM	251956.jpeg
251957	MAO FRANC.PERFIL LG AL,2548MM,PM1259 I3	PC	FERRAGEM	251957.jpeg
251958	SUPORTE PROLONGADOR P/CONCENTRAD.MEDIÇÃO	PC	FERRAGEM	251958.jpeg
251961	GRAMPO,L.VIVA,DERIV,USO PERMAN,D71070.1	UN	MATERIAL GERAL	251961.jpeg
251965	ESPAÇADOR,BT-MT,2-336,TIPO1,PM-BR530.03	PC	MATERIAL GERAL	251965.jpeg
251968	SUPORTE P/ SECCIONADORA UNIPOLAR	PC	FERRAGEM	251968.jpeg
251969	SUPORTE P/ SECCIONADORA UNIPOLAR PM-2189 I1	PC	FERRAGEM	251969.jpeg
251970	ALÇA PREF OLH DISTCB AL CAA 4AWGPM2191	PC	MATERIAL GERAL	251970.jpeg
251971	ALÇA PREF OLH DISTCB AL CA 2AWGPM2191	PC	MATERIAL GERAL	251971.jpeg
251972	ALÇA PREF OLH DIST CB AL 1/0AWGPM2191	PC	MATERIAL GERAL	251972.jpeg
251973	ALÇA PREF. OLH DIST CB AL 336, 4MCM 	PC	MATERIAL GERAL	251973.jpeg
251974	PRENSA CABO USO GERAL PM - 2193 - I1 	PC	MATERIAL GERAL	251974.jpeg
251975	ESPAÇADOR RC 15KVDED-1766 I1 R1        	PC	MATERIAL GERAL	251975.jpeg
251976	ALCA PREFORM.CB COB.35MM²DED-1770 I1   	PC	MATERIAL GERAL	251976.jpeg
251983	ALÇA PREF LIGA AL-50mm²-PM-2191I9	PC	MATERIAL GERAL	251983.jpeg
251984	ALÇA OLHAL DE DISTRIBUIÇÃO	PC	MATERIAL GERAL	251984.jpeg
251985	EMENDA RETA,12/20 kV,35-120mm²-GSCC004	UN	CONECTORES	251985.jpeg
251988	CANT. AUXILIAR P/ BRAÇO SUP. C	PC	FERRAGEM	251988.jpeg
251989	CINTA POSTE CIRC.AL 180MM+CARAC DED-1257	PC	FERRAGEM	251989.jpeg
251990	CINTA POSTE CIRC.AL 200MM+CARAC DED-1257	PC	FERRAGEM	251990.jpeg
251991	CINTA POSTE CIRC.AL 220MM+CARAC DED-1257	PC	FERRAGEM	251991.jpeg
251994	ALCA PRE AAAC 25MM² PM2276 TIPO VI I1 R0	PC	MATERIAL GERAL	251994.jpeg
252009	ALCA PREF,LIGA AL,PRE-REU,54.6MM2,D73006	PC	MATERIAL GERAL	252009.jpeg
252010	ALCA PREF AL-CB PRE-REUN 70MM²-PM2209I5	PC	MATERIAL GERAL	252010.jpeg
252019	ALCA PREF AL-CB CONC 6MM- PM 2209 I1	PC	MATERIAL GERAL	252019.jpeg
252020	ALCA PREF AL-CB CONC 10MM- PM2209 I2	PC	MATERIAL GERAL	252020.jpeg
252021	ALCA PREF AL-CB CONC 16MM- PM2209 I3	PC	MATERIAL GERAL	252021.jpeg
252022	ALÇA,PREF,AZ,BI,CONCEN,10MM2,PM-R2276F	PC	MATERIAL GERAL	252022.jpeg
252023	ALÇA,PREF,AZ,BI,CONCENT,16MM2,D730.05.0	PC	MATERIAL GERAL	252023.jpeg
252024	ALCA PREF AL-CB AAAC- 25MM-PM2209I6	PC	MATERIAL GERAL	252024.jpeg
252025	ALCA PREF AL-CB AAAC- 50MM-PM2209I7	PC	MATERIAL GERAL	252025.jpeg
252026	ALCA PREF AL-CB AAAC- 70MM-PM2209I8	PC	MATERIAL GERAL	252026.jpeg
252028	SEPARADOR TRAVA,BT/MT,CB CA,CU-PM2182I-397,5CA MCM	PC	MATERIAL GERAL	252028.jpeg
252029	ALCA,PREF A€O,CB PRE-REUN 25MM,PM-1958I9	PC	MATERIAL GERAL	252029.jpeg
252030	ALCA PREF, LIGA AL,PRE-REUN,25MM2,D73006	PC	MATERIAL GERAL	252030.jpeg
252033	CINTA,TUBULAR,ELEV POSTE-3T-1,1m	PC	FERRAMENTAS	252033.jpeg
252036	DISTANCIADOR,ISOL PILAR,PM-BR510.70	UN	FERRAMENTAS	252036.jpeg
252047	LAÇO PREF.AÇOCB PR. 25MM²-PM1957 I1R2	PC	MATERIAL GERAL	252047.jpeg
252048	LAÇO PREF.L.ALCB PR. 25MM²-PM1957 I4R2	PC	MATERIAL GERAL	252048.jpeg
252049	LAÇO PRE LIGA CAL 50 PM2276 TIPO IX I8R1	PC	MATERIAL GERAL	252049.jpeg
252050	LAÇO PRE LIGA CAL 70 PM2276 TIPO IX I9R1	PC	MATERIAL GERAL	252050.jpeg
252051	ESPAÇADOR VERTICAL,RC,15KV,PM1766I2	PC	MATERIAL GERAL	252051.jpeg
252053	ESPAÇ,LOSANG,SPACER,35KV,D53001.0	PZ	MATERIAL GERAL	252053.jpeg
252083	LAÇO PRE LIG CAL25 PM2276TIPO XII I11R1	PC	MATERIAL GERAL	252083.jpeg
252084	LAÇO PRE LIG CAL50 PM2276TIPO XII I12R1	PC	MATERIAL GERAL	252084.jpeg
252097	LAÇO PRE LIGA CAL25 PM2276 TIP X I11R1	PC	MATERIAL GERAL	252097.jpeg
252098	LAÇO PRE LIGA CAL50 PM2276 TIP X I12R1	PC	MATERIAL GERAL	252098.jpeg
252099	LAÇO PRE LIGA CAL70 PM2276 TIP X I13R1	PC	MATERIAL GERAL	252099.jpeg
252100	LAÇO PRE LIG CAL160 PM2276 TIP X I14R1	PC	MATERIAL GERAL	252100.jpeg
252108	LAÇO PRE LIG CAL25 PM2276 TP XI I11R1	PC	MATERIAL GERAL	252108.jpeg
252109	LAÇO PRE LIG CAL50 PM2276 TP XI I12R1	PC	MATERIAL GERAL	252109.jpeg
252110	LAÇO PRE LIG CAL70 PM2276 TIPO XI I13R1	PC	MATERIAL GERAL	252110.jpeg
252111	LAÇO PRE LIG CAL160 PM2276TIPO XI I14R1	PC	MATERIAL GERAL	252111.jpeg
252112	ALÇA AÇOT ll P REU COB 50MM PM2276I9R1	PC	MATERIAL GERAL ESPECIAL	252112.jpeg
252113	ALÇA AÇOT ll P REU COB 95MM PM2276I10R1	PC	MATERIAL GERAL	252113.jpeg
252114	ALÇA AÇOT ll P REU COB 150MM PM2276I11R1	PC	MATERIAL GERAL	252114.jpeg
252115	LAÇO AÇO T IX P REU COB 50MM PM2276I4R1	PC	MATERIAL GERAL	252115.jpeg
252116	LAÇO AÇO T IX P REU COB 95MM PM2276I5R1	PC	MATERIAL GERAL	252116.jpeg
252117	LAÇO AÇO T IX P REU COB 150MM PM2276I6R1	PC	MATERIAL GERAL	252117.jpeg
252136	ALCA PREF CAA 4AWG PM2276 TIP V I9 R1	PC	MATERIAL GERAL	252136.jpeg
252137	ALCA-OLHAL,PREF,AÇO,CAA,1/0AWG,D730.14.0	PC	MATERIAL GERAL	252137.jpeg
252138	ALCA-OLHAL,PREF,ACO,CAA,336.4,D73014,FPM	PC	MATERIAL GERAL	252138.jpeg
252192	ALÇA,PREF,DIST,ACO,COBERTO,50MM2,D730.14	UN	FERRAGEM	252192.jpeg
252195	CANTONEIRA,U,AZ,410X100X50X8MM,D43534.0	UN	FERRAGEM	252195.jpeg
252254	CINTA,P/POSTE CIRC,340MM,D435.07	UN	FERRAGEM	252254.jpeg
252262	GRAMPO,LINHA VIVA,DERIV,NTC61,FP	UN	CONECTORES	252262.jpeg
252269	MAO,FRANC,PLANA,AZ,726MM,673MM,D430.02	UN	FERRAGEM	252269.jpeg
252347	ALCA,PREF,AÇO,2AWG,CA/CAA,D730.14,FPM	PC	MATERIAL GERAL	252347.jpeg
252364	SUPOR,TRAFO POSTE CIRC.285MM,D421.01	PC	FERRAGEM	252364.jpeg
252432	ELO-BOLA,12000DAN,PM-BR510.29	UN	FERRAGEM	252432.jpeg
252514	CINTA,P/POSTE CIRC,380MM,D435.07	UN	FERRAGEM	252514.jpeg
252527	CINTA,P/POSTE CIRC,360MM,D435.07	UN	FERRAGEM	252527.jpeg
252528	CINTA,P/POSTE CIRC,400MM,D435.07	UN	FERRAGEM	252528.jpeg
252615	CINTA AJUST.POSTE,BAP2,800MM,D480.21	UN	FERRAGEM	252615.jpeg
252616	CINTA AJUST.POSTE,BAP3,1200MM,D480.21	UN	MATERIAL GERAL	252616.jpeg
252636	ESTICADOR, TIPO AMERICANO, P/TENSIO	UN	FERRAMENTAS	252636.jpeg
252813	SUPORTE L,FIX CONC DAT,D42503	UN	PADRÃO	252813.jpeg
252831	PRENSA-FIOS, AÇO ZINCADO P/2 CB AÇO ZINC	PC	MATERIAL GERAL	252831.jpeg
252834	BARRA INFERIOR FIX MÓDUL PVC484MMX40MM	PC	MATERIAL GERAL	252834.jpeg
252854	PINO DE TOPO, DDT-0317 R.3	PC	FERRAGEM	252854.jpeg
252855	ARAME, ZINCADO DIAM 2MM-FORA PADRÃO	KG	CABO ESPECIAL	252855.jpeg
252856	ARAME ZINCADO DIAM 5,0MM, DED-0194 R.3	KG	CABO ESPECIAL	252856.jpeg
252857	ANEL,AMARRAÇÃO P/ISOLAD.PINO-DED1775I2R2	PC	MATERIAL GERAL	252857.jpeg
252858	SUPORTE,FIXAÇÃO RELE/REATOR,IPDQN-2151	PC	FERRAGEM	252858.jpeg
252860	SUPORTE,CONCENTRAD,CRUZ,MEDIÇDQN-2166	PC	FERRAGEM	252860.jpeg
252867	COLAR,TIPO U,DIÂMETRO 210MM,DS3075/1	PC	MATERIAL GERAL OEC	252867.jpeg
252868	COLAR,TIPO U,DIÂMETRO 280MM,DS3075/2	PC	MATERIAL GERAL OEC	252868.jpeg
252869	SUPORTE FIX P/ TERM SUB	PC	FERRAGEM	252869.jpeg
252871	ESTICADOR, ESTAI,ACO FORJ ZINC QUEN	UN	FERRAMENTAS	252871.jpeg
252876	ESTICADOR, TIPO AMERICANO, TENSIONA	UN	FERRAMENTAS	252876.jpeg
252877	ESTICADOR, TIPO AMERICANO, P/TENSIO	UN	FERRAMENTAS	252877.jpeg
252878	ESTICADOR, TIPO AMERICANO, P/TENSIO	UN	FERRAMENTAS	252878.jpeg
253203	CHUMBADOR, AÇO   5/8" DE COMPRIMENTO	PC	MATERIAL GERAL	253203.jpeg
253236	EMENDA RET,CB POT,MONO,240MM-DQN-2037 I5	PZ	CONECTORES	253236.jpeg
253343	CONEC,TER,TRAV,185MM²-336MCM,PM-BR710.74	PZ	CONECTORES	253343.jpeg
270171	CONEC|TERM|COMPR|AL|50MM2|1F|D71038	EA	CONECTORES	270171.jpeg
270277	PROTETOR,PARA-RAIOS,36KV,PM-Br 780.04	EA	MATERIAL GERAL	270277.jpeg
270380	ESTROPO POLIAMIDA 1200MM 670KGF	EA	FERRAMENTAS	270380.jpeg
270381	ESTROPO POLIAMIDA 500MM 670KGF	UN	FERRAMENTAS	270381.jpeg
270384	EME,FRIO,BT,SUBT,150-240MM2,PM-BR 720.27	EA	MATERIAL GERAL	270384.jpeg
270387	EME,A FRIO,BT,SUBT,25-50MM2,PM-BR 720.27	EA	FERRAMENTAS	270387.jpeg
270388	COBERTURA,ISO,COND,129,2X86X1560MM	UN	FERRAMENTAS	270388.jpeg
270389	COBERT,ISO,RIG,30KV,CL3,150X1200MM	UN	FERRAMENTAS	270389.jpeg
270392	COBERTURA,ISOL,FLEX,36KV,CL3	UN	FERRAMENTAS	270392.jpeg
270401	TAMPA,RET,FERRO,TP4,125KN,PM-BR462.03	EA	FERRAGEM	270401.jpeg
270421	COBERTURA ISOL,34,5KV,550X550MM,D220.11	EA	FERRAMENTAS	270421.jpeg
270440	COBERTURA ISOL CIRC 230X1800MM,NTS02-21	UN	FERRAMENTAS	270440.jpeg
270441	COBERT,ISO,CIR,30KV,CL3,150X600MM,NTS-21	EA	FERRAMENTAS	270441.jpeg
270442	COBERT,ISO,CIR,30KV,CL3,150X300MM,NTS-22	UN	FERRAMENTAS	270442.jpeg
270445	COBERTURA,ISOL,FLEX,17KV CL 2,NTS02-21 -	UN	FERRAMENTAS	270445.jpeg
270448	TACO FIB,350X35X45,3F,25,D230.05/1	EA	MATERIAL GERAL	270448.jpeg
270464	CON,TER,TOR,BI,35MM2,1F,631A,D71063	EA	CONECTORES	270464.jpeg
270468	CON,TER,TOR,BI,35-185MM2,2F,631A,D71063	EA	CONECTORES	270468.jpeg
270469	TACO FIB,350X35X45,6F,30,D230.05	CDA	MATERIAL GERAL	270469.jpeg
270477	PASSA FIO DE AÇO	CDA	FERRAMENTAS	270477.jpeg
270478	COBERTURA ISOLANTE TIPO CALHA 35KV	EA	FERRAMENTAS	270478.jpeg
270479	SUPORTE ISOLANTE PARA BYPASS MT	EA	FERRAMENTAS	270479.jpeg
270480	APLICADOR DE CONECTOR CUNHA	CDA	FERRAMENTAS	270480.jpeg
270481	CHAVE DE IMPACTO COM BATERIA E CARREGADO	EA	FERRAMENTAS	270481.jpeg
270561	C.PERF,AL-CU,D,50-150TR,6-54,6DR,GSCC20	UN	CONECTORES	270561.jpeg
270567	C.PERF,AL-CU,E,35-150TR,35-150DR,GSCC20	EA	CONECTORES	270567.jpeg
270569	C.PERF,AL-CU,E,16-95TR,4-35DR,GSCC20	EA	CONECTORES	270569.jpeg
270570	C.PERF,AL-CU,E,50-150TR,6-54,6DR,GSCC20	EA	CONECTORES	270570.jpeg
274634	COBERTURA,PROTBTCU50MM2-CA1/0D22030.0	M	FERRAMENTAS	274634.jpeg
274639	CONECTOR,PARAL,CU,2X 16-120MM2,2P,D71026	UN	CONECTORES	274639.jpeg
274654	ESTRIBO CONEC DER CUNHACB 50MMDED-1780	PC	MATERIAL GERAL	274654.jpeg
274682	CONEC. COMPR.H AL/AL- AL/CU DED-1451 I.1	PC	CONECTORES	274682.jpeg
274683	CONEC.COMPR.H AL/AL-AL/CU DED-1451 I.5	PC	CONECTORES	274683.jpeg
274684	CONEC.COMPR.H AL/AL-AL/CU DED-1451 I6	PC	CONECTORES	274684.jpeg
274685	CONEC.COMPR.H AL/AL-AL/CU DED 1451 I.7	PC	CONECTORES	274685.jpeg
274686	CONEC.COMPR.H AL/AL, AL/CU DED 1451 I8	PC	CONECTORES	274686.jpeg
274688	LUVA EMENDA COMPRES 336,4 CAA YTS	PC	MATERIAL GERAL	274688.jpeg
274691	LUVA, REPARO A COMPRESSÃO P/CONDUTOR 4/0	PC	MATERIAL GERAL	274691.jpeg
274702	CAPA PROT.CONEC. CUNHA/ESTR DED-1788 I2	PC	MATERIAL GERAL	274702.jpeg
274711	ESTRIBO CONEC DER CUNHACB185MMDED-1780	PC	MATERIAL GERAL	274711.jpeg
274719	CONEC CUNHA DER ESTRIBOCB35MMDED1780R3	PC	CONECTORES	274719.jpeg
274726	CONECTOR TERMINAL TIPO OLHAL 25 MM 	PC	MATERIAL GERAL	274726.jpeg
274730	CONECTOR EMENDA FIBRA ÓTICA:HFBR-4505	PC	CONECTORES	274730.jpeg
274731	CONECTOR DE FIBRA ÓTICA: HFBR 4531	PC	MATERIAL GERAL	274731.jpeg
274743	CONEC TERM COMPR,CB-BAR CHT,CU630,2F	PZ	CONECTORES	274743.jpeg
274790	PROTETOR EMENDA ANTIFURTO(CONECTOR PERF)	PC	MATERIAL GERAL	274790.jpeg
274808	CONECTOR PRR 121 AEP,TERM,PINO,1X35-185,M16,D71060	PC	TELECONTROLE	274808.jpeg
274810	EMENDA,LIGA AL,MT ISOL,35-150MM2,D72004.	UN	MATERIAL GERAL FEFO	274810.jpeg
274880	LUVA,EMENDA COMPRES,CU,70MM2,D72010	UN	MATERIAL GERAL	274880.jpeg
274884	PRENSA-CABO,FURO 21MM,CB 6 A 12MM,ET762	UN	CONECTORES	274884.jpeg
274898	CONECTOR,PERF,AL,16-95TR,4-35DR,D71053	UN	CONECTORES	274898.jpeg
274900	CONECTOR,PERF,AL,25-120TR/DR,D71053	UN	MATERIAL GERAL	274900.jpeg
274902	CONECTOR,CUN,AL,477-556/315TR/DR,ET710	UN	CONECTORES	274902.jpeg
274903	CONECTOR,CUN,BIM,MOD.I,D71039	PC	CONECTORES	274903.jpeg
274904	CONECTOR,CUN,BIM,MOD.II,D71039	UN	CONECTORES	274904.jpeg
274920	CONECTOR,CUN,BIM,MOD.VI,D71039	PC	CONECTORES	274920.jpeg
274921	CONECTOR,CUN,BIM,MOD.VII,D71039	UN	CONECTORES	274921.jpeg
274938	CONECTOR,PARAL,CU,2X 70MM2,2P,D71026	UN	CONECTORES	274938.jpeg
274963	CONEC.COMPR.H AL/AL-AL/CU-DED-1451 I2	PC	CONECTORES	274963.jpeg
274964	CONEC.COMPR.H AL/AL-AL/CU-DED-1451 I3	PC	CONECTORES	274964.jpeg
274965	CONEC., COMPR H AL/AL-AL/CU DED-1451 I.4	PC	CONECTORES	274965.jpeg
274966	CONEC, COMPR H AL/AL-AL/CU DED-1451 I9	PC	CONECTORES	274966.jpeg
274967	CONECTOR PERFURANTE, DED-1851 I1 R3	PC	CONECTORES	274967.jpeg
274968	CONECTOR PERFURANTE, DED-1851 I.2 R.3	PC	CONECTORES	274968.jpeg
274969	CONECTOR PERFURANTE, DED-1851 I4 R3	PC	CONECTORES	274969.jpeg
274970	TERMINAL EXT UNIP 35 MM² -70MM² GSCC005	PC	MATERIAL GERAL	274970.jpeg
274971	TERMINAL,INT,12/20kV,35MM2-70MM2,GSCC	PC	MATERIAL GERAL	274971.jpeg
274972	CONECTOR PARAF. FENDIDO,DED-1845 I.4	PC	CONECTORES	274972.jpeg
274973	LUVA EMEN. TENSÃO COND. CA DED-0109 I.1	PC	MATERIAL GERAL	274973.jpeg
274974	LUVA EMEN. TENSÃO COND. CA, DED-0109 I.2	PC	MATERIAL GERAL	274974.jpeg
274975	LUVA EMEN. TENSÃO COND. CA, DED-0109 I3	PC	MATERIAL GERAL	274975.jpeg
274976	LUVA REPARO COND.CA1/0 AWG, DED-0112 I.2	PC	MATERIAL GERAL	274976.jpeg
274977	LUVA REPARO COND.CA4/0AWG, DED-0112 I.3	PC	MATERIAL GERAL	274977.jpeg
274978	LUVA REPARO COND.CA336,4MCM DED-0112 I.4	PC	MATERIAL GERAL	274978.jpeg
274980	LUVA EMEN. TENSÃO COND. CA, DED-0109 I.4	PC	MATERIAL GERAL	274980.jpeg
274981	LUVA REPARO COND. CA 2 AWG, DED-0112 I.1	PC	MATERIAL GERAL	274981.jpeg
274982	LUVA EMEN. SEM TENSÃO, DED-0111 I.1	PC	MATERIAL GERAL	274982.jpeg
274984	LUVA EMEND.TENSÃOCAA 4AWGDED-1793I1R4	PC	MATERIAL GERAL	274984.jpeg
274985	CONECTOR TERM. P/ COND. CU,DDT-1761 I.2	PC	CONECTORES	274985.jpeg
274986	PROTETOR BUCHA 15KV RD COMPACTA,DED-1782	PC	MATERIAL GERAL	274986.jpeg
274987	CONEC.CUN.AZULD=8,23-12,70DED-1786 I2	PC	CONECTORES	274987.jpeg
274988	CONEC.CUN.AZULD=15,24-17,37DED-1786 I3	PC	CONECTORES	274988.jpeg
274989	CONEC,CUNHA DERIV.II/VERDE DED-1786 I7	PC	CONECTORES	274989.jpeg
274991	COBERTURA EMENDA  CB COBERTO RC DED 1901	PC	MATERIAL GERAL	274991.jpeg
274992	ESTRIBO RAMAL DE SERVIÇO DED-1707	PC	MATERIAL GERAL	274992.jpeg
274994	CONECTOR TERM. P/ COND. AL, DED-0105 I.1	PC	CONECTORES	274994.jpeg
274995	CONECTOR TERM. P/ COND. AL, DED-0105 I.4	PC	CONECTORES	274995.jpeg
274996	CONEC.CUN.DERIV.A/VIOLETA-DED-1786 I1	PC	CONECTORES	274996.jpeg
274997	CONEC.CUN.DERIV. B-LARANJA - DED-1786 I2	PC	CONECTORES	274997.jpeg
274998	CONEC.CUNHA DERIV. C-MARRON, DED-1786 I3	PC	CONECTORES	274998.jpeg
274999	CONEC.CUNHA DERIV. D-BRANCA, DED-1786 I4	PC	CONECTORES	274999.jpeg
275000	CONEC.CUNHA DERIV. I-CINZA DED-1786 I6	PC	CONECTORES	275000.jpeg
275002	CONEC.CUN.DERI.VI-BRAN/AZUL DED-1786 I9	PC	CONECTORES	275002.jpeg
275003	CONEC.CUN.DERIV.VII-BRN/VERM.DED1786 I10	PC	CONECTORES	275003.jpeg
275008	LUVA EMEN. COND. COBRE, DED-1833 I.6	PC	MATERIAL GERAL	275008.jpeg
275009	ABRACADEIRA, NYLON COMPRIMENTO 390MM, T	PC	MATERIAL GERAL	275009.jpeg
275010	ABRAÇADEIRA NYLON 760mm DDT-1750 I.5	PC	MATERIAL GERAL	275010.jpeg
275011	ABRAÇADEIRA NYLON 1094mm DDT-1750 I6	PC	MATERIAL GERAL	275011.jpeg
275013	CAPA ISOL.CONEC.CUNHA DERIV.DED-1788 I.1	PC	MATERIAL GERAL	275013.jpeg
275014	CAPA ISOL.CONEC.CUNHA DERIV.DED-1788 I.2	PC	MATERIAL GERAL	275014.jpeg
275019	LAÇO MENS AÇO GALV 7,9MM RCDED-1772I1R1	PC	MATERIAL GERAL	275019.jpeg
275020	ESTRIBO P/ESPAÇADOR LOSANG RC, DED-1779	PC	MATERIAL GERAL	275020.jpeg
275026	ABRAÇADEIRA NYLON 203mm DDT-1750 I.3	PC	MATERIAL GERAL	275026.jpeg
275028	CONEC.CUNH.DERIV.L-CINZA/AZUL DED1786 I5	PC	CONECTORES	275028.jpeg
275029	EMENDA RETA,CB MT,AL 185MM-PM2031R2	PC	MATERIAL GERAL FEFO	275029.jpeg
275031	TERMINAL DESC.15/25KV 200 A PM-2032 I1	UN	CONECTORES	275031.jpeg
275035	CONECTOR DER. P/ CORD. CU DQN-2045 I.4.	PC	MATERIAL GERAL	275035.jpeg
275040	TERMINAL EXT UNIP 95 MM² -240MM² GSCC005	PC	CONECTORES	275040.jpeg
275057	CARTUCHO APL. CONECTOR CUNHA AZUL	PC	MATERIAL GERAL	275057.jpeg
275058	CARTUCHO APL. CONECTOR CUNHA VERMELHO	PC	MATERIAL GERAL	275058.jpeg
275059	LUVA EMEND.TENSÃOCAA1/0AWGDED-1793I2R4	PC	MATERIAL GERAL	275059.jpeg
275061	ABRAÇADEIRA P/CB POTENCIA-DED-1857	PC	MATERIAL GERAL	275061.jpeg
275062	CONEC,COMPR H AL/AL-AL/CU DED-1451 I10R4	PC	MATERIAL GERAL	275062.jpeg
275063	LIMITADOR CARGA MONO4AREP AUTOPM-2172	PC	MATERIAL GERAL	275063.jpeg
275065	CONEC PERF ISOLCB 16-95/4-35MMDED1851	PC	CONECTORES	275065.jpeg
275066	CONEC PERF ISOLCB16-150/1,5-6MMDED1851	PC	CONECTORES	275066.jpeg
275068	LUVA EMENDA ISOLCB AL BT 35MMPM2176 I1	PC	MATERIAL GERAL	275068.jpeg
275069	LUVA EMENDA ISOLCB AL BT 50MMPM2176 I2	PC	MATERIAL GERAL	275069.jpeg
275070	LUVA,EMEND,ISOL,LA,BT,50MM2,PM-R720.24.0	PC	MATERIAL GERAL	275070.jpeg
275071	LUVA EMENDA ISOLCB AL BT 70MMPM2176 I5	PC	MATERIAL GERAL	275071.jpeg
275072	LUVA EMENDA ISOLCB AL BT 95MMPM2176 I6	PC	MATERIAL GERAL	275072.jpeg
275073	LUVA EMENDA ISOLCB AL BT150MMPM2176 I7	PC	MATERIAL GERAL	275073.jpeg
275074	ABRAÇADEIRA DE NYLON 108MM PTA. 200 PC	PC	MATERIAL GERAL	275074.jpeg
275075	ABRAÇADEIRA NYLON 155mm DDT-1750 I.2    	PC	MATERIAL GERAL	275075.jpeg
275076	ESTRIBO,GLV,C.CUN,16-35CU,4-2AL,D71071	UN	CONECTORES	275076.jpeg
275077	CONECTOR CUNHA AZUL D=6,53-8 DED-1867 I1 	PC	CONECTORES	275077.jpeg
275078	CONEC,CUN.DERV.UNIF.VRM/AZ/AMDED-1786I8	PC	CONECTORES	275078.jpeg
275079	CONEC TERM COMPR P/MEDCBH 16,0DQN-2092	PC	CONECTORES	275079.jpeg
275080	TAMPÃO REDCX REDE SUBTERRAN-PM2185 - R1	PC	FERRAGEM	275080.jpeg
275082	CONECT CUNHA VERM D=6-53-10-11 PM1867I4	PC	CONECTORES	275082.jpeg
275083	CONECTOR CUNHA VERMELHA 35MM - 6,53A10,11	PC	CONECTORES	275083.jpeg
275084	CONEC.CUN.AZLD=8,23-12,70DED-1867 I6	PC	CONECTORES	275084.jpeg
275085	ESTRIBO-BARRA CHATA-PM 2194 R0	UN	MATERIAL GERAL	275085.jpeg
275087	CONECT. ELETR. C/ ESTRIBO PT-40B EN RP	PC	CONECTORES	275087.jpeg
275089	CONECT DERIV COMPR-COND CU-PM-2202 I1 R0	PC	MATERIAL GERAL	275089.jpeg
275090	CONECTOR DERIV COMPR-COND CU-PM-2202 I2 R0	PC	CONECTORES	275090.jpeg
275091	CONECTOR DERIV. COMPR COND PM - 22021 3R0	PC	CONECTORES	275091.jpeg
275092	CONEC,COMP,C,CU,P:120,D:16-70,D780.13	PZ	CONECTORES	275092.jpeg
275093	CONECTOR DERIV COMPR,COND CU,PM-2202I5R0	PC	CONECTORES	275093.jpeg
275097	ESTRIBO RAMAL P/CH FUSIVEL DED-1707I2R3	PC	FERRAGEM	275097.jpeg
275100	TERMINAL ALUMINIO HASTE CILIND 180 2 FUROS	PC	MATERIAL GERAL	275100.jpeg
275101	CARTUCHO CONEC.CUNHA-METAL-AZUL-PM2160I3	PC	MATERIAL GERAL ESPECIAL	275101.jpeg
275102	CARTUCHO CONEC.CUNHA-METAL-VERM-PM2160I4	PC	MATERIAL GERAL ESPECIAL	275102.jpeg
275104	CONECTOR TERM COMPR,AL,CA 2AWG-PM222	PC	CONECTORES	275104.jpeg
275105	CONECTOR TERM COMPR-AL-70MM2-PM2223 I6	PC	CONECTORES	275105.jpeg
275109	TERMINAL EXT UNIP CB AL/CU400MMýPM2030I7	PC	MATERIAL GERAL	275109.jpeg
275115	TERMINAL TUBULAR METRICO 1F 2C TM-25-L	PC	MATERIAL GERAL	275115.jpeg
275116	CONECTOR ADAPT. 6mm-CONDUT AL-PM2233I1	PC	CONECTORES	275116.jpeg
275133	CAPA CONECTOR CUNHA 15KV CAPA PEQUENA (CADC-100)	PC	CONECTORES	275133.jpeg
275134	LUVA EMENDA TENSAO COND,AL 25MM²PM0109I1	PC	MATERIAL GERAL	275134.jpeg
275138	CONECTOR TERM COMPR,AL,AAAC25MM-PM22	PC	CONECTORES	275138.jpeg
275139	CONECTOR TERM COMPR,AAAC160MM-PM2223I10	PC	CONECTORES	275139.jpeg
275143	TERMINAL EXT UNIP 630MM² GSCC005	PZ	CONECTORES	275143.jpeg
275153	CONECTOR CUNHA,CB50MM²+CARACT.PM1867	PC	MATERIAL GERAL	275153.jpeg
275154	CONECTOR CUNHA,CB95MMý+CARACT.PM1867    	PC	MATERIAL GERAL	275154.jpeg
275155	CONECTOR CUNHA,CB150MMý+CARACT.PM1867   	PC	MATERIAL GERAL	275155.jpeg
275156	CAPA PROTET-CONECT CUNHA DERIV-PM2249I1	PC	MATERIAL GERAL	275156.jpeg
275157	CONECTOR TERM-COND AL 35MM-PM2251I1R0	PC	MATERIAL GERAL	275157.jpeg
275158	CONECTOR TERM-COND AL 50MM-PM2251I2R0	PC	CONECTORES	275158.jpeg
275168	TERMINAL DESC.15/25KV 200A,PM-2032 I2	UN	CONECTORES	275168.jpeg
275169	CONEC.CUN,ESTRIBO,C70,A1/0,SP70,D71071	PC	MATERIAL GERAL	275169.jpeg
275170	CONECTOR ADAP,CONDUT AL 10mm PM2233I2	PC	CONECTORES	275170.jpeg
275171	CONECTOR ADAP. 16mm-CONDUT AL-PM2233I3	PC	CONECTORES	275171.jpeg
275176	CONECTOR,TERM,BIM,C35,A2AWG,ET710	UN	CONECTORES	275176.jpeg
275177	CONECTOR ADAPT. 6mm-CONDUT AL-PM2233I4	PC	CONECTORES	275177.jpeg
275178	CONECTOR ADAPT. 10mm-CONDUT AL-PM2233I5	PC	CONECTORES	275178.jpeg
275179	CONECTOR ADAPT. 16mm-CONDUT AL-PM2233I6	PC	CONECTORES	275179.jpeg
275185	CONECTOR CARA NT ATERRAMENTO	UN	CONECTORES	275185.jpeg
275202	CONECTOR DERIV.CUNHA (AL) CADC-352 C/ CARTUCHO	PC	CONECTORES	275202.jpeg
275203	CONECTOR  DERIV. CUNHA (AL) CADC-407 	PC	CONECTORES	275203.jpeg
275210	CONEC,PARAL,AL,336.4 MCM/200MM²,D710.	PC	MATERIAL GERAL	275210.jpeg
275212	CONEC,PARAL,AL,795 MCM/500MM²	PC	MATERIAL GERAL	275212.jpeg
275213	PRENSA-FIOS,CORDOALHA,AZ,6-10MM,D762.03	PC	MATERIAL GERAL	275213.jpeg
275241	CONEC,ATERR,16-70MM2,D710.25	PC	MATERIAL GERAL	275241.jpeg
275274	CONECTOR,TERM,PINO,1X35-240,M16	PC	TELECONTROLE	275274.jpeg
275282	CONECTOR,TERM,TORQ,BIM,35MM2,1F,D710	PC	CONECTORES	275282.jpeg
275284	TERMINAL,INT,12/20kV,95-240MM2,GSCC-005	PC	MATERIAL GERAL	275284.jpeg
275287	TERMINAL DESC RETO 12/20KV 250A GSCC006	UN	CONECTORES	275287.jpeg
275291	TERMINAL DESC COT 12/20KV 400A CB 185MM²	UN	CONECTORES	275291.jpeg
275297	TERM,EXT,95- 240MM², 18/30KV,GSCC005/4	UN	CONECTORES	275297.jpeg
275310	EMENDA,AUTOM,AL,5.82-8.64MM,D72014	PZ	CONECTORES	275310.jpeg
275311	EMENDA,AUTOM,AL,9.27-12.07MM,D72014	PZ	CONECTORES	275311.jpeg
275312	EMENDA,AUTOM,AL,12.75-14.86MM,D72014	PZ	CONECTORES	275312.jpeg
275313	EMENDA,AUTOM,AL,14.73-18-.39MM,D72014	PZ	CONECTORES	275313.jpeg
275356	CONEC.CUN,ESTRIBO,A4/0,SP150,D71071	UN	CONECTORES	275356.jpeg
275358	CONECTOR, DERIV CUNHA, AL AZ SOMADI	UN	CONECTORES	275358.jpeg
275362	CONEC,COMP,C,CU,P:35-70,D:16-70,D78013	UN	MATERIAL GERAL	275362.jpeg
275364	CONEC,CUN,AL,I6,D=28.70-24,28MM,D7105	PC	MATERIAL GERAL	275364.jpeg
275377	CONEC,COMPR,C,CU,P:25-35,D:16-25,D780.13	UN	CONECTORES	275377.jpeg
275475	PROTETOR DE PARA-RAIOS,PM-BR780.04	UN	MATERIAL GERAL	275475.jpeg
275620	PROTETOR, EQUIPAMENTO, BUCHA DE TRA	UN	FERRAGEM	275620.jpeg
275628	CONECTOR, DERIV COMPRESSAO, TIPO H	UN	CONECTORES	275628.jpeg
275629	CONECTOR, DERIV COMPRESSAO, TIPO H	UN	CONECTORES	275629.jpeg
275630	CONECTOR, DERIV COMPRESSAO, TIPO H	UN	CONECTORES	275630.jpeg
275694	CONEC,PERF,AL-CU,16-95TR,4-35DR,GSCC0	PC	MATERIAL GERAL	275694.jpeg
275695	CONEC,PERF,AL-CU,25-120TR/DR,GSCC020	PZ	CONECTORES	275695.jpeg
275700	INFLADOR, LUVAS DE BORRACHA, BOMBA	UN	FERRAMENTAS	275700.jpeg
275722	LUVA EMEND LGTRAÇÃO TOTAL370MMCAA2AWG	PC	MATERIAL GERAL	275722.jpeg
275877	TERMINAL,COMUNICACAO, 3G	PC	MATERIAL GERAL	275877.jpeg
275878	KIT SUP POST/PAR P/FK-CEO 4M/4T ACO INOX	UN	FERRAMENTAS	275878.jpeg
275892	LIMITADOR CARGA MONO2AREP AUTOPM-2172	PC	CONECTORES	275892.jpeg
275895	CONECTOR PERF. LIMITADOR CORRENTE 3A	PC	MATERIAL GERAL	275895.jpeg
275897	COBERTURA ISOL PROT 25KV 3,5MM 200X400MM	UN	FERRAMENTAS	275897.jpeg
276520	KIT ABRAÇADEIRA,(GRAMPO KIT)	UN	FERRAMENTAS	276520.jpeg
276656	EMENDA AUTOMÁTICA PARA CONDUTORES DE COB	PZ	CONECTORES	276656.jpeg
276661	CONEC,PERF,AL-CU,35-150TR/DR,GSCC020	PC	CONECTORES	276661.jpeg
276662	CONECPERF,AL-CU,50-150TR,6-54,6DR,GSCC20	PZ	CONECTORES	276662.jpeg
276672	CONEC,PERF,AL-CU,16-150TR,1,5-6DR,GSCC20	PZ	CONECTORES	276672.jpeg
276682	EMENDA,AUTOM,CU,8.63-9.77MM,D72014	PZ	CONECTORES	276682.jpeg
276683	EMENDA,AUTOM,CU,5.79-6.73MM,D72014	PZ	CONECTORES	276683.jpeg
276684	EMENDA,AUTOM,CU,10.10-10.66MM,D72014	PZ	CONECTORES	276684.jpeg
280046	CX MEDIDOR POLIF.C/VISORPM-2093	PC	CAIXAS	280046.jpeg
280047	CAIXA P/MEDIDOR MONOF.C/VISOR - DQN-2150	PC	CAIXAS	280047.jpeg
280048	CX.P/MEDIDOR POLIF.200A - DQN-2149	PC	CAIXAS	280048.jpeg
280051	CX DISJ BT 100APM-1759 I1	PC	MATERIAL GERAL	280051.jpeg
280052	CX MEDIDOR MONOFÁSICODED-1946	PC	CAIXAS	280052.jpeg
280053	CX MEDIDOR POLIFÁSICODED-1943	PC	CAIXAS	280053.jpeg
280055	CAIXA,POLIC,MED MONOF,TRAVA,D19026	UN	CAIXAS	280055.jpeg
280056	CAIXA,POLIC,MED POLIF,TRAVA,D19026	UN	CAIXAS	280056.jpeg
280057	ADAPTADOR-CX.MEDIDOR- DED-1795 I2 R3	PC	FERRAGEM	280057.jpeg
280059	CAIXA-INDICADOR DE LEITURA- PM2215	PC	CAIXAS	280059.jpeg
280063	CAIXA INDICAD LEITUR CONSUM ENERG-PM2240	PC	CAIXAS	280063.jpeg
280064	CAIXA IND LEITURA CONSUM ENERG-I2 PM2240	PC	CAIXAS	280064.jpeg
300030	ISOLADOR,POST,PIN.CURT,36kV,GSCC010/18	UN	ISOLADORES	300030.jpeg
300032	ISOLADOR,POST,PIN.CURT,17,5kV,GSCC010/16	UN	ISOLADORES	300032.jpeg
300038	MAT-OMBR-NOM-22-1544-EDBR - Suporte para	EA	FERRAMENTAS	300038.jpeg
300206	ISOLADOR PINO POLIMERICO,15KV,PM1768I1	EA	ISOLADORES	300206.jpeg
300583	ISOLADOR,VIDRO,ZN,D=254MM,PS146MM,120KN.	PC	ISOLADORES	300583.jpeg
300586	ISOLADOR PILAR POLIMÉRICO 36 kV-GSCC010	PC	ISOLADORES	300586.jpeg
300589	ISOLADOR PILAR,15KV P/AMB.AGRES.DED-1798	PC	ISOLADORES	300589.jpeg
300590	ISOLADOR PILAR PORC P/ AMB  AGR DED-1798	PC	ISOLADORES	300590.jpeg
300597	ISOL SUP,CH FUS 300MM ESCOAM,PM-2198	PC	ISOLADORES	300597.jpeg
300616	ISOL,SUP MACIÇO,POLIM,15KV,SE,D50052	UN	ISOLADORES	300616.jpeg
300644	ISOL,PILAR,HIBR,24kV,560MM,PINO-GSCC010	PC	ISOLADORES	300644.jpeg
300647	ISOLADOR,ROLDANA,PORC,79X76,D500.54.0	PC	ISOLADORES	300647.jpeg
300648	ISOL,SUSP,CS 120 SB-325-2250,GSCH004/2	PC	ISOLADORES	300648.jpeg
300653	ISOL,15KVPINOPORCELDED-0063 R.4	PC	ISOLADORES	300653.jpeg
300655	ISOLADOR ROLDANA, PORCELANA DED-0064 R5	PC	ISOLADORES	300655.jpeg
300657	ISOL,15KVPINO ANTI-POLUICAO,DED-0295 R3	PC	ISOLADORES	300657.jpeg
300662	ISOLADOR POLIM PILAR HIBR,24kV,GSCC01	PC	ISOLADORES	300662.jpeg
300670	ISOL,PINO,POLIM,35KV,SPACER,EMT010	PC	ISOLADORES	300670.jpeg
300699	ISOL PIN POLIM 35KV LINHA FUGA PROTEGIDA	PC	ISOLADORES	300699.jpeg
300714	ISOLADOR POLI PILAR,FUG PRO,36kV,GSCC010	PZ	ISOLADORES	300714.jpeg
300840	ISOL,PIL,LP,72,5KV,POSTE CIRC,D500.61.1	CJT	ISOLADORES	300840.jpeg
300853	ISOLADOR ANCOR POLIM 13,8 KV DED-1767 R2	PC	ISOLADORES	300853.jpeg
300854	ISOLADOR,PINO,POLI,15KV,25MM,PM-BR500.22	PC	ISOLADORES	300854.jpeg
300927	COBERTURA P/ ISOLADOR DE PINO PM2271 R.0	UN	FERRAMENTAS	300927.jpeg
300941	ISOL, SUP MAC, POLIM, 145KV,SE,D50051	PC	ISOLADORES	300941.jpeg
310050	DETECTOR PESSOAL,MT.5-36,2KV-ET-HS-317	EA	FERRAMENTAS	310050.jpeg
310434	COND LIGA AL NU ENGRAX AAAC50MM²PM2231I2	KG	CABO	310434.jpeg
310513	CABO,NU,CAA,795MCM,DRAKE,B,D21102.1	KG	CABO	310513.jpeg
310515	CB, ELETR AL NU CAA 336,4MCM 26/7 FIOS	KG	CABO	310515.jpeg
310527	CORDOALHA AÇO ZINC, 9,5MM,PR,PMA212.03.0	KG	CABO	310527.jpeg
310530	FIO E CABO, AL NU S/ALMA ACO DIVERSOS TI	KG	COND.ALUM.NÚ.CA.SUCATA [S/ALMA]	310530.jpeg
310535	CABO CAA 266,8 GALV B PARTRIDGE PM1955I4	KG	CABO	310535.jpeg
310539	COND LIGA AL NU ENGRAX AAAC160MMPM2231I4	KG	CABO	310539.jpeg
310551	CABO,ACO-CU,ATERR,6MM²,D805.02	KG	CONDUTOR DE COBRE	310551.jpeg
310552	CABO,ACO-CU,ATERR,35MM²,D80502	KG	CONDUTOR DE COBRE	310552.jpeg
310566	CABO,CU NU, 25MM2,7F,MEIO-DURO,GSC003	KG	CONDUTOR DE COBRE	310566.jpeg
310567	CABO COBRE NU 35MM2 M DURA CL2A	KG	CONDUTOR DE COBRE	310567.jpeg
310568	CABO,CU NU, 70MM2,19F,MEIO-DURO,GSC00	KG	CONDUTOR DE COBRE	310568.jpeg
310571	CABO,ACO-CU,ATERR,16MM²,D805.02	KG	CABO	310571.jpeg
310582	CABO,CU BLINDCONTROLE 4X4MM2ET206.2	UN	CABO	310582.jpeg
310590	CABO,CONCENCU0,6/1KV2X10MM2EBT003.3	MT	CONDUTOR DE COBRE	310590.jpeg
310600	CABO AL CA 336,4MCM DED-0057 I3 R6	KG	CABO	310600.jpeg
310601	CONDUTOR AL NÚ CA 4/0 AWG DED-0057 I3 R4	KG	CABO	310601.jpeg
310602	CABO AL NÚ CA 1/0 AWG DED-0057 I2 R6	KG	CABO	310602.jpeg
310603	CABO AL NÚ CA 2 AWG DED-0057 I1 R6	KG	CABO	310603.jpeg
310604	COND AL NÚ CAA 4AWG DQN-1955 I1 R3	KG	CABO	310604.jpeg
310605	COND AL NU CAA 1/0AWG DQN-1955 I2 R3	KG	CABO	310605.jpeg
310609	COND CU NU16MM²7 FIOSDED-1846 I4 R5	KG	CONDUTOR DE COBRE	310609.jpeg
310611	COND CU NU25MM²7 FIOSDED-1846 I5 R5	KG	CONDUTOR DE COBRE	310611.jpeg
310612	CORDOALHA AÇO ZINC.9,5MM, DED-1903 I2 R2	MT	CABO	310612.jpeg
310621	CONDUTOR AÇO COBREAD-7F-B=35MM²-PM2181I4	MT	CABO	310621.jpeg
310633	COND LIGA AL NU ENGRAX AAAC70MM²PM223113	KG	CABO	310633.jpeg
310635	CONDUTOR AÇO COBREADO-6MM²-PM-2181 I1	MT	CABO	310635.jpeg
310636	CONDUTOR LIGA ALUMINIU NU ENGR.	KG	CABO	310636.jpeg
310648	EMENDA,RET,CONTR,24KV,400-630MM2,GSCC4/1	PZ	CONECTORES	310648.jpeg
310651	CABO AL-GALV A 4/0 CAA-PENGUIN PM1955 I5	KG	CABO	310651.jpeg
310652	CABO,NU,CAA,266MCM,PARTRIDGE,A,D21102.1	KG	CABO	310652.jpeg
310653	CONDUTOR LIGA AL 25MM-AAAC-7F-PM2231I1	KG	CABO	310653.jpeg
310654	CONDUTOR LIGA AL 50MM-AAAC-7F-PM2231I2	KG	CABO	310654.jpeg
310733	CABO, ELETRICO ISOL POTENCIA, COBRE(SUC)	M	SUCATA	310733.jpeg
310736	CABO, ELETRICO NU AL CA, 4 AWG RO(SUC)	KG	COND.ALUM.NÚ.CA.SUCATA [S/ALMA]	310736.jpeg
310744	CABO, ELETRICO NU AL CAA, 1/0 AWG (SUC)	KG	COND.ALUM.NÚ.CAA.SUCATA [C/ALMA]	310744.jpeg
310745	CABO, ELETRICO NU AL CAA, 2/0 AWG (SUC)	KG	COND.ALUM.NÚ.CAA.SUCATA [C/ALMA]	310745.jpeg
310761	FIO, ALUMINIO COBERTO PARA AMARRACA(SUC)	M	COND.ALUM.ISOLADO.SUCATA	310761.jpeg
310773	CABO,PR,OPGW,D13,4MM,SM36,ETA210	MT	CABO	310773.jpeg
310774	CABO,NU,CAA,134MCM,LEGHORN,B,D21102.2	KG	CABO	310774.jpeg
310777	CORDOALHA,AÇO,7,9MM,7F,MR,D21203.0	KG	CABO	310777.jpeg
310778	CORDOALHA,AÇO,9,5MM,7F,MR,D21203.0	KG	CABO	310778.jpeg
310789	CABO AL NÚ CA 2 AWG - SUCATA	M	COND.ALUM.NÚ.CA.SUCATA [S/ALMA]	310789.jpeg
310790	CONDALNÚCAA4AWG - SUCATA	KG	COND.ALUM.NÚ.CAA.SUCATA [C/ALMA]	310790.jpeg
310791	CONDCUNU,35MM²,7FIOS - SUCATA	KG	COND.CU.NÚ.SUCATA	310791.jpeg
310792	CONDALNUCAA1/0AWG - SUCATA	KG	COND.ALUM.NÚ.CAA.SUCATA [C/ALMA]	310792.jpeg
310793	CONDCUNU,70MM²,19FIOS - SUCATA	KG	COND.CU.NÚ.SUCATA	310793.jpeg
310795	CABO AL NÚ CA 1/0 AWG - SUCATA	KG	COND.ALUM.NÚ.CA.SUCATA [S/ALMA]	310795.jpeg
310796	CABO AL CA 336,4MCM - SUCATA	KG	COND.ALUM.NÚ.CA.SUCATA [S/ALMA]	310796.jpeg
310805	CABO,CU NU, 25MM2,7F,MEIO-DURO,SUCATA	KG	COND.CU.NÚ.SUCATA	310805.jpeg
310806	CABO,CU NU, 35MM2,7F,MEIO-DURO,SUCATA	KG	COND.CU.NÚ.SUCATA	310806.jpeg
310825	CABO,CU NU, 70MM2,19F,MEIO-DURO,SUCATA	KG	COND.CU.NÚ.SUCATA	310825.jpeg
310834	CABO,POT,UNIP,AL,8.7/15KV, 50MM2,SUCATA	M	COND.ALUM.ISOLADO.SUCATA	310834.jpeg
310835	CABO,NU CA, 2AWG,7F,IRIS,SUCATA	KG	COND.ALUM.NÚ.CA.SUCATA [S/ALMA]	310835.jpeg
310837	CABO,NU CA, 1/0AWG,7F,POPPY,SUCATA	KG	COND.ALUM.NÚ.CA.SUCATA [S/ALMA]	310837.jpeg
310838	CABO,NU CAA, 4AWG,6/1F,SWAN,SUCATA	KG	COND.ALUM.NÚ.CAA.SUCATA [C/ALMA]	310838.jpeg
310839	COND CU NU,16MM,19F,PM1846-FP-VD.,SUCATA	KG	COND.CU.NÚ.SUCATA	310839.jpeg
310840	COND CU NU,16MM²,7 FIOS,PM-1846 I,SUCATA	KG	COND.CU.NÚ.SUCATA	310840.jpeg
310841	COND CU NU 10MM²,1 FIO,PM-1846 I2,SUCATA	KG	COND.CU.NÚ.SUCATA	310841.jpeg
310842	CB,NU,CAA,336MCM,LINNET,B,D21102,SUCATA	KG	COND.ALUM.NÚ.CAA.SUCATA [C/ALMA]	310842.jpeg
310843	CONDOR AL NÚ CA 4/0 AWG DED-0057 ,SUCATA	KG	COND.ALUM.NÚ.CA.SUCATA [S/ALMA]	310843.jpeg
310844	COND AL NÚ CAA 4AWG PM-1955 I1 R4,SUCATA	KG	COND.ALUM.NÚ.CAA.SUCATA [C/ALMA]	310844.jpeg
310845	COND AL NU CAA 1/0AWG PM-1955 I2 ,SUCATA	KG	COND.ALUM.NÚ.CAA.SUCATA [C/ALMA]	310845.jpeg
310847	COND LIGA AL NU ENGRAX AAAC50MM²,SUCATA	KG	COND.ALUM.NÚ.CA.SUCATA [S/ALMA]	310847.jpeg
310848	COND LIGA AL NU ENGRAX AAAC25MM,SUCATA	KG	COND.ALUM.NÚ.CA.SUCATA [S/ALMA]	310848.jpeg
310849	CB DE ALUM NU CAA A 4/0 I5 211.0,SUCATA	KG	COND.ALUM.NÚ.CAA.SUCATA [C/ALMA]	310849.jpeg
310850	CONDOR LIGA AL 25MM-AAAC-7F-PM223,SUCATA	KG	COND.ALUM.NÚ.CAA.SUCATA [C/ALMA]	310850.jpeg
310851	CONDOR LIGA AL 50MM-AAAC-7F-PM223,SUCATA	KG	SUCATA	310851.jpeg
310856	CABO,NU,CAA,336MCM,LINNET,A,SUCATA	KG	COND.ALUM.NÚ.CAA.SUCATA [C/ALMA]	310856.jpeg
310863	CABO, ELÉTRICO DE COBRE NÚ 2AWG, SUCATA	KG	SUCATA	310863.jpeg
310869	CHAVE, FACA DISTRIB, 34.5KV,UNIP,63	UN	CHAVES	310869.jpeg
310906	CORDOALHA,ACO,ZINC,A,9,5MM,7F,AR,D212.03	M	CABO	310906.jpeg
310949	COND CU NU,120MM²,37FIOS,PM-1846 I8 R8	KG	COND.CU.NÚ.SUCATA	310949.jpeg
311090	TUBO,AL,2.1/2POL,6M,SCHEDULE-40,PM2245.0	M	FERRAGEM	311090.jpeg
311105	COND LIGA AL NU ENGRAX AAAC160MM,SUCATA	KG	COND.ALUM.NÚ.CA.SUCATA [S/ALMA]	311105.jpeg
311121	TUBO,AL,8POL,6M,SCHEDULE-40,PM-BR 211.10	PZ	FERRAGEM	311121.jpeg
311122	TUBO,AL,6POL,6M,SCHEDULE-40,PM-BR 211.10	PZ	FERRAGEM	311122.jpeg
330287	CABO,CONCENTR,0.6/1.0,1x16+10C,GSCC014/3, SUC	M	COND.ALUM.ISOLADO.SUCATA	330287.jpeg
330324	CABO,CONCENTR,0.6/1.0,1X16+16A,D230.10	M	CABO	330324.jpeg
330325	CABO,CONCENTR,0.6/1.0,1x10+10A,D230.10	M	CABO	330325.jpeg
330685	CABO BT PRE-REUN AL 3X50+50,GSCC009/43	M	CABO	330685.jpeg
330686	CABO BT PRE-REUN AL 3X25+25,GSCC009/42	M	CABO	330686.jpeg
330689	CABO BT PRE-REUN AL 2X16+16,GSCC009/39	M	CABO	330689.jpeg
330699	CABO BT PRE-REUN AL 3X35+35,GSCC009/31	M	CABO	330699.jpeg
330700	CABO BT PRE-REUN AL 3X70+70,GSCC009/30	M	CABO	330700.jpeg
330701	CABO BT PRE-REUN AL 3X120+70,GSCC009/29	M	CABO	330701.jpeg
330724	CB PRE-REU 0,6/1KV CU 3X10+10 DED1797 I5	MT	CONDUTOR DE COBRE	330724.jpeg
330725	CB AL 50MM² PROTMTXLPE 15KVDED1762I2	MT	CABO	330725.jpeg
330728	CONDUT CU ISOL 750V 6MM² DED1843 I4 R3	MT	CONDUTOR DE COBRE	330728.jpeg
330729	CONDUT CU ISOL 750V 10MM² DED1843 I5 R3	MT	CABO ESPECIAL	330729.jpeg
330730	CB PRE-REU AL3X95+70MM²-8,7/15KV DED1931	MT	CABO	330730.jpeg
330731	CB PRE-REU AL 3X35+50MM²8,7/15KV DED1931	MT	CABO	330731.jpeg
330738	CB AL 35MM² PROTMTXLPE 15KVDED1762I1	MT	CABO	330738.jpeg
330766	CABO,CU ISOL,XLPE/EPR,0,6/1KV,240MM2,D20	M	CONDUTOR DE COBRE	330766.jpeg
330767	FIO, AL P/AMARRAÇÃO 4 AWG DED0076 I2 R3	KG	CABO ESPECIAL	330767.jpeg
330768	FIO AL P/AMARRACAO 6AWG-DED-0076 I1 R3	KG	CABO ESPECIAL	330768.jpeg
330770	FIO AL COBERTOAMARRACAO 4AWGDED-1776	MT	CABO ESPECIAL	330770.jpeg
330771	CB PRE-REUN 0,6/1KV AL 3X50+50 DED1982R2	MT	CABO	330771.jpeg
330773	CB PRE-REUN 0,6/1KV AL3X150+70 DED1982R2	MT	CABO	330773.jpeg
330774	CONDUTOR CONC.BIPOL.6MM²-DED-1722 I2 R5	MT	CABO	330774.jpeg
330775	CB.CONCÊNT.TRIP.10MM²-DED-1840-I2-R3.	MT	CABO	330775.jpeg
330776	CB PRÉ-REUN 0,6/1KV CU3X95+50-DED1796 I1	MT	CONDUTOR DE COBRE	330776.jpeg
330777	CB PRÉ-REU 0,6/1KV CU3x70+50-DED-1796 I2	MT	CONDUTOR DE COBRE	330777.jpeg
330778	CB PRÉ-REU 0,6/1KV CU 3X25+25 DED1797 I3	MT	CONDUTOR DE COBRE	330778.jpeg
330779	CB PRE-REU 0,6/1KV CU 3X16+16 DED1797 I4	MT	CONDUTOR DE COBRE	330779.jpeg
330780	CB PRE-REU 0,6/1KV CU 3X185 DED 1797 I1	MT	CONDUTOR DE COBRE	330780.jpeg
330781	CB PRE-REU 0,6/1KV CU 3X120 DED 1797 I2	MT	CONDUTOR DE COBRE	330781.jpeg
330782	CONDUTOR DE COBRE ISOLADO-PVC P/750V 2009	MT	CABO ESPECIAL	330782.jpeg
330783	CONDUT CU ISOL 750V 1,5MM² DED1843 I1 R3	MT	CONDUTOR DE COBRE	330783.jpeg
330784	CB POTÊN UNIP 70MM² 8,7/15KV DED1850 I2	MT	CABO	330784.jpeg
330787	CB PRE-REU 0,6/1KV CU 3x35+35 DED1796 I3	MT	CONDUTOR DE COBRE	330787.jpeg
330790	CONDUTOR CONC BIP CU 10MM² DED1722 I3 R5	MT	CONDUTOR DE COBRE	330790.jpeg
330792	CB POTE MONOP AL 12/20KV 185MM2 DQN 2027	MT	CABO	330792.jpeg
330795	CONDUTOR CONC. BIPOL.4MM²-DED-1722 I1 R5	MT	CABO	330795.jpeg
330797	CABO CONTROLE C/BLINDAGEM 4X4MM² - PM-2136 I7 R1	MT	CABO	330797.jpeg
330798	CB PRE-REUN AL 0,6/1KV 3X35+50 DED1982R2	MT	CABO	330798.jpeg
330799	CB PRE-REU CU0,6/1KV3X25+25DED1796 I4	MT	CONDUTOR DE COBRE	330799.jpeg
330802	CABO,AL,25KV,SPAC,2CAM,BLQ,185MM2,EMT010	M	CABO	330802.jpeg
330810	CABO,POT,UNIP,AL,8.7/15kV,400MM2,GSC0	MT	CABO	330810.jpeg
330812	CABO PRE- REUN AL- 3 X 25 + 35MM² - PM-1982I2R6	MT	CABO	330812.jpeg
330814	CABO,POT,UNIP,AL,8.7/15kV,240MM2,GSC0018	M	CABO	330814.jpeg
330815	CABO CONC BIP AL 10MM²-PM2234 I2	MT	CABO	330815.jpeg
330816	CABO CONCENTRICO BIP AL 6MM,PM2234 I1	MT	CABO	330816.jpeg
330817	CABO MAXLINK CONC AL 0-6/1KV 1X16+16-0 MM2	MT	CABO	330817.jpeg
330823	CABO PRE-REUN AL-2X16+25-PM-1982 I1	MT	CABO	330823.jpeg
330854	CABO,BT,AL,XLPE,3x95+1x50,4F,D20801.2	MT	CABO	330854.jpeg
330855	CABO,BT,AL,XLPE,3x150+1x70,4F,D20801.2	MT	CABO	330855.jpeg
330868	CABO,AL,PROT,XLPE,50MM²,15KV,D21105.0	MT	CABO	330868.jpeg
330869	CABO,AL,PROT,XLPE,185MM²,15KV,D21105.0	MT	CABO	330869.jpeg
330870	CABO,AL,PROT,XLPE,185MM²,35KV,D21105.1	M	CABO	330870.jpeg
330871	CABO,AL,25KV,SPAC,2CAM,BLOQ,50MM2,EMT010	M	CABO	330871.jpeg
330880	CABO,ALISOLBTBLIND3X25+25 DESPADRONIZADO	MT	CABO	330880.jpeg
330890	CABO,CONCENCU0,6/1KV2X10MM2SUCATA	M	COND.CU.ISOLADO.SUCATA	330890.jpeg
330895	CABO CONCENTRICO BIP AL 10MM - SUCATA	M	COND.ALUM.ISOLADO.SUCATA	330895.jpeg
330896	CABO CONCENTRICO BIP AL 16MM - SUCATA	M	COND.ALUM.ISOLADO.SUCATA	330896.jpeg
330897	CABO PRE-REUN AL,3X150+70MM² - SUCATA	M	COND.ALUM.ISOLADO.SUCATA	330897.jpeg
330898	CABO PRE-REUN AL,3X35+50MM² - SUCATA	M	COND.ALUM.ISOLADO.SUCATA	330898.jpeg
330899	CABO PRE-REUN AL,3X50+50MM² - SUCATA	M	COND.ALUM.ISOLADO.SUCATA	330899.jpeg
330900	CABO PRE-REUN AL,3X95+50MM² - SUCATA	M	COND.ALUM.ISOLADO.SUCATA	330900.jpeg
330901	CABO, MT,CU, HEPR,1 X 240,12/20KV.	MT	CONDUTOR DE COBRE	330901.jpeg
330902	CBAL185MM²PROT,MT,XLPE,15KV - SUCATA	M	COND.ALUM.ISOLADO.SUCATA	330902.jpeg
330903	CBAL35MM²PROT,MT,XLPE15KV - SUCATA	M	COND.ALUM.ISOLADO.SUCATA	330903.jpeg
330904	CBAL50MM²PROT,MT,XLPE15KV - SUCATA	M	COND.ALUM.ISOLADO.SUCATA	330904.jpeg
330906	CABO CONCENTRICO BIP AL 10MM - SUCATA	M	COND.ALUM.ISOLADO.SUCATA	330906.jpeg
330909	CABO,MT,CU,HEPR,1X630,12/20KV,PMA21410.1	MT	CONDUTOR DE COBRE	330909.jpeg
330920	CABO,CU ISOL,XLPE,0,6/1KV, 35MM2,SUCATA	M	COND.ALUM.ISOLADO.SUCATA	330920.jpeg
330923	CABO,CU ISOL,XLPE,0,6/1KV, 95MM2,SUCATA	M	COND.CU.ISOLADO.SUCATA	330923.jpeg
330925	CABO,CU ISOL,XLPE,0,6/1KV,185MM2,SUCATA	M	COND.CU.NÚ.SUCATA	330925.jpeg
330937	CABO,POT,PRE-REUN,AL,15-3X 50+50,SUCATA	M	COND.ALUM.ISOLADO.SUCATA	330937.jpeg
330938	CABO,POT,PRE-REUN,AL,15-3X 70+50,SUCATA	M	SUCATA	330938.jpeg
330943	CABO,NU CAA, 1/0AWG,6/1F,RAVEN,SUCATA	KG	COND.ALUM.NÚ.CAA.SUCATA [C/ALMA]	330943.jpeg
330946	CABO,PRE-REUN,BT,AL,3X150-1X70,SUCATA	M	COND.ALUM.ISOLADO.SUCATA	330946.jpeg
330948	CABO,PRE-REUN,BT,CU,3X10-1X10,SUCATA	M	SUCATA	330948.jpeg
330952	CB MULT CU ISOL2X16+16MM 0,6/1KV ,SUCATA	M	SUCATA	330952.jpeg
330955	CB PREREU AL3X35+50MM²8,7/15KV,SUCATA	M	COND.ALUM.ISOLADO.SUCATA	330955.jpeg
330956	CB CONC TRIP CU 1,5MM²-DED1840-F.,SUCATA	M	COND.CU.ISOLADO.SUCATA	330956.jpeg
330957	CB PRE-REUN AL,3X150+70MM²,PM-198,SUCATA	M	COND.ALUM.ISOLADO.SUCATA	330957.jpeg
330960	CB PRE-REU 0,6/1KV CU 3X35+35 DED,SUCATA	M	COND.CU.ISOLADO.SUCATA	330960.jpeg
330961	CONDOR CONC BIP CU 10MM² DED1722 ,SUCATA	M	SUCATA	330961.jpeg
330964	CB,AL,ISOL,185MM²,3F,15KV,D21006.,SUCATA	M	SUCATA	330964.jpeg
330967	CB PRE-REUN AL,3X35+50MM²,PM-1982,SUCATA	M	COND.ALUM.ISOLADO.SUCATA	330967.jpeg
330968	CB PE-REU AL 3X35+1X50-FP-6779848,SUCATA	M	COND.ALUM.ISOLADO.SUCATA	330968.jpeg
330969	CB PRE-REUN AL,2X16+25MM²,PM-1982,SUCATA	M	COND.ALUM.ISOLADO.SUCATA	330969.jpeg
330971	COND CU ISOL 750V 6MM² DED1843 I4,SUCATA	M	SUCATA	330971.jpeg
330972	CB PRÉ-REU 0,6/1KV CU3X70+50,SUCATA	M	COND.CU.ISOLADO.SUCATA	330972.jpeg
330975	CB CONCENTRICO BIP AL 6MM,PM2234 ,SUCATA	M	COND.ALUM.ISOLADO.SUCATA	330975.jpeg
330976	CB CONCENTRICO BIP AL 16MM,PM2234,SUCATA	M	COND.ALUM.ISOLADO.SUCATA	330976.jpeg
330977	CB PRE-REU AL3X95+70MM²-8,7/15KV,SUCATA	M	COND.ALUM.ISOLADO.SUCATA	330977.jpeg
330978	CB,AL,ISOL,70MM²,1F,15KV,D21006.0,SUCATA	M	COND.ALUM.ISOLADO.SUCATA	330978.jpeg
330979	CB CU COB 16MMDQN1993-FP.4589331 ,SUCATA	M	COND.CU.ISOLADO.SUCATA	330979.jpeg
330980	CB PRE-REUN AL,3X25+35MM²,PM-1982,SUCATA	M	COND.ALUM.ISOLADO.SUCATA	330980.jpeg
330982	CABO BT SUBT 1x16 mm² AL. XLPE-GSC002	M	CABO ESPECIAL	330982.jpeg
330983	LV UNDERGROUND CABLE 1X240 ALUMINUM COND	M	CABO ESPECIAL	330983.jpeg
330984	CABO BT PRE-REUN AL 3X95+54.6,GSCC009/12	MT	CABO	330984.jpeg
330986	CABO,POT,CU,8.7/15kV630MM2,BLIN82,D21005	MT	CONDUTOR DE COBRE	330986.jpeg
330987	LV UNDERGROUND CABLE 1X150 ALUMINUM COND	M	MATERIAL GERAL	330987.jpeg
330988	LV UNDERGROUND CABLE 1X25 ALUMINUM CONDU	M	CABO	330988.jpeg
330990	CABO BT PRE-REUN AL 3X150+80,GSCC009/013	MT	CABO	330990.jpeg
330991	CABO,AL,PRE-REU,8.7/15KV,3x50+50,GSCC008	M	CABO	330991.jpeg
330992	CABO,AL,PR-REU,8.7/15KV,3x150+50,GSCC008	M	CABO	330992.jpeg
330993	CABO BT PRE-REUN AL 3X35+54.6,GSCC009	MT	CABO	330993.jpeg
330994	CABO BT PRE-REUN AL 3X50+54.6,GSCC009/10	MT	CABO	330994.jpeg
330995	CABO BT SUBT 1x70 mm² AL. XLPE-GSC002	M	CABO	330995.jpeg
330996	CABO AL PRE-REU8.7/15KV3x95+50GSCC008	MT	CABO	330996.jpeg
331095	CB.CONC.TRIP.CU10MM²-DED-1840-FP.SUCATA	M	COND.CU.ISOLADO.SUCATA	331095.jpeg
331260	COND CU ISOL 750V 10MM² DED1843,SUCATA	M	COND.CU.ISOLADO.SUCATA	331260.jpeg
331275	MV UNDERGROUND SINGLE CORE CABLES 95 mm2	M	CABO ESPECIAL	331275.jpeg
331276	CABO 4X25mm², ÁEREO DE BAIXA TENSÃO, PRE	M	CABO	331276.jpeg
350018	PROTETOR ISOLANTE DE POLIETILENO PARA CO	UN	FERRAMENTAS	350018.jpeg
350023	CABO FIBRA OPTICA,TIPO RRUS,PM-Br 209.01	M	CABO	350023.jpeg
350418	CB DUP AL XLPE 1X35+1X35 0,6/1KV DED1936	MT	CABO	350418.jpeg
350420	CABO DE FIBRA OPTICA, TIPO RRUS (CAIXA C	PC	CABO	350420.jpeg
350447	CABO,TRIPLEX,12/20KV,AL,XLPE,185MM2,TRIF	MT	CABO	350447.jpeg
350453	JUMPER PARA OPGW 437614103	UN	FERRAMENTAS	350453.jpeg
350495	CB TRIP AL XLPE2X35+35MM 0,6/1KV DED1936	MT	CABO	350495.jpeg
350496	COND.CU ISOL.750V,16MM², DED-1843 I.6 R3	MT	CONDUTOR DE COBRE	350496.jpeg
350497	CB CONTR 0,6/1KV 1,5MM²-DQN 2020 I1 R2	MT	CABO	350497.jpeg
350498	CABO CONTROLE BLIND,4X2,5MM²,PM2136I5	MT	CABO	350498.jpeg
350499	CABO CONTROLE BLIND,2X2,5MM²,PM2136I4	MT	CABO	350499.jpeg
350500	CABO CONTROLE BLIND,12X1,5MM²,PM2136I3	MT	CABO	350500.jpeg
350503	CABO CONTROLE BLIND,2X4MM²,PM2136I6	MT	CABO	350503.jpeg
350504	CABO CONTROLE BLIND,4X1,5MM²,PM2136I2	MT	CABO ESPECIAL	350504.jpeg
350524	CABO,AL,PROT,XLPE,35MM²,15KV,D21105.0	MT	CABO	350524.jpeg
350529	CABO,MT,XLPE,3X50+50,3F,12/20KV,S/FO	MT	CABO	350529.jpeg
350530	CABO,MT,XLPE,3X95+50,3F,12/20KV,S/FO	MT	CABO	350530.jpeg
350531	CABO,MT,XLPE,3X150+50,3F,12/20KV,S/FO	MT	CABO	350531.jpeg
350537	CABO, MT, AL, XLPE, 3 X 240,12/20KV.	MT	CABO	350537.jpeg
350544	CB DUP AL XLPE 1X35+1X35 0,6/1KV ,SUCATA	M	COND.ALUM.ISOLADO.SUCATA	350544.jpeg
350545	CB TRIP AL XLPE2X35+35MM 0,6/1KV ,SUCATA	M	COND.ALUM.ISOLADO.SUCATA	350545.jpeg
350546	CB,AL,PROT,XLPE,50MM²,15KV,D21105,SUCATA	M	COND.ALUM.ISOLADO.SUCATA	350546.jpeg
350547	CB,AL,PROT,XLPE,35MM²,15KV,D21105,SUCATA	M	COND.ALUM.ISOLADO.SUCATA	350547.jpeg
350548	CB,AL,PROT,XLPE,185MM²,15KV,D2110,SUCATA	M	COND.ALUM.ISOLADO.SUCATA	350548.jpeg
350549	CB,MT,XLPE,3X95+50,3F,12/20KV,S/F,SUCATA	M	COND.ALUM.ISOLADO.SUCATA	350549.jpeg
350550	CB,MT,XLPE,3X50+50,3F,12/20KV,S/F,SUCATA	M	COND.ALUM.ISOLADO.SUCATA	350550.jpeg
350624	CABO MONT 2P 26AWG PVC DB9XMAGN PT 2M	UN	CABO ESPECIAL	350624.jpeg
350639	CB,MT,XLPE,3X150+50,3F,12/20KV,S/,SUCATA	M	COND.ALUM.ISOLADO.SUCATA	350639.jpeg
350733	CB,TRIPLEX,12/20KV,AL,XLPE,185MM2,SUCATA	M	COND.ALUM.ISOLADO.SUCATA	350733.jpeg
370094	LUMINAR,FECHLAMP VM/VS DED0071-F.PADRAO	PC	MATERIAL GERAL	370094.jpeg
370107	LAMPADA LED CLASSIC A60 9W 6K E2	PC	MATERIAL GERAL	370107.jpeg
370136	LAMPADA, VM 220VX125W - DED-0069 I2 R2	PC	MATERIAL GERAL	370136.jpeg
370137	LAMPADA, VM 220VX80W -DED-0069 I1 R2	PC	MATERIAL GERAL	370137.jpeg
370138	LÂMPADA, VM 220VX250W - DED-0069 I3 R2	PC	MATERIAL GERAL	370138.jpeg
370139	LAMPADA, VM 220VX400W - DED-0069 I4 R2	PC	MATERIAL GERAL	370139.jpeg
370140	LAMPADA,VS,ELIPTICO,220VX150WDED1828I3R2	PC	MATERIAL GERAL	370140.jpeg
370141	LAMPADA,VS,ELIPTICO,220VX250WDED1828I4R2	PC	MATERIAL GERAL	370141.jpeg
370142	LAMPADA,VS,ELIPTICO,220VX70W DED1828I1R2	PC	MATERIAL GERAL	370142.jpeg
370143	LÂMPADA, VAPOR DE SÓDIO 220V X 100W, DED	PC	MATERIAL GERAL	370143.jpeg
370144	LUMINÁRIA FECHLÂMP V.S.100W-DED-1837I1	PC	MATERIAL GERAL	370144.jpeg
370146	LAMPADA VS TUBUL.220VX100W DED-1828 I5R2	PC	MATERIAL GERAL	370146.jpeg
370147	LAMPADA VS TUBUL.220VX150W DED-1828 I6R2	PC	MATERIAL GERAL	370147.jpeg
370148	LAMPADA VS TUBUL.220VX250W DED-1828 I7R2	PC	MATERIAL GERAL	370148.jpeg
370186	LAMPADA, INCANDESC 127-130V X 100W BASE	PC	MATERIAL GERAL ESPECIAL	370186.jpeg
370187	LÂMPADA VAPOR DE SÓDIO 400W E40	PC	MATERIAL GERAL	370187.jpeg
380012	LANTERNA DE CAPACETE	UN	EPI/EPC	380012.jpeg
380030	Kit Lanterna Refletor A Bateria 18v Led	EA	FERRAMENTAS	380030.jpeg
380383	LUMINARIA ABERTALAMP VS 70W-DED-1721 R3	PC	MATERIAL GERAL	380383.jpeg
380423	REATOR, LAMP. V MERC. 220VX25OW DED0072	PC	MATERIAL GERAL	380423.jpeg
380424	REATOR, LAMP V MERC 220VX400W, DED0072	PC	MATERIAL GERAL	380424.jpeg
380425	REATOR, LÂMP V MERC. 220VX125W, DED0072	PC	MATERIAL GERAL	380425.jpeg
380426	REATOR, LAMP V MERCURIO 220VX80W DED0072	PC	MATERIAL GERAL	380426.jpeg
380427	REATORLÂMP.VS.220VX250W,DQN-1704 I4 R1	PC	MATERIAL GERAL	380427.jpeg
380428	LAMPADA VAPOR DE SODIO	PC	MATERIAL GERAL	380428.jpeg
380429	REATORLÂMPADA VS.220VX70W DQN-1704I1R1	PC	MATERIAL GERAL	380429.jpeg
380430	LUMINÁRIA,FECH P/LÂMP V.S.250W-DED1837I3	PC	MATERIAL GERAL	380430.jpeg
380431	LUMINÁRIA FECHLÂMP VS 150W-DED-1837I2	PC	MATERIAL GERAL	380431.jpeg
380440	IGNITOR LAMPADA VS 70W,PM-2204 I1	PC	MATERIAL GERAL	380440.jpeg
380441	IGNITOR LAMPADA VS 100W,PM-2204 I2	PC	MATERIAL GERAL	380441.jpeg
380442	IGNITOR LAMPADA VS 150W,PM-2204 I3	PC	MATERIAL GERAL	380442.jpeg
380443	IGNITOR LAMPADA VS 250W,PM-2204 I4	PC	MATERIAL GERAL	380443.jpeg
380461	LANTERNA, TATICA DE MAO LED 250-30	UN	FERRAMENTAS	380461.jpeg
380506	BRAÇO, TIPO L AL FUNDIDO DES-14.910	PC	MATERIAL GERAL	380506.jpeg
380517	LANTERNA,BATERIA RECARREGAVEL,5.000.000	UN	FERRAMENTAS	380517.jpeg
380519	FAROL,TIPO HOLOFOTE,PARA USO MANUAL,12 V	UN	FERRAMENTAS	380519.jpeg
380521	REATORLÂMP.VS.220VX150W,DQN-1704 I3 R1	PC	MATERIAL GERAL	380521.jpeg
380522	KIT REMOV. P/ LAMÂDA VS 250W	PC	MATERIAL GERAL	380522.jpeg
380668	REATORLÂMPADA VS.220VX100W DQN-1704I2R1	PC	MATERIAL GERAL	380668.jpeg
400022	ANILHA PARA IDENTIFICAÇÃO DE RAMAL Nº0	UN	MATERIAL GERAL	400022.jpeg
400023	ANILHA PARA IDENTIFICAÇÃO DE RAMAL Nº1	UN	MATERIAL GERAL	400023.jpeg
400024	ANILHA PARA IDENTIFICAÇÃO DE RAMAL Nº2	UN	MATERIAL GERAL	400024.jpeg
400025	ANILHA PARA IDENTIFICAÇÃO DE RAMAL Nº3	UN	MATERIAL GERAL	400025.jpeg
400026	ANILHA PARA IDENTIFICAÇÃO DE RAMAL Nº4	UN	MATERIAL GERAL	400026.jpeg
400027	ANILHA PARA IDENTIFICAÇÃO DE RAMAL Nº5	UN	MATERIAL GERAL	400027.jpeg
400028	ANILHA PARA IDENTIFICAÇÃO DE RAMAL Nº6	UN	MATERIAL GERAL	400028.jpeg
400029	ANILHA PARA IDENTIFICAÇÃO DE RAMAL Nº7	UN	MATERIAL GERAL	400029.jpeg
400030	ANILHA PARA IDENTIFICAÇÃO DE RAMAL Nº8	UN	MATERIAL GERAL	400030.jpeg
400031	ANILHA PARA IDENTIFICAÇÃO DE RAMAL Nº9	UN	MATERIAL GERAL	400031.jpeg
400041	CINTA POSTE CIRC.AL 170MM DED-1257 I2 R2	PC	MATERIAL GERAL	400041.jpeg
400043	CINTA POSTE CIRC.AL 210MM DED-1257 I4 R2	PC	MATERIAL GERAL	400043.jpeg
400044	CINTA POSTE CIRC.AL 230MM DED-1257 I5 R2	PC	MATERIAL GERAL	400044.jpeg
400045	 CINTA POSTE CIRC.AL 250MM DED-1257 I6 R2	PC	MATERIAL GERAL	400045.jpeg
400046	CINTA POSTE CIRC.AL 270MM DED-1257 I7 R2	PC	MATERIAL GERAL	400046.jpeg
400076	BLOQUEADOR SOLAR PARA PELE FPS 30	UN	EPI/EPC	400076.jpeg
400106	CINTA POSTE CIRC. AL150MM DED-1257 I1 R2	PC	MATERIAL GERAL	400106.jpeg
400291	RECIPIENTE 5LT PLASTICO 5000CM3	PZ	PVC	400291.jpeg
400310	PLACA DE IDENTIFICAÇÃO	UN	EPI/EPC	400310.jpeg
400369	MÓDULO SIM DO RELIGADOR NOJA	UN	PROTECCIONES (RELÉS, UP, RGDAT)	400369.jpeg
400370	MÓDULO RELÉ DO RELIGADOR NOJA	UN	PROTECCIONES (RELÉS, UP, RGDAT)	400370.jpeg
4545360	CONECTOR "T" CB CU 240MM², PASSANTE C	PC	CONECTORES	4545360.jpeg
4591633	REGUA SUPORTE DE BORNES EM PVC 484MMX40MM C/ 10 PA	PC	MATERIAL GERAL	4591633.jpeg
4609212	BASTÃO TIRA PIPA RITZ	PR	MATERIAL GERAL	4609212.jpeg
470045	MODEM (3G) - TELEMEDIDA	EA	MATERIAL GERAL	470045.jpeg
480005	BOROSCÓPIO - SONDA DE FIBRA ÓTICA COM M	UN	FERRAMENTAS	480005.jpeg
480263	REGULADOR, TENSÃO MONOFÁSICO, 250KVA, 7,	PC	MATERIAL GERAL	480263.jpeg
480313	ANTENA DIRECIONAL 5W 2400-2500MHZ	UN	MATERIAL GERAL	480313.jpeg
500012	REGULADOR,19,92KV,333KVA,167A,1F, SUC	UN	REGULADORES	500012.jpeg
500107	REGULADOR, TENSÃO MONOFÁSICO, 167KVA, 7,	PC	REGULADORES	500107.jpeg
500108	REG,TENSÃO,7,62KV,509KVA,668A,1F,ETA001	PC	REGULADORES	500108.jpeg
500140	CONTROLADOR AUT TEMP REAL	PC	MATERIAL GERAL	500140.jpeg
500151	RELIGADOR,630A 15,5KV 12,5KA 3F SUCATA	UN	SUCATA	500151.jpeg
500163	REGULADOR , 7,62KV, 167KVA, 219A, 1F-REC	PC	REGULADORES	500163.jpeg
500164	REGULADOR, 7,62KV, 250KVA, 328A, 1F-REC	PC	REGULADORES	500164.jpeg
500165	REGULA,7,62KV,167KVA,219A,1F-À RECUPERAR	PC	REGULADORES	500165.jpeg
500166	REGULA,7,62KV,250KVA,328A,1F-À RECUPERAR	PC	REGULADORES	500166.jpeg
500167	RELIGADOR,400A-15,5KV-8KA-3F-À RECUPERAR	PC	RELIGADORES	500167.jpeg
500168	REG TENSÃO,1F,D,7,62,438A,333kVA,ET39	UN	REGULADORES	500168.jpeg
500171	REGULADOR,8KV,100KVA,125A,1F-REC	UN	REGULADORES	500171.jpeg
500172	REGULADOR,7,62KV,416KVA,546A,1F-REC	PC	REGULADORES	500172.jpeg
500173	REGULADOR,7,62KV,509KVA,668A,1F- REC	PC	REGULADORES	500173.jpeg
500174	REGULADOR,19,92KV,667KVA,335A,1F-REC	PC	REGULADORES	500174.jpeg
500175	REGULADOR,7,62KV,833KVA,1093A,1F-REC	PC	REGULADORES	500175.jpeg
500176	REGULADOR,19,92KV,333KVA,167A,1F-REC	PC	REGULADORES	500176.jpeg
500181	REGULADOR, TENSAO AUTOMATICO MONO,SUCATA	PZ	REGULADORES	500181.jpeg
500186	REG,TEN,1F,7,96KV,300A,239KVA,E-MT008R02	PC	REGULADORES	500186.jpeg
500274	REGULADOR, TENSAO, MONOF 167KVA  79(SUC)	1	SUCATA	500274.jpeg
500276	REG,TENSÃO,7,62KV,167KVA,219A,1F,SUCATA	PZ	REGULADORES	500276.jpeg
510126	MED,ELET AMOSTRAL,15-120A,120/120V,3E4F	EA	MEDIDOR	510126.jpeg
510128	MED,ELET AMOSTRAL,15-120A,120/120V,2E3F	UN	MEDIDOR	510128.jpeg
510131	MED,ELET AMOSTRAL,15-120A,120/120V,1E2F	UN	MEDIDOR	510131.jpeg
510133	MED,ELET AMOSTRAL,15-100A,120/127V,1E2F	UN	MEDIDOR	510133.jpeg
510136	MED,ELET AMOSTRAL,15-120A,120V/127,2E3F	UN	MEDIDOR	510136.jpeg
510137	MED,ELET AMOSTRAL,15-120A,120V/127,3E4F	EA	MEDIDOR	510137.jpeg
510200	SWITCH TIPO I,10 PORTAS, 125 VCC,199.27	EA	DIVERSOS	510200.jpeg
510203	SWITCH TIPO II,16 PORTAS, 125 VCC,199.27	EA	DIVERSOS	510203.jpeg
510207	SWITCH TIPO IV,24 PORTAS,125 VCC,199.27	EA	DIVERSOS	510207.jpeg
510406	MEDIDOR DIV TIPOS INSERVIVEL-NO ESTADO	KG	MEDIDORES INSERVÍVEIS	510406.jpeg
510407	CHAVE DE AFERIÇÃO  DQN-2024 R.1	PC	MATERIAL GERAL ESPECIAL	510407.jpeg
510416	MÓDULO DE CONTROLE LEITURA - VS 02 	PC	MATERIAL GERAL	510416.jpeg
510421	CJT 3 ELEM.TRANSF.MED.MT-20A-PM-1939	PC	CJT MEDIÇÃO	510421.jpeg
510422	TERMINAL LEITURA INDIV-120V-RF-LCD-5-6DG	PC	MATERIAL GERAL	510422.jpeg
510423	MEDIDOR SAGA1500-1642-C1N-2X3C C/DISPLAY	PC	MEDIDOR	510423.jpeg
510431	VECTOR 4 GD BIFASICO	UN	MEDIDORES INSERVÍVEIS	510431.jpeg
510441	DISPLAY REMOTO	PC	MATERIAL GERAL	510441.jpeg
510444	CONCENTRADOR SECUND. TRIF. 120V CS9701	PC	CONCENTRADOR	510444.jpeg
510446	MEDIDOR ELETR SAGA2000-E650 IND-RF EXT	PC	MEDIDOR	510446.jpeg
510452	MEDIDOR ELECTRONI 3F 30(200)A S/ DISPLAY	PC	MEDIDOR	510452.jpeg
510455	MED,ELET,GD,MONO,15-100A,120V,2H,1E,60HZ	PC	MEDIDOR	510455.jpeg
510456	MED,ELET,GD,TRI,15-120A,120V,3E,4F, 60HZ	PC	MEDIDOR	510456.jpeg
510457	CONCENTRADOR PRIMÁRIO - FASE III	PC	CONCENTRADOR	510457.jpeg
510458	CS SGP+MIIITRI 210.120V S/MMRF	PC	CONCENTRADOR	510458.jpeg
510459	TLI -  TERMINAL DE LEITURA INDIVIDUAL FASE III	PC	MEDIDOR	510459.jpeg
510460	E650-1E4-8601-A5N-2X4C+CJ RS C410	PC	MEDIDOR	510460.jpeg
510461	E650-1R2-8602-B5N-2X4C+CJ RF C410	PC	MEDIDOR	510461.jpeg
510462	MEDIDOR,E13,MONOFASICO	PC	MEDIDOR	510462.jpeg
510463	E13.B - CJ MED 120 V 50/60HZ - SGPM3 AMPLA	PC	MEDIDOR	510463.jpeg
510464	E13.T - CJ MED 120V 50/60HZ - SGPM3 AMPLA	PC	MEDIDOR	510464.jpeg
510481	MODULO DE MEDIDA MONOFASICO ELSTER	PC	MEDIDOR	510481.jpeg
510482	MEDIDOR PARA BALANÇOENERGÉTICO	PC	MEDIDOR	510482.jpeg
510490	MEDIDOR BALANÇO ENERGÉTICO TRI - DIRETO	PC	MEDIDOR	510490.jpeg
510502	MEDIDOR ELETRON MULTIF 4F LCD 4F 2-3E	PC	MEDIDOR	510502.jpeg
510511	CONCENTRADOR SECUND,TRIF,120V,CS9701 REC	PC	CONCENTRADOR	510511.jpeg
510514	CONCENTRADOR SECUND,TRIF,120V,(A REC)	PC	CONCENTRADOR	510514.jpeg
510523	CJT3 ELEM.TRANS.MED.MT,50/100,PM-1939 I5	PC	CJT MEDIÇÃO	510523.jpeg
510524	CJT 3 ELEM.TRANSF.MED.MT-400PM-1939	PC	CJT MEDIÇÃO	510524.jpeg
510546	MED ELETR, 1F,ACT15,100A,120V,2H,1E,60HZ	PC	MEDIDOR	510546.jpeg
510559	MEDIDOR POLIF ATIV /REATIV,0,5-S/DISPLAY	PC	MEDIDOR	510559.jpeg
510561	MED,ELET,3F,45-280V,2,5-10A,C0,5,DY,E179	UN	MEDIDOR	510561.jpeg
510570	MEDIDOR ELETR BIF,MED DIR,15(120)A,120V	PC	MEDIDOR	510570.jpeg
510571	MEDIDOR ELET. TRIFASICO 3 ELE 4 FIOS	PC	MEDIDOR	510571.jpeg
510574	MEDIDOR POLIF INT ATIVA-REATIVA-ION8600	PC	MEDIDOR	510574.jpeg
510576	MEDIDOR ENERGIA - ION7650- 10MB	CX	MEDIDOR	510576.jpeg
510598	MEDIDOR TRIFASICO 120-240 V (2-5-10 A)	PC	MEDIDOR	510598.jpeg
510599	MEDIDOR ELETRONICO TRIFASICO 2-5-10A	PC	MEDIDOR	510599.jpeg
510662	CJ CAIXA CPU CS SGP+MIII TRIF 120V PRO	PC	MEDIDOR	510662.jpeg
510663	CJ RADIO CS SGP+MIII - 915MHZ	PC	MEDIDOR	510663.jpeg
510673	TERMINAL PERIFÉRICO TELECONTROLE-TPT2020	UN	TELECONTROLE	510673.jpeg
510679	MEDIDOR DE ENERGIA ION 8650C SUCATA	UN	MEDIDORES INSERVÍVEIS	510679.jpeg
510688	MED ELETR, 1F,ACT15,100A,120V - SUCATA	UN	MEDIDORES INSERVÍVEIS	510688.jpeg
510689	MED,ELET,GD,TRI,15-120A,120V, - SUCATA	UN	MEDIDORES INSERVÍVEIS	510689.jpeg
510690	MEDIDOR 3 FASES ELETROMEC.-4FIOS - SUCAT	UN	MEDIDORES INSERVÍVEIS	510690.jpeg
510692	MEDIDOR ELECTRONI 3F ACT/REAC30(200)A - SUC	UN	MEDIDORES INSERVÍVEIS	510692.jpeg
510693	MEDIDOR ELETR BIF,MED DIR,15(120A) - SUC	UN	MEDIDORES INSERVÍVEIS	510693.jpeg
510694	MEDIDOR ELETR SAGA2000-E650 IND RF - SUC	UN	MEDIDORES INSERVÍVEIS	510694.jpeg
510695	MEDIDOR ELETR TRIF,MED DIR,15(120)A - SU	UN	MEDIDORES INSERVÍVEIS	510695.jpeg
510696	MEDIDOR ELETRONICO TRIFASICO 2,5-10A -SU	UN	MEDIDORES INSERVÍVEIS	510696.jpeg
510697	MEDIDOR ENERGIA ATIVA,TRIF,15 - SUCATA	UN	MEDIDORES INSERVÍVEIS	510697.jpeg
510698	MEDIDOR TRIFASICO 120-240 V (2,5-10A) - SUC	UN	MEDIDORES INSERVÍVEIS	510698.jpeg
510699	MEDIDOR, KWH POLIF 3 ELEM 3 FA 4 FI - SU	UN	MEDIDORES INSERVÍVEIS	510699.jpeg
510700	MEDIDOR,ELETR,POLIF,E650,DIR - SUCATA	UN	MEDIDORES INSERVÍVEIS	510700.jpeg
510701	MEDIDOR,ELETR,POLIF,E650,IND - SUCATA	UN	MEDIDORES INSERVÍVEIS	510701.jpeg
510721	CONTROLE,RELIGADOR,127/220V-SUCATA	UN	SUCATA	510721.jpeg
510729	CJT 3 ELEM.TRANSF .MED.MT,10A -R -SUCATA	PEÇ	SUCATA	510729.jpeg
510730	CJT 3 ELEM.TRANSF .MED.MT,15A -R- SUCATA	PEÇ	SUCATA	510730.jpeg
510735	CJT3 ELEM.TRANS.MED.MT,50/100 - SUC	UN	PADRÃO	510735.jpeg
510746	MED ENERG ATIVA,BIF,15-120A,SEM M,SUCATA	PZ	MEDIDORES INSERVÍVEIS	510746.jpeg
510747	MED ENERG ATIVA,TRIF,15-120A,SEM ,SUCATA	PZ	MEDIDORES INSERVÍVEIS	510747.jpeg
510752	MED EL TRIF,MED DIR,15(120)A,120V,SUCATA	PZ	MEDIDORES INSERVÍVEIS	510752.jpeg
510757	CONJ TRANSFORM,MEDIÇÃO,MT PM1939 ,SUCATA	PC	CJT MEDIÇÃO	510757.jpeg
510760	MED,E13,BIFÁSICO,SUCATA	UN	MEDIDORES INSERVÍVEIS	510760.jpeg
510761	MED,E13,MONOFASICO,SUCATA	UN	MEDIDORES INSERVÍVEIS	510761.jpeg
510762	MED,E13,TRIFÁSICO,SUCATA	UN	MEDIDORES INSERVÍVEIS	510762.jpeg
510768	MEDIDOR, KWH POLIF 2 ELEM 3 FIOS-SUCATA	UN	MEDIDORES INSERVÍVEIS	510768.jpeg
510769	MEDIDOR,KWH MONO 1 ELEM 2FIOS - SUCATA	UN	MEDIDORES INSERVÍVEIS	510769.jpeg
510771	MED,GD,BIF,15-120A,120V,2E,4F,E-EM-004	PC	MEDIDOR	510771.jpeg
510780	MED ELET GERDIST,TRI 30-200A,120V,3E,4F	PC	MEDIDOR	510780.jpeg
510783	MED,ELET BRANC,15-120A,120V,2E,3F E-EM-0	PC	MEDIDOR	510783.jpeg
510784	MED,ELET BRANC 15-100A,120V,1E,2F E-E	PC	MEDIDOR	510784.jpeg
510789	MED,ELET BRANC,15-120A,120V,3E,4F E-EM04	PC	MEDIDOR	510789.jpeg
510835	CJT 3 ELEM.TRANSF.MED.MT150/200PM-1939	PC	CJT MEDIÇÃO	510835.jpeg
510837	RGDAT A70/C RELE PROT E IND FALLA CAB AE	PC	TELECONTROLE	510837.jpeg
510852	Med. Eletr.15-120A,120V,3E,4F-TB 199.59	PI	MEDIDOR	510852.jpeg
510853	PAINEL MEDICAO P/SE,8PTS,SAGA1000/SL7000	PC	MEDIDOR	510853.jpeg
510855	UNIDADE TERMINAL REMOTA	PC	MATERIAL GERAL	510855.jpeg
510866	CONC PRIM S/MOD 120V,CP9701 FASE 2 RECUP	ES	CONCENTRADOR	510866.jpeg
510867	CONC PRIM S/MOD 120V,CP9701 FASE2(A REC)	PC	CONCENTRADOR	510867.jpeg
510870	PRENSA - CABO FIXELE 1	PC	MATERIAL GERAL	510870.jpeg
510883	FLASH TEST / HIPOT	UN	FERRAMENTAS	510883.jpeg
510890	REMOTA,100-240V,3G,GRUPO A.	UN	DIVERSOS	510890.jpeg
510903	Med. Eletr.15-120A,120V,3E,4F-GD 199.59	UN	MEDIDOR	510903.jpeg
510905	Med. Eletr.15-120A,120V,3E,4F- 199.59	PI	MEDIDOR	510905.jpeg
510906	Med. Eletr.30-200A,120V,3E,4F- Sem Displ	PI	MEDIDOR	510906.jpeg
510907	Med. Eletr.30-200A,120V,3E,4F-199.59 -DR	PI	MEDIDOR	510907.jpeg
510908	Med. Eletr.15-120A,120V,2E,3F-TB 199.59	PI	MEDIDOR	510908.jpeg
510909	Med. Eletr.15-120A,120V,2E,3F-GD 199.59	UN	MEDIDOR	510909.jpeg
510910	Med. Eletr.15-120A,120V,2E,3F- 199.59	PI	MEDIDOR	510910.jpeg
510915	Med. Eletr.15-100A,120V,1E,2F-GD 199.59	UN	MEDIDOR	510915.jpeg
510918	Med. Eletr.15-100A,120V,1E,2F- 199.59	PI	MEDIDOR	510918.jpeg
510921	Med.Eletr.2,5/5 -10/20A,120/240V,3E4F-TB	PI	MEDIDOR	510921.jpeg
510927	MED AMOS:2,5/5 -10/20A-120/240V-3E/4F FO	CDA	MEDIDOR	510927.jpeg
510928	MED,ELET AMOSTRAL,30-200A,120/240V,3E,4F	CDA	MEDIDOR	510928.jpeg
510932	Display remoto med. gr A -PM-Br 199.67.1	CDA	MEDIDOR	510932.jpeg
510936	SISTEMA, MED, EXTERN, BLIND, BT, 199.60	CDA	FERRAMENTAS	510936.jpeg
510937	BLIND, TERMIN, SECUND, TRANSF,CC,199.60	CDA	FERRAMENTAS	510937.jpeg
510938	ATENUADORES , ANTENAS E REPETIDOR - BT0	EA	MEDIDOR	510938.jpeg
510976	Conj. Med BE 200A - GPRS PM-Br 199.81	EA	CJT MEDIÇÃO	510976.jpeg
511139	TERMINAL LEITURA 120V S/P1	PC	MATERIAL GERAL ESPECIAL	511139.jpeg
511198	MED ELETR SAGA2000-E650 DIR,RF EX,SUCATA	PC	MEDIDORES INSERVÍVEIS	511198.jpeg
511224	MEDIDOR ELECTRONI 3F 30(200)A S/DSP- SUC	UN	MEDIDORES INSERVÍVEIS	511224.jpeg
520015	INFLADOR PORTÁTIL PARA LUVAS ISOLANTES /	UN	FERRAMENTAS	520015.jpeg
520018	ALICATE WATTIMETRO	EA	FERRAMENTAS	520018.jpeg
520019	PADRÃO DE ENERGIA PARA CALIBRAÇÃO DE 3 METROS	EA	FERRAMENTAS	520019.jpeg
520021	SEQUENCÍMETRO, FASÍMETRO PORTATIL 100-60	EA	FERRAMENTAS	520021.jpeg
520022	AMPERÍMETRO DIGITAL FORK TESTER C/ ADAPT	EA	FERRAMENTAS	520022.jpeg
520041	Localizador de Falhas com Reflectometria	UN	FERRAMENTAS	520041.jpeg
520044	Equipamento de Identificação de Cabos de	UN	FERRAMENTAS	520044.jpeg
520109	MOSTRADOR REMO SAGA 1000-1500 AC127V	PC	MEDIDOR	520109.jpeg
520176	ANALISADOR, TENSAO, DIGITAL PORTATI	UN	FERRAMENTAS	520176.jpeg
520177	ANALISADOR, GRANDEZAS ELET, DIGITAL	UN	FERRAMENTAS	520177.jpeg
520206	ANALISADOR DESVIO REGISTRO 3F 90/240V	UN	MATERIAL GERAL	520206.jpeg
520207	ANALISADOR DESVIO REGISTRO 3F 90-480V	UN	MATERIAL GERAL	520207.jpeg
520219	MULTIMETRO, VOLT-AMP-OHM-FREQ-CAP-T	UN	FERRAMENTAS	520219.jpeg
520391	PONTA PROVA, ALTA TENSÃO P/ MULT E-E077	UN	FERRAMENTAS	520391.jpeg
520413	MALETA INSPEC TT-100 TESTE TRAFO 127V	UN	FERRAMENTAS	520413.jpeg
520420	SUC MED ELETR BR 100A,120V,1E,2F E-EM04	UN	MEDIDORES INSERVÍVEIS	520420.jpeg
520421	SUC MED ELETR BR 100A,120V,3E,4F E-EM04	UN	MEDIDORES INSERVÍVEIS	520421.jpeg
520431	SUC MED ELETR BR 120A,120V,2E,3F E-EM0	UN	MEDIDORES INSERVÍVEIS	520431.jpeg
520432	SUCATA MED ELETR GD 1F 100A,120V,2H,1E	UN	MEDIDORES INSERVÍVEIS	520432.jpeg
520433	SUCATA MED ELET GERD,TRI 200A,120V,3E,4F	UN	MEDIDORES INSERVÍVEIS	520433.jpeg
520434	SUCATA MED ELET MULTIF 4F LCD 4F 2-3E 	UN	MEDIDORES INSERVÍVEIS	520434.jpeg
520435	SUCATA MEDIDOR ION 8600	UN	MEDIDORES INSERVÍVEIS	520435.jpeg
520437	SUCATA MEDIDOR SL 7000	UN	MEDIDORES INSERVÍVEIS	520437.jpeg
520438	SUCATA MED ELET CORE,1F,15(120)A,120V	UN	MEDIDORES INSERVÍVEIS	520438.jpeg
520443	AMPERIMETRO,ALTA TENSAO,SENSOR LINK C/ D	UN	FERRAMENTAS	520443.jpeg
530073	CONJ,MED,CXA DUPLA,15KV,3EL,20/5A,ET-	PC	CJT MEDIÇÃO	530073.jpeg
530074	CONJ,MED,CXA DUPLA,15KV,3EL,200/5A,ET-89	PC	CJT MEDIÇÃO	530074.jpeg
530075	CONJ,MED,CXA DUPLA,15KV,3EL,100/5A,ET-89	PC	CJT MEDIÇÃO	530075.jpeg
530076	CONJ,MED,CXA DUPLA,15KV,3EL,15/5A,ET-	PC	CJT MEDIÇÃO	530076.jpeg
530077	CONJ,MED,CXA DUPLA,15KV,3EL,10/5A,ET-	UN	CJT MEDIÇÃO	530077.jpeg
530078	CONJ,MED,CXA DUPLA,15KV,3EL,50/5A,ET-89	PC	CJT MEDIÇÃO	530078.jpeg
530208	CONJ,MED,CXADUPLA,15KV,3EL,200/5A,D19080	PI	CJT MEDIÇÃO	530208.jpeg
530209	CONJ,MED,CXADUPLA,15KV,3EL,100/5A,D19080	PI	CJT MEDIÇÃO	530209.jpeg
530211	CONJ,MED,CXA DUPLA,15KV,3EL,50/5A,D19080	PI	CJT MEDIÇÃO	530211.jpeg
530213	CONJ,MED,CXA DUPLA,15KV,3EL,20/5A,D19080	PI	CJT MEDIÇÃO	530213.jpeg
530214	CONJ,MED,CXA DUPLA,15KV,3EL,15/5A,D19080	PI	CJT MEDIÇÃO	530214.jpeg
530215	CONJ,MED,CXA DUPLA,15KV,3EL,10/5A,D19080	PI	CJT MEDIÇÃO	530215.jpeg
530227	CONJ,MED,CXADUPLA,15KV,3EL,500/5A,D19080	PI	CJT MEDIÇÃO	530227.jpeg
530263	CONJ,MED,CXSIMPLES,15KV,3EL,15/5A,D19080	UN	CJT MEDIÇÃO	530263.jpeg
530265	CONJ,MED,CXSIMPLES,15KV,3EL,10/5A,D19080	EA	PADRÃO	530265.jpeg
530268	CONJ,MED,CXSIMPLES,15KV,3E,100/5A,D19080	UN	CJT MEDIÇÃO	530268.jpeg
530280	CONJ,MED,CXSIMPLES,15KV,3EL,50/5A,D19080	UN	CJT MEDIÇÃO	530280.jpeg
531327	TRANSF,DISTR MONO/BI,3/10KVA,INSERVIVEL	PC	TRANSFORMADORES SUCATA	531327.jpeg
531330	CAIXA P/TRANSFORMADOR CORRENTE DQN-2081	PC	CAIXAS	531330.jpeg
531337	CJT 3 ELEM. TRANSF. MED. MT- 15-5A-PM-1939 R3	PC	CJT MEDIÇÃO	531337.jpeg
531340	TP,11,5KV/R3-115V,0,3P50,INT,PMBR11401.0	UN	TRANSFORMADORES DE POTÊNCIA	531340.jpeg
531341	TP 34,5-36,2 KV 60 HZ USO INTERNO	UN	TRANSFORMADORES DE POTÊNCIA	531341.jpeg
531388	SUPOR,TRAFO POSTE CIRC.210MM DED-0050 I1	PC	FERRAGEM	531388.jpeg
531389	SUPOR,TRAFO POSTE CIRC.255MM-DED0050 I3	PC	FERRAGEM	531389.jpeg
531391	TC 400-5A - 0,6KV DQN 2021 I.3	PC	TRANSFORMADORES DE CORRENTE	531391.jpeg
531392	TC 10-5A 15KV I.4 PMA-111.02.2	PC	TRANSFORMADORES DE CORRENTE	531392.jpeg
531393	TC  20-5A  15KV  DQN-2022 I.6 R2	PC	TRANSFORMADORES DE CORRENTE	531393.jpeg
531395	TC 200-5A 0,6KV DQN-2021 I.1	PC	TRANSFORMADORES DE CORRENTE	531395.jpeg
531398	TC 30-5A 15KV I.7 PMA-111.02.2	PC	TRANSFORMADORES DE CORRENTE	531398.jpeg
531400	TC 100-5A  15KV DQN-2022 I.11 R2	PC	TRANSFORMADORES DE CORRENTE	531400.jpeg
531403	TC USO EXTERNO, 800/1600-5-5A	PC	TRANSFORMADORES DE CORRENTE	531403.jpeg
531404	TC 15-5A  15KV  DQN-2022 I.5 R2	PC	TRANSFORMADORES DE CORRENTE	531404.jpeg
531405	TC 50-5A 15KV I.9 PMA-111.02.2	PC	TRANSFORMADORES DE CORRENTE	531405.jpeg
531410	TC 300-5A 0,6KV DQN-2021 I.2	PC	TRANSFORMADORES DE CORRENTE	531410.jpeg
531412	TC 600-5A - 0,6KV DQN-2021 I.4	PC	TRANSFORMADORES DE CORRENTE	531412.jpeg
531417	TRANSFORMADOR, POTENCIAL INDUTIVO, USO E-6772534	PC	TRANSFORMADORES DE POTÊNCIA	531417.jpeg
531418	TP 72,5KV,69000/R3 115-115/R3,A11,ESE005	PC	TRANSFORMADORES DE POTÊNCIA	531418.jpeg
531421	TC  500-5A  15KV  DQN-2022 I.15 R2	PC	TRANSFORMADORES DE CORRENTE	531421.jpeg
531423	TC 40-5A  15KV DQN-2022 I.8 R2	PC	TRANSFORMADORES DE CORRENTE	531423.jpeg
531424	TP 11500-115V  15KV DQN-2023 I.2	PC	TRANSFORMADORES DE POTÊNCIA	531424.jpeg
531431	TP SECO,300KVA,PM-2165 I1	PC	TRANSFORMADORES DE POTÊNCIA	531431.jpeg
531432	TRAFO,SECO,3F,500KVA,13800/220V,D0088	PR	TRANSFORMADORES NOVOS	531432.jpeg
531435	TC 200A-5A 0,6KV JANELA-PM-2188 I1	PC	TRANSFORMADORES DE CORRENTE	531435.jpeg
531437	TC 400A-5A 0,6KV JANELA-PM-2188 I3	PC	TRANSFORMADORES DE CORRENTE	531437.jpeg
531439	TP, 11,4/13,5KV-230V EX D115.01.0 SUCATA	PC	TRANSFORMADORES SUCATA	531439.jpeg
531448	CX BLIN,BUCH,BT,TRAF TRI,PM2213 I5 R.2	PC	MATERIAL GERAL	531448.jpeg
531455	TC 69-72,5 KV 60 HZ 80:1 USO EXTERNO	PC	TRANSFORMADORES DE CORRENTE	531455.jpeg
531458	TP 145KV,138000/R3-115/115/R3,A14,ESE005	PC	TRANSFORMADORES DE POTÊNCIA	531458.jpeg
531459	TP 72,5KV,69000/R3-115/115/R3,A13,ESE005	PC	TRANSFORMADORES DE POTÊNCIA	531459.jpeg
531460	TP 36KV,115-115:v3V,EXT., A14,E-SE-007	UN	TRANSFORMADORES DE POTÊNCIA	531460.jpeg
531461	TP,13,8KV/R3-115V,0,3P50,INT,PMBR11401.0	UN	TRANSFORMADORES DE POTÊNCIA	531461.jpeg
531507	TC 145KV,1200-5-5-5A,A9,ESE005	PC	TRANSFORMADORES DE CORRENTE	531507.jpeg
531557	TC,17,5kV,2000/1000/500-5-5A,A5,ESE007	PC	TRANSFORMADORES DE CORRENTE	531557.jpeg
531564	TC,145KV,2000/1000-5-5-5-5A,A17,ESE005	PC	TRANSFORMADORES DE CORRENTE	531564.jpeg
531565	TP,17,5KV,USO EXTERNO,TIPO GSCT004/1	UN	TRANSFORMADORES DE POTÊNCIA	531565.jpeg
531577	TP, 11,4/13,5KV-230V EXT. D115.01.0	PC	TRANSFORMADORES DE POTÊNCIA	531577.jpeg
531581	SUPOR,TRAFO,POSTE CIRC,330MM,TP1,D421.01	UN	FERRAGEM	531581.jpeg
531603	TC,36KV,75/150-5A,TIPO A17,E-SE-007	PC	TRANSFORMADORES DE CORRENTE	531603.jpeg
531604	TC,36KV,50/100/200-5-5A,A16,E-SE-007	PC	TRANSFORMADORES DE CORRENTE	531604.jpeg
531740	CONJ,MED,CXA DUPLA,15KV,3EL,10/5A,ET-	PC	CJT MEDIÇÃO	531740.jpeg
531741	CONJ,MED,CXA DUPLA,15KV,3EL,15/5A,ET-	PC	CJT MEDIÇÃO	531741.jpeg
531743	CONJ,MED,CXA DUPLA,15KV,3EL,50/5A,ET-89	PC	CJT MEDIÇÃO	531743.jpeg
531744	CONJ,MED,CXA DUPLA,15KV,3EL,100/5A,ET-89	PC	CJT MEDIÇÃO	531744.jpeg
531745	CONJ,MED,CXA DUPLA,15KV,3EL,200/5A,ET-89	PC	CJT MEDIÇÃO	531745.jpeg
531747	CONJ,MED,CXA DUPLA,15KV,3EL,20/5A,ET-	PC	CJT MEDIÇÃO	531747.jpeg
531748	CJT 3 ELEM.TRANSF.MED.MT,500A	PZ	CJT MEDIÇÃO	531748.jpeg
531923	TC,145KV,2X300/200-1-1A,A3,ESE005	UN	TRANSFORMADORES DE CORRENTE	531923.jpeg
540141	TERMOVISOR,INSP TERMOGR,MT/BT,D14302	UN	FERRAMENTAS	540141.jpeg
540142	DINAMOMETRO,CIRCULAR,500KG,SUBDIVISAO O5	UN	FERRAMENTAS	540142.jpeg
550096	DETECTOR DE GÁS SF6-IR-LEAK S/N 06303	UN	FERRAMENTAS	550096.jpeg
550103	HIPSOMETRO L5 15-103-1030 S/N 50053	UN	FERRAMENTAS	550103.jpeg
580055	MODEM TELEMETRIA DADOS	UN	MATERIAL GERAL	580055.jpeg
580066	MODULO COMUNICACAO DISJ FUSESAVER 3AD8	UN	MATERIAL GERAL ESPECIAL	580066.jpeg
580088	IMPRESSORA MOVEL P/ FATURAMENTO IMEDIATO	PZ	FERRAMENTAS	580088.jpeg
580092	MONITOR REMOTO DE RAMAL D143.10.0	PC	MATERIAL GERAL	580092.jpeg
580099	BATERIA P/COLETORES FATURAMENTO IMEDIATO	UN	BATERIA	580099.jpeg
600028	ALÇA,PREF,ACO,COBERTO,185MM2,35KV,D7301	PZ	MATERIAL GERAL	600028.jpeg
600029	ALÇA,PREF,ACO,COBERTO,95MM2,25KV,D730.14	PZ	DIVERSOS	600029.jpeg
600034	ALICATE,COMPRESSAO,HIDRAULICO CABOS10-50	UN	FERRAMENTAS	600034.jpeg
600035	ALICATE,CORTE,DIAGONAL 150 MM (6") 			600035.jpeg
600265	BRACO,TIPO L,34,5KV,600MM,D456.01	PZ	FERRAGEM	600265.jpeg
600272	BROCA, HELICOIDAL, PARALELA VIDIA 6	UN	FERRAMENTAS	600272.jpeg
600281	BROCA,HEL,PARALELA 8 MM(5/16 POL)	UN	FERRAMENTAS	600281.jpeg
600361	CABO,ALUMÍNIO,COBERTO,XLPE\HDPE,95MM²,35	M	CABO	600361.jpeg
600463	CARRINHO,DE MAO CH 18,1 R,PNEU C/CAMA	UN	FERRAMENTAS	600463.jpeg
600514	CHAVE, FENDA SIMPLES, HASTE RED NAO	UN	FERRAMENTAS	600514.jpeg
600529	CHAVE,FENDA SIMP,4X150 MM -5/32X6"	UN	FERRAMENTAS	600529.jpeg
600541	CINTA,AMARRACAO CARGA,C/CATRAC 50MMX5 4T	UN	EPI/EPC	600541.jpeg
600782	ESCOVA, FIOS DE ACO LIMPEZA 280X 25	UN	FERRAMENTAS	600782.jpeg
600788	ESPAÇ,LOSAN,RC,34,5KV,INST SOLO,D53001	UN	PVC	600788.jpeg
600926	600926	RLL	PADRÃO	600926.jpeg
600943	FURADEIRA,DE IMPACTO SEM FIO,3 VELOC,0-3	UN	FERRAMENTAS	600943.jpeg
600959	GERADOR,PORTÁTIL,6.5KVA,220/127V,D11201	UN	GERADORES	600959.jpeg
600962	GRADE,POCO DE DRENAGEM,REDE DE DIST SUB	UN	FERRAMENTAS	600962.jpeg
601072	LACO,LAT,DUPLO,ACO,CAA,266,8MM2,D730140	PC	FERRAMENTAS	601072.jpeg
601079	LAMINA,SERRA MANUAL,ACO,13 X 300 MM 18	UN	FERRAMENTAS	601079.jpeg
601119	LIMA, CHATA MURÇA AÇO ESPECIAL DE A	UN	FERRAMENTAS	601119.jpeg
601120	LIMA,MEIA CANA,MURSA, 6 POL	UN	FERRAMENTAS	601120.jpeg
601233	MARRETA	UN	FERRAMENTAS	601233.jpeg
601513	POSTE,FIBRA VIDRO,12M,2000DAN,D307.01	PZ	POSTE DE FIBRA	601513.jpeg
601667	SERRA, CIRCULAR, ACO RAPIDO, COPO 5	UN	FERRAMENTAS	601667.jpeg
601668	SERRA,CIRCULAR,ACO RAPIDO,190MM,FUR	UN	FERRAMENTAS	601668.jpeg
601764	TALHADEIRA,ACO,25 X 150MM (1 X 6") 	PC	FERRAMENTAS	601764.jpeg
601798	TENDA, TUBULAR ENCAIXE 10 X 10M	UN	FERRAMENTAS	601798.jpeg
601822	TERMO HIGROMETRO DIG - 30 A 70GRC	UN	EPI/EPC	601822.jpeg
602122	UNIDADE TERMINAL UP2020 LITE L8 EXT B	PEÇ	TELECONTROLE	602122.jpeg
602137	VASSOURA, NYLON 380MM COM CABO	UN	FERRAMENTAS	602137.jpeg
610011	Exaustor Para Espaço Confinado	EA	FERRAMENTAS	610011.jpeg
620050	EMENDA SCOTHCAST 3M	UN	CONECTORES	620050.jpeg
620054	SELO,SEMI-BAR,SEXT/CAD,BRANCO-200,D19044	UN	MATERIAL DE SEGURANÇA	620054.jpeg
620056	SELO,SEMI-BAR,SEXT/CAD,LARANJ-200,D19044	UN	MATERIAL DE SEGURANÇA	620056.jpeg
620065	CALCO CR 42X31X22MM	JG	EPI/EPC	620065.jpeg
620070	SELO,SEMI-BAR,SEXT/CAD,AZUL-200,D1904	PC	MATERIAL DE SEGURANÇA	620070.jpeg
620098	CHAVE TIP CANHÃO FECH CX AÉREAS DQN-1969	PC	MATERIAL DE SEGURANÇA	620098.jpeg
620099	PARAF SEGUR P/CX MEDIDOR, DED-1934 R.5	PC	MATERIAL DE SEGURANÇA	620099.jpeg
620100	PARAF FECH CX REDES AÉREAS DQN-1970 R1	PC	MATERIAL DE SEGURANÇA	620100.jpeg
620101	LUVA, P/PARAF.SEGURANÇA, DQN-1973 R2	PC	MATERIAL DE SEGURANÇA	620101.jpeg
620102	SELO,SEGCINZADUPLA ANCORDQN-2006 I3	PC	MATERIAL DE SEGURANÇA	620102.jpeg
620104	SELO SEG LARANJA DUPLA ANCOR.DQN-2006 I8	PC	MATERIAL DE SEGURANÇA	620104.jpeg
620105	SELO,SEMI-BAR,SEXT/CAD,VERMELHO,D19044	UN	MATERIAL DE SEGURANÇA	620105.jpeg
640517	ELETRODUTO, PVC RIGIDO 32MM X 3M SOLDAV	PC	FERRAGEM ESPECIAL	640517.jpeg
640548	ELETROD RIG AÇO ZINC 150MM 641.01.0 I7	PZ	FERRAGEM	640548.jpeg
640612	ELETRODUTO PVC SOLD, D=20MM, DDT1740 R.6	PC	PVC	640612.jpeg
640616	CURVA PVC RÍG. 50MM,180° CLASSE ADDT1760	PC	MATERIAL GERAL	640616.jpeg
640617	ELETRODUTO PVC SOLD.D=50MM DDT1740 I2 R6	PC	FERRAGEM ESPECIAL	640617.jpeg
640620	ELETRODUTO PVC,ROSQ,20MM, DDT1740I3R7	PZ	PVC	640620.jpeg
640628	BUCHA P/ELETROD.DE PVC,100MM-4,DQN-21	PC	PVC	640628.jpeg
640647	DUTO,CORRUGADO,PEAD,200MM,D65120	MT	PVC	640647.jpeg
640648	TAMPÃO,ROSQ,DUTO CORRUG,200MM,D65120	PZ	PVC	640648.jpeg
640649	LUVA,EMENDA,P/DUTO CORRUG,200MM,D65120	PZ	MATERIAL GERAL	640649.jpeg
640789	ELETRODUTO, FLEXIVEL, FITAS DE ACO	M	PVC	640789.jpeg
640799	ELETRODUTO, FLEXIVEL, FITAS DE ACO	M	PVC	640799.jpeg
640859	CONECTOR, BOX, FIX TUBO FLEX A CAIX	UN	CONECTORES	640859.jpeg
640862	ELETRODUTO FLEX,AÇO,PVC 1”,PMA641.50.0	M	PVC	640862.jpeg
641136	ELETRODUTO FLEX ACO CARB PT 3"	UN	PVC	641136.jpeg
700002	PROTETOR AURICULAR	UN	EPI/EPC	700002.jpeg
720005	MAQUINA DE CINTAR FITA DE AÇO - FUSIMEC	UN	FERRAMENTAS	720005.jpeg
720011	BOLSA FERRAMENTAS E EPI LONA VERDE	UN	FERRAMENTAS	720011.jpeg
720019	CABECOTE MAN ANTI QUEDA C/PINO GALV 90GR	UN	EPI/EPC	720019.jpeg
720024	BOLSA PARA CAPACETE, ET-HS-51	EA	EPI/EPC	720024.jpeg
720073	BASTAO MANOBRA FIB VID TDC 32X 1365MM	UN	EPI/EPC	720073.jpeg
730002	GUINCHO ELÉTRICO PORTÁTIL PARA IÇAMENTO	EA	FERRAMENTAS	730002.jpeg
730004	TALHA DE CATRACA 750	EA	FERRAMENTAS	730004.jpeg
730073	TALHA,MANUAL COM CORRENTE,750KGF C/ALAVA	CJT	EPI/EPC	730073.jpeg
730086	BOLSA PARA PROTEÇÃO DE OCULOS	UN	FERRAMENTAS	730086.jpeg
730119	BOLSA,GUARDA FERRAMENTAS 450X400X170MM	PC	EPI/EPC	730119.jpeg
750001	CALÇO,RODA,VIAT,GR/MED.PORTE,ET-OEM-1409	EA	FERRAMENTAS	750001.jpeg
760006	MOTOSSERRA,HIDRAULICA,2 ESTÁG.,NTE-G-008	EA	FERRAMENTAS	760006.jpeg
760009	MARTELO,PONTA E PÁ 50MM,320 MM,ET-HS-188	PC	FERRAMENTAS	760009.jpeg
760029	MARTELO TIPO BOLA,28 OZ,350 MM,ET-HS-188	EA	FERRAMENTAS	760029.jpeg
760043	MARRETA, 5,0KG, 800 MM, 9,0 kN,ET-HS-188	PC	FERRAMENTAS	760043.jpeg
760049	MARRETA, 1,0KG, 260 MM, 5,2 kN,ET-HS-188	EA	FERRAMENTAS	760049.jpeg
760050	MARRETA, 0,5KG, 260 MM, 3,5 kN,ET-HS-188	PC	FERRAMENTAS	760050.jpeg
760051	CHAVE,FENDA,ISOLADA, 6,5X150MM,ET-HS-188	EA	FERRAMENTAS	760051.jpeg
760053	CHAVE,FENDA,ISOLADA, 5,0X100MM,ET-HS-188	EA	FERRAMENTAS	760053.jpeg
760057	CHAVE DE BOCA AJUSTÁVEL,310 MM,ET-HS-188	EA	FERRAMENTAS	760057.jpeg
760058	CHAVE DE BOCA AJUSTÁVEL,205 MM,ET-HS-188	EA	FERRAMENTAS	760058.jpeg
760064	ALICATE,BOMBA DAGUA,500MM,MOD2,ET-HS-188	UN	FERRAMENTAS	760064.jpeg
760075	ALICATE,BOMBA DAGUA,250MM,MOD1,ET-HS-188	EA	FERRAMENTAS	760075.jpeg
760093	ALICATE,BICO CHATO,CURTO,140MM,ET-HS-188	EA	FERRAMENTAS	760093.jpeg
760153	CABECOTE,VARA MANOBRAABRIR CHAVESEMS1	UN	EPI/EPC	760153.jpeg
760155	CHAVE,REGULAGEM(AJUST/INGL)10POL1000V	UN	FERRAMENTAS	760155.jpeg
760171	BASTAO,TIRA-PIPA,LINHA VIVA 300MM C/ENCA	UN	FERRAMENTAS	760171.jpeg
760173	ESCADA, EXTENSIVEL FIBRA DE VIDRO 4	UN	FERRAMENTAS	760173.jpeg
760176	ESCADA, EXTENSIVEL FIBRA DE VIDRO 5	UN	FERRAMENTAS	760176.jpeg
760177	ESCADA, SINGELA FIBRA DE VIDRO 3.50	UN	FERRAMENTAS	760177.jpeg
760188	CHAVE, CATRACA REVERSIVEL, ISOLADO	UN	FERRAMENTAS	760188.jpeg
760199	CHAVE SEGUR P/ CX DE MEDIDOR DED-1933 R7	PC	MATERIAL DE SEGURANÇA	760199.jpeg
760200	CHAVE,MAGNET146MMBICO INOXPARAF SEG.17	UN	MATERIAL DE SEGURANÇA	760200.jpeg
760201	CHAVE,SEGCAB LOBP/ABRIR/FECHAR CX DERV	UN	MATERIAL DE SEGURANÇA	760201.jpeg
760221	CHAVE,SOQUETE SEXT,C/CABO,11MM	UN	FERRAMENTAS	760221.jpeg
760222	ENXADA,ACO CARBONO,185X305MM,2.1/2	UN	FERRAMENTAS	760222.jpeg
760225	BASTAO, MANOBRA ISOLANTE PEGA TUDO,	UN	FERRAMENTAS	760225.jpeg
760227	CAVADEIRA,BOCA ARTICULAVEL,135X275M	UN	FERRAMENTAS	760227.jpeg
760228	FERRAMENTA, LOADBUSTER, 14.4/25KV 6	UN	FERRAMENTAS	760228.jpeg
760234	VARA, MANOBRA TELESCOPICA SECAO TRI	UN	FERRAMENTAS	760234.jpeg
760235	VARA,TELESCOPICA,7 ELEMENTOS,HSE-19-128	UN	FERRAMENTAS	760235.jpeg
760237	FERRAMENTA, LOADBUSTER, 25/34.5KV 6	UN	FERRAMENTAS	760237.jpeg
760239	DETECTOR,TENSAO,APROXIMA,C/BAT,1-138KV	UN	FERRAMENTAS	760239.jpeg
760243	ALICATE, BICO MEIA-CANA, 140MM,ET-HS-188	CDA	FERRAMENTAS	760243.jpeg
760248	ALICATE UNIV,ISOL, 200MM,1.4kN,ET-HS-188	CDA	FERRAMENTAS	760248.jpeg
760258	CHAVE CANHÃO DE 10MM ISOLADA, CHAVE CANH	CDA	FERRAMENTAS	760258.jpeg
760260	PONTEIRO, EM AÇO SEXTAVADO DIÂMETRO DE 1	EA	FERRAMENTAS	760260.jpeg
760261	ESTICADOR DE CABO ALUMÍNIO CA OU CAA.4 A	EA	FERRAMENTAS	760261.jpeg
760262	ESTICADOR DE CABO CU.AL - CAA 3/0. 336,4	EA	FERRAMENTAS	760262.jpeg
760264	ESTICADOR FIO DE COBRE 6 A 1/0 AWG, DIÂM	EA	FERRAMENTAS	760264.jpeg
760267	CONJUNTO DE MATRIZES PARA ALICATE HIDRÁU	MMT	FERRAMENTAS	760267.jpeg
760270	KIT ESTAIAMENTO ISOLADO PARA ESCADA ISOL	EA	FERRAMENTAS	760270.jpeg
760271	KIT TRIPE ESTABILIZADOR PARA POSTE 	UN	FERRAMENTAS	760271.jpeg
760273	Kit estaiamento isolado para poste	EA	FERRAMENTAS	760273.jpeg
760278	CALÇO PARA SAPATAS ESTABILIZADORAS DE CESTA AÉREA 	UN	FERRAMENTAS	760278.jpeg
760279	TALHA COM TIRANTE DE NYLON 1,5T	UN	FERRAMENTAS	760279.jpeg
760280	BANDOLA PARA LANÇAMENTO DE CABO	UN	FERRAMENTAS	760280.jpeg
760281	MAT-OMBR-NOM-22-1544-EDBR - Enxadão , ca	CDA	FERRAMENTAS	760281.jpeg
760282	CHAVE CATRACA 19" ISOLADA	UN	FERRAMENTAS	760282.jpeg
760283	FOICE AÇO CARBONO C/ CABO	UN	FERRAMENTAS	760283.jpeg
760285	ALICATE CORTA CABO DE AÇO - SELOS - COM	UN	FERRAMENTAS	760285.jpeg
760286	NIVELADOR DE ESCADAS	EA	FERRAMENTAS	760286.jpeg
760288	BASTÃO PODADOR DE GALHO COM CABEÇOTE UNIVERSAL RH2	EA	FERRAMENTAS	760288.jpeg
760289	MOTOSSERRA ELÉTRICA A BATERIA - 36 V - CORTE 30MM	UN	FERRAMENTAS	760289.jpeg
760290	MAT-OMBR-NOM-22-1544-EDBR - BOLSA DE LONA	UN	FERRAMENTAS	760290.jpeg
760291	BASTAO ALAVANCA PARAPOSTE COM TIRANTE	UN	FERRAMENTAS	760291.jpeg
760292	BOMBA RECALQUE,3F,220,60Hz,SUBT,D190.65	EA	FERRAMENTAS	760292.jpeg
760294	CAPA PARA CONE PARA ROTA DE FUGA	UN	EPI/EPC	760294.jpeg
760296	CAVADEIRA RETA "TIPO VANAGA" - MAT-OMBR-	UN	FERRAMENTAS	760296.jpeg
760299	Parafusadeira de Impacto a bateria de 40	EA	FERRAMENTAS	760299.jpeg
760300	PARAFUSADEIRA DE IMPACTO A BATERIA DE 18	EA	FERRAMENTAS	760300.jpeg
760302	Tesoura Elétrica para Condutores  - KIT	EA	FERRAMENTAS	760302.jpeg
760303	TESOURA CONDUTOR ENERGIZADO A DISTÂNCIA	UN	FERRAMENTAS	760303.jpeg
760304	Tesoura , com catraca, isolação 1kV - MA	CDA	FERRAMENTAS	760304.jpeg
760306	CHAVE ESTRELA UMA BOCA VDE1000V 13X190MM	UN	FERRAMENTAS	760306.jpeg
760307	CHAVE ESTRELA UMA BOCA VDE1000V 14X10MM	UN	FERRAMENTAS	760307.jpeg
760308	CHAVE ESTRELA UMA BOCA VDE1000V 17x220mm	UN	FERRAMENTAS	760308.jpeg
760309	CHAVE ESTRELA UMA BOCA VDE1000V 19x240mm	UN	FERRAMENTAS	760309.jpeg
760310	ALICATE,BOMBA DAGUA,ACO CROMO-VANDIUM IS	UN	FERRAMENTAS	760310.jpeg
760311	ALICATE,CORTE,DIAGONAL TIPO SUECO 160 MM	UN	FERRAMENTAS	760311.jpeg
760316	CHAVE,PHIL ISOL Nº 1  4.7X150 MM-3/16X6	UN	FERRAMENTAS	760316.jpeg
760317	CHAVE,FENDA N/ISOL  4.7X150MM-3/16 X 6	UN	FERRAMENTAS	760317.jpeg
760320	FACA,DESENCAPADORA DE CABOS/FIOS,ISOL 10	UN	FERRAMENTAS	760320.jpeg
760323	TRENA,FIBRA DE VIDRO,MANIVELA,ESTOJO,50M	UN	FERRAMENTAS	760323.jpeg
760326	CHAVE,COMB,BOCAS FIXA-ESTRELA,ANG 18MM 	UN	FERRAMENTAS	760326.jpeg
760330	BYPASS,CHAVE FUSIV 13.8KV 100A NTC-78R1	UN	FERRAMENTAS	760330.jpeg
760332	BASTAO,MANOBRA,ISOLANTE,FIBRA DE VIDRO,2	UN	FERRAMENTAS	760332.jpeg
760333	ARCO, SERRA, PARA SERRA METAIS MANU	UN	FERRAMENTAS	760333.jpeg
760336	CHAVE, BOCA AJUST (INGLESA),  8 POL	UN	FERRAMENTAS	760336.jpeg
760337	CHAVE, BOCA AJUST (INGLESA), 12 POL	UN	FERRAMENTAS	760337.jpeg
760346	MARTELO, ACO, CABECA BOLEADA, 250 G	UN	FERRAMENTAS	760346.jpeg
760347	CHAVE, COMBINADA, BOCAS FIXA-ESTREL	UN	FERRAMENTAS	760347.jpeg
760351	CHAVE, COMBINADA, BOCAS FIXA-ESTREL	UN	FERRAMENTAS	760351.jpeg
760353	CHAVE, CATRACA REVERSIVEL, ISOLADO	UN	FERRAMENTAS	760353.jpeg
760354	ALICATE, ELETRICISTA, 200 MM (8 POL	UN	FERRAMENTAS	760354.jpeg
760357	CABECOTE,UNIV P/MANOBRA,INTER,HSE-19-128	UN	FERRAMENTAS	760357.jpeg
760361	FORMAO,GOIVA,16MM -   5/8 POL	UN	FERRAMENTAS	760361.jpeg
760363	TRENA, ACO 5M ESTOJO PLASTICO C/TRA	UN	EPI/EPC	760363.jpeg
760365	ALICATE, BOMBA DAGUA, ACO CROMO-VAN	UN	FERRAMENTAS	760365.jpeg
760369	CHAVE, FENDA CRUZ, PH (PHILIPS) HAS	UN	FERRAMENTAS	760369.jpeg
760371	ALICATE, COMPRESSAO, HIDRAULICO CAB	UN	FERRAMENTAS	760371.jpeg
760372	ALICATE, COMPRESSAO, MANUAL MECANIC	UN	FERRAMENTAS	760372.jpeg
760373	VARA,MANOBRA SECCION,FIBRA VIDRO,5 ELEM	CJT	FERRAMENTAS	760373.jpeg
760376	FERRAMENTA, APLICAR CONECTOR CUNHA,	CJT	FERRAMENTAS	760376.jpeg
760381	TESOURAO, CORTAR VERGALHOES, 750MM	UN	FERRAMENTAS	760381.jpeg
760383	SUPORTE PARA IÇAMENTO DE TRANSFORMADOR	EA	FERRAGEM	760383.jpeg
760385	SOQUETE DE TERRA, MANUAL, COM CABO DE MA	EA	FERRAMENTAS	760385.jpeg
760386	Serra de Poda Tipo japonês - MAT-OMBR-NO	CDA	FERRAMENTAS	760386.jpeg
760388	SACA POSTE, CONJUNTO MANGEUIRAS - MAT-OM	EA	FERRAMENTAS	760388.jpeg
760390	PÁ DE BICO , CABO DE MADEIRA, CONJUNTO -	EA	FERRAMENTAS	760390.jpeg
760393	Martelo Ponta Pá - MAT-OMBR-NOM-22-1544-	CDA	FERRAMENTAS	760393.jpeg
760395	Martelete Rompedor Elétrico com cabo - M	EA	FERRAMENTAS	760395.jpeg
760397	Machado, Médio, Aço - MAT-OMBR-NOM-22-15	EA	FERRAMENTAS	760397.jpeg
760398	Jogo de Chave, Sextavado - MAT-OMBR-NOM-	CDA	FERRAMENTAS	760398.jpeg
760399	Kit Tira Pipa - MAT-OMBR-NOM-22-1544-EDB	EA	FERRAMENTAS	760399.jpeg
760402	GANCHO COM DUPLA TRAVA PARA IÇAMENTO DE	CDA	FERRAMENTAS	760402.jpeg
760404	FACA LÂMINA CURVA E RETA C/ LÂMINA	CDA	FERRAMENTAS	760404.jpeg
760410	Desencapador de Condutores , MAT-OMBR-NO	EA	FERRAMENTAS	760410.jpeg
760412	Compactador de Solo , Hidráulico , MAT-O	EA	FERRAMENTAS	760412.jpeg
760413	MATRIZ PARA ALICATE HIDRÁULICO DE COOMPR	EA	FERRAMENTAS	760413.jpeg
760414	Matriz para Alicate Hidráulico de Coompr 321	CDA	FERRAMENTAS	760414.jpeg
760415	MATRIZ PARA ALICATE HIDRÁULICO DE COMPR M29 IND16	EA	FERRAMENTAS	760415.jpeg
760416	Matriz para Alicate Hidráulico de Coompr 261	CDA	FERRAMENTAS	760416.jpeg
760417	Matriz para Alicate Hidráulico de Coompr 249	CDA	FERRAMENTAS	760417.jpeg
760418	Matriz para Alicate Hidráulico de Coompr 245	CDA	FERRAMENTAS	760418.jpeg
760419	Matriz para Alicate Hidráulico de Coompr 243	CDA	FERRAMENTAS	760419.jpeg
760420	Matriz para Alicate Hidráulico de Coompr 242	CDA	FERRAMENTAS	760420.jpeg
760421	Matriz para Alicate Hidráulico de Coompr 237	CDA	FERRAMENTAS	760421.jpeg
760422	Matriz para Alicate Hidráulico de Coompr 236	CDA	FERRAMENTAS	760422.jpeg
760423	MATRIZ PARA ALICATE HIDRÁULIC DE COMPR M168 IND168	EA	FERRAMENTAS	760423.jpeg
760424	Matriz para Alicate Hidráulico de Coompr 166	CDA	FERRAMENTAS	760424.jpeg
760425	MATRIZ PARA ALICATE HIDRÁUL DE COMPR M165 IND165	EA	FERRAMENTAS	760425.jpeg
760426	Esmerilhadeira Angular a Bateria	UN	FERRAMENTAS	760426.jpeg
760428	CHAVE ERGONÔMICA (ABRIR TAMPA DO CENTRO	UN	FERRAMENTAS	760428.jpeg
760429	PARAFUSADEIRA COMPLETA COM KIT DE CHAVE	UN	FERRAMENTAS	760429.jpeg
760430	CHAVE TORQUIMÉTRICA COM KIT DE ESTALO DE	UN	FERRAMENTAS	760430.jpeg
760431	MANGOTE (50M) BOMBA SUBMERSÍVEL DE MANGO	UN	FERRAMENTAS	760431.jpeg
760432	BOMBA D’ÁGUA TRIFÁSICA (GASOLINA)  VIPAR	UN	FERRAMENTAS	760432.jpeg
760439	Chave Soquete Allen 8mm	EA	FERRAMENTAS	760439.jpeg
760440	Chave Soquete Allen 5mm	EA	FERRAMENTAS	760440.jpeg
760455	ESCADA, TIPO OBLONGO,15KV, FIBRA, 43D C	EA	FERRAMENTAS	760455.jpeg
760464	ESCADA,EXT.,PERFIL U,FIBRA,35D,ET-OMBR-1	CDA	FERRAMENTAS	760464.jpeg
760468	ESCADA,EXT.,PERFIL U,FIBRA,26D,ET-OMBR-1	CDA	FERRAMENTAS	760468.jpeg
760473	ADAPTADOR PARA VARA DE MANOBRA -HDF100-A	EA	FERRAMENTAS	760473.jpeg
760474	ESCADA,EXT.,PERFIL U,FIBRA,27D,ET-OMBR-1	EA	FERRAMENTAS	760474.jpeg
760477	SERRA COPO 1" COM SUPORTE PARA FURADEIRA	EA	FERRAMENTAS	760477.jpeg
760478	ROLDANA PARA LANÇAMENTO DE CABO MULTPLEX	EA	FERRAMENTAS	760478.jpeg
760479	SUPORTE DE APOIO PARA FACHADA	CDA	FERRAMENTAS	760479.jpeg
760481	PRUMO DE ACO 400GR	EA	PADRÃO	760481.jpeg
760482	MOITÃO TRIPLO ISOLADO PARA LINHA VIVA	EA	FERRAMENTAS	760482.jpeg
760484	LONA  3000X3000MM	CDA	FERRAMENTAS	760484.jpeg
760488	LUPA DE AUMENTO COM CABO	EA	FERRAMENTAS	760488.jpeg
760489	ALICATE CORTE FRONTAL DE 6 POL. ISOLADO	EA	FERRAMENTAS	760489.jpeg
760490	GARRAFA TÉRMICA 12 LTS	UN	FERRAMENTAS	760490.jpeg
760492	ESCADA, TIPO SINGELA FIBRA DE VIDRO NÚM	EA	PADRÃO	760492.jpeg
760494	CHAVE DE BOCA AJUSTAVEL ISOLADA 250MM (I	EA	FERRAMENTAS	760494.jpeg
760496	CHAVE CANHÃO ISOLADA 13MM, CHAVE CANHÃO	CDA	FERRAMENTAS	760496.jpeg
760497	CHAVE POSIDRIVE ISOLADA	EA	FERRAMENTAS	760497.jpeg
760498	Tesoura Condutor Energizado para corte d	EA	FERRAMENTAS	760498.jpeg
760499	Suporte temporário para condutor 15kV	EA	FERRAMENTAS	760499.jpeg
760500	Moitão duplo sem isolação	EA	FERRAMENTAS	760500.jpeg
760502	KIT MOTOSERRA ELÉTRICA 18V PORTÁTIL sabr	CDA	FERRAMENTAS	760502.jpeg
760504	MOTO PODA A COMBUSTÃO	CDA	FERRAMENTAS	760504.jpeg
760505	TARRAXA 3/4"	EA	EPI/EPC	760505.jpeg
760506	TARRAXA 2"	EA	FERRAMENTAS	760506.jpeg
760507	CHAVE MESTRA PARA BITS	EA	FERRAMENTAS	760507.jpeg
760508	CHAVE DE CONEXÃO/BICONCÊNTRICO	EA	FERRAMENTAS	760508.jpeg
760510	TESOURA CORTAR-COND DESERNEGIZ-556,4MCM	EA	FERRAMENTAS	760510.jpeg
760511	TESOURA CONDUTOR-ENERGIZADO 1/0ACSR	EA	FERRAMENTAS	760511.jpeg
760512	TESOURA P/CORTAR-PARAF-TAM-1 24POL	CDA	FERRAMENTAS	760512.jpeg
760513	SERRA PODA COM GANCHO E CABEÇOTE UNIVERS	CDA	FERRAMENTAS	760513.jpeg
760514	ARCO AJUST SERRA 658MM PODAS-ARVORE	EA	FERRAMENTAS	760514.jpeg
760516	KIT DE CORTADOR DE GALHOS A BATERIA MODE	EA	FERRAMENTAS	760516.jpeg
760521	Bolsa de Ferramentas para Motosserra a B	EA	FERRAMENTAS	760521.jpeg
760530	FASIMETRO13,8KV60HZC/SEQ FASE 1-16KV	PC	FERRAMENTAS	760530.jpeg
760532	CHAVE FENDA 1/4X6 MED ISOL. 1000V PROF	PC	FERRAMENTAS	760532.jpeg
760579	Caixa de Ferramentas para Cesto Aéreo	EA	PADRÃO	760579.jpeg
760625	Cortador para cabos com alma de aço	EA	FERRAMENTAS	760625.jpeg
760627	CORTADOR DE VERGALHÕES A BATERIA	EA	FERRAMENTAS	760627.jpeg
780005	ALICATE DE COMPRENSÃO 12 TON	CDA	FERRAMENTAS	780005.jpeg
780007	Ferramenta de Inserção de Conector Tipo	EA	FERRAMENTAS	780007.jpeg
780008	BROCA DE VIDEA 8MM PARA PERFURAR CONCRET	EA	FERRAMENTAS	780008.jpeg
780009	BROCA DE VIDEA 6MM PARA PERFURAR CONCRET	CDA	FERRAMENTAS	780009.jpeg
780010	RECIPIENTE PARA TRANSPORTE DE COMBUSTÍVE	EA	FERRAMENTAS	780010.jpeg
780011	TARRAXA 1"	EA	FERRAGEM	780011.jpeg
780566	PARAFUSO, CABECA SEXTAVADA AÇO INOX M12X	PC	FERRAGEM	780566.jpeg
780568	PARAFUSO AUTO-ATARRAXANTE 1"X 1/8"	PC	MATERIAL GERAL	780568.jpeg
780569	PARAF.AUTO ATARRACHANTE,FE ZINC.6,3X38MM	PC	MATERIAL GERAL	780569.jpeg
780570	PARAF.CABÇ.CILÍND.FENDA FE ZINC.6,3X16MM	PC	MATERIAL GERAL	780570.jpeg
780571	PARAF.C.LIMÃO C/FENDA FE ZINC.1/4X1/2"	PC	MATERIAL GERAL	780571.jpeg
780572	PARAF.C.LIMÃO C/FENDA FE ZINC.3/16X1"	PC	MATERIAL GERAL	780572.jpeg
780573	PARAF.C.LIMÃO C/FENDA FE ZINC.3/16X3/8"	PC	MATERIAL GERAL	780573.jpeg
780574	PARAF.C.REDONDA 3/16X1/2'' C/ARRUELA	PC	MATERIAL GERAL	780574.jpeg
780580	PARAF.FENDA,CAB.PLANA 5,0X50MMP/BUCHA S8	PC	MATERIAL GERAL	780580.jpeg
780581	BUCHA PLÁSTICA S8.	PC	MATERIAL GERAL	780581.jpeg
780586	PARAF.OLHAL FORJAZM20X2,5L=350B=270	PC	MATERIAL GERAL	780586.jpeg
780596	CINTA-POSTE CIRC 390MM-D + CARACT PM0037	PR	FERRAGEM	780596.jpeg
780597	CINTA-POSTE CIRC 350MM- D+CARACT PM0037	PR	FERRAGEM	780597.jpeg
780601	MOTOPODA, HT-131 STIHL	UN	FERRAMENTAS	780601.jpeg
780607	PARAFUSO,CB SEXT,INOX,12X125,COMP,D41019	PC	MATERIAL GERAL	780607.jpeg
780644	PARAFUSO,CAB QUAD,AL,16X200,D90410.2	UN	FERRAGEM	780644.jpeg
780645	PARAFUSO,CAB QUAD,AL,16X250,D90410.2	UN	FERRAGEM	780645.jpeg
780646	PARAFUSO,CAB QUAD,AL,16X300,D90410.2	UN	FERRAGEM	780646.jpeg
780648	PARAFUSO,CAB QUAD,AL,16X400,D90410.2	UN	FERRAGEM	780648.jpeg
780653	PARAFUSO,CAB QUAD,AZ,16X200,D41010 	PC	MATERIAL GERAL	780653.jpeg
780654	PARAFUSO,CAB QUAD,AZ,16X250,D41010	PC	MATERIAL GERAL	780654.jpeg
780655	PARAFUSO,CAB QUAD,AZ,16X300,D41010	UN	FERRAGEM	780655.jpeg
780656	PARAF.CAB.QUADR.AZ 16 X 350MM ITEM1	PC	FERRAGEM	780656.jpeg
780657	PARAFUSO,CAB QUAD,AZ,16X400,D41010	UN	FERRAGEM	780657.jpeg
780659	PARAFUSO,CAB QUAD,AZ,16X 50,D41010	UN	FERRAGEM	780659.jpeg
780710	ARRUELA,QUADRADA,AZ, 50X3X18MM,D41003	PC	MATERIAL GERAL	780710.jpeg
780711	ARRUELA,QUADRADA,AZ, 38X3X14MM,D41003	UN	FERRAGEM	780711.jpeg
780713	ARRUELA,QUADRADA,AL,50X3X18MM,D90402	UN	MATERIAL GERAL	780713.jpeg
780720	ARRUELA,RED,AZ,36X3X18MM,D41001.3	UN	FERRAGEM	780720.jpeg
780725	FECHO,FITA,ACO INOX,19X0,8MM,D65505.3732	UN	DIVERSOS	780725.jpeg
780730	HASTE,ANCORA,AZ,16X2400,5000DAN,D44501.3	UN	FERRAGEM	780730.jpeg
780742	CINTA P/POSTE CIRC.230MM, DED-0037 I5 R4	PC	FERRAGEM	780742.jpeg
780743	CINTA P/POSTE CIRC.250MM, DED-0037 I6 R4	PC	FERRAGEM	780743.jpeg
780744	CINTA P/POSTE CIRC.270MM, DED-0037 I7 R4	PC	FERRAGEM	780744.jpeg
780745	CINTA P/POSTE CIRC 290MM, DED-0037 I8 R4	PC	FERRAGEM	780745.jpeg
780746	CINTA POSTE CIRC.AL 310MM DED-1257 I9 R2	PC	MATERIAL GERAL	780746.jpeg
780747	CINTA POSTE CIRC.AL 330M DED-1257 I10 R2	PC	MATERIAL GERAL	780747.jpeg
780748	PORCA LIGA DE ALUMÍNIO, DED-1263 R2	PC	MATERIAL GERAL	780748.jpeg
780749	PINO CURTO ISOL.192X16MM RC DED1769 R.1	PC	FERRAGEM	780749.jpeg
780750	PARAF.CABEÇA ABAUL.LIGA AL.DED-1262 I1R2	PC	MATERIAL GERAL	780750.jpeg
780751	PARAF.CABEÇA ABAUL.LIGA AL.DED-1262 I2R2	PC	MATERIAL GERAL	780751.jpeg
780752	PARAF.CABEÇA ABAUL.LIGA AL.DED-1262 I3R2	PC	MATERIAL GERAL	780752.jpeg
780753	PARAF.CAB.ABAU.45X38X16MM,DED-0044 I1 R4	PC	FERRAGEM DIVERSOS	780753.jpeg
780754	PARAF.CAB.ABAU.70X60X16MM,DED-0044 I2 R4	PC	FERRAGEM DIVERSOS	780754.jpeg
780755	PARAF.CAB.ABAU.150X75X16MM,DED-0044 I3R4	PC	FERRAGEM	780755.jpeg
780756	PARAF.CAB.QUAD.50X35X16MM DED-0045 I1 R4	PC	FERRAGEM DIVERSOS	780756.jpeg
780757	PARAF.CAB.QUAD.AL 50X35X16MM DED-1261	PC	MATERIAL GERAL	780757.jpeg
780758	PARAF.CAB.QUA.125X80X16MM,DED-0045 I2 R4	PC	FERRAGEM	780758.jpeg
780759	PARAF.CAB.QUA.150X80X16MM,DED-0045 I3 R4	PC	FERRAGEM	780759.jpeg
780760	PARAF.CAB.QUAD.AL125X80X16MM DED-1261	PC	MATERIAL GERAL	780760.jpeg
780761	PARAF.CAB.QUA.200X120X16MM,DED-0045 I4R4	PC	FERRAGEM	780761.jpeg
780762	PARAF.CAB.QUA.250X170X16MM,DED-0045 I5R4	PC	FERRAGEM DIVERSOS	780762.jpeg
780763	PARAF.CAB.QUA.300X220X16MM,DED-0045 I6R4	PC	FERRAGEM DIVERSOS	780763.jpeg
780764	PARAF.CAB.QUA.350X270X16MM DED0045 I7 R4	PC	FERRAGEM DIVERSOS	780764.jpeg
780765	PARAF.CAB.QUA.400X320X16MM,DED-0045 I8R4	PC	FERRAGEM	780765.jpeg
780767	PARAF.CAB.QUAD AL150X80X16MM DED-1261	PC	MATERIAL GERAL	780767.jpeg
780768	PINO P/ISOLADOR, DED-1829 R.1	PC	FERRAGEM	780768.jpeg
780769	PARAF CAB QUAD AL 200X120X16MM DED-1261	PC	MATERIAL GERAL	780769.jpeg
780770	PARAF.CAB.QUAD.AL250X170X16MM DED-1261	PC	MATERIAL GERAL	780770.jpeg
780771	PORCA DE AÇO CARBONO, DED-0047 R.4	PC	MATERIAL GERAL	780771.jpeg
780772	PARAF.CAB.QUA. AL300X220X16MM DED-1261	PC	MATERIAL GERAL	780772.jpeg
780773	PARAF.CAB.QUA. AL 350X270X16MM DED-1261	PC	MATERIAL GERAL	780773.jpeg
780775	PARAFUSO, CABEÇA QUAD. LIGA AL 450X370X1	PC	MATERIAL GERAL	780775.jpeg
780776	PARAFUSO, CABEÇA QUAD. LIGA AL 500X420X1	PC	MATERIAL GERAL	780776.jpeg
780777	PARAFUSO, CABEÇA QUAD. LIGA AL 550X470X1	PC	MATERIAL GERAL	780777.jpeg
780779	PARAF ROSC DUPLA 400X175X16MM DQN-1990I1	PC	FERRAGEM	780779.jpeg
780780	PARAF ROSC DUPL 450X200X16MM DQN-1990 I2	PC	FERRAGEM	780780.jpeg
780781	PARAF ROSC DUPL 500X225X16MM DQN-1990 I3	PC	FERRAGEM	780781.jpeg
780782	PARAF ROSC DUPL 550X250X16MM DQN-1990 I4	PC	FERRAGEM DIVERSOS	780782.jpeg
780783	PARAF ROSC DUPL 600X275X16MM DQN-1990 I5	PC	FERRAGEM DIVERSOS	780783.jpeg
780784	PARAF ROSC  DUP AL 400X175X16MM DQN-1991	PC	MATERIAL GERAL	780784.jpeg
780785	PARAF ROSC DUP  AL 450X200X16MM DQN-1991	PC	MATERIAL GERAL	780785.jpeg
780786	PARAF ROSC DUP AL 500X225X16MM DQN-1991	PC	MATERIAL GERAL	780786.jpeg
780787	PARAF ROSC DUP AL 550X250X16MM DQN-1991	PC	MATERIAL GERAL	780787.jpeg
780788	PARAF ROSC DUP AL 600X275X16MM DQN-1991	PC	MATERIAL GERAL	780788.jpeg
780792	CHUMBADOR EXPANS,ROSCA M12X2,00,DQN2134	PC	MATERIAL GERAL	780792.jpeg
780801	CINTA POSTE CIRC.AL 160MM PM-1257 I2 R3	PC	MATERIAL GERAL	780801.jpeg
780801-3	CINTA POSTE CIRC.AL 160MM PM-1257 I2 R3	PC	FERRAGEM	780801-3.jpeg
780802	CINTA POSTE CIRC.AL 240MM PM-1257 I10 R3	PZ	FERRAGEM	780802.jpeg
780803	CINTA POSTE CIRC.AL 260MM PM-1257 I12 R3	PZ	FERRAGEM	780803.jpeg
780820	PINO-ISOLADOR PILAR-PM-1829 I2	PC	FERRAGEM	780820.jpeg
780859	ARRUELA,RED,AZ,36X3X18MM,D410.01.0	UN	FERRAGEM	780859.jpeg
780907	SELO,SEMI-BAR,SEXT/CAD,AMARELO,D19044	UN	MATERIAL DE SEGURANÇA	780907.jpeg
780908	SELO,SEMI-BAR,SEXT/CAD,LILAS,D19044	UN	MATERIAL DE SEGURANÇA	780908.jpeg
780929	PARAF.PHILLIPS,4,8X50MM,PMA-410.22.1	PC	FERRAGEM	780929.jpeg
780932	PORCA,OLHAL,AZ,M16X2,D410.39	UN	FERRAGEM	780932.jpeg
780938	BUCHA, NYLON, SEM PARAFUSO NR 8	UN	MATERIAL GERAL	780938.jpeg
781306	ALAVANCA,ACO,CILINDRICA,PONTA RETA-	UN	FERRAMENTAS	781306.jpeg
781309	CAIXA, FERRAMENTAS ELETRICISTA, TIP	UN	FERRAMENTAS	781309.jpeg
781451	DESCASCADOR DE CABO	UN	FERRAMENTAS	781451.jpeg
800215	ELO OLHAL-90º-AÇO FORJADO-RUPTURA 120 kN	PC	MATERIAL GERAL	800215.jpeg
800218	LUVA DE VAQUETA TAM. G,270x150MM	PAR	EPI/EPC	800218.jpeg
800219	LUVA DE VAQUETA TAM. M,225x130MM	PAR	EPI/EPC	800219.jpeg
800246	EMENDA P/CB POTÊNC.8,7/15KV,DED-1947 I.1	PC	CONECTORES	800246.jpeg
800248	ESPAÇADOR RC 15KVDED-1766 I3	PC	MATERIAL GERAL	800248.jpeg
800250	FITA,ABRAÇ.AÇO INOXDQN-1964 R1	MT	CABO ESPECIAL	800250.jpeg
800258	LAMINA DESLIGAD,TIPO C,15KV,300A-PM2228	PC	CHAVES	800258.jpeg
800264	CAIXA,PASS,CONC,1000X1100X1100MM,D31702	UN	DIVERSOS	800264.jpeg
800291	ESPUMA EXPANSIVA PU 500ML	UN	FERRAMENTAS	800291.jpeg
800457	CIMENTO	UN	PADRÃO	800457.jpeg
820089	TRANSFORMADOR, DISTRIBUICAO TRIFASICO 10	PC	TRANSFORMADORES NOVOS	820089.jpeg
820094	DISJUNT,TERMOMAG.DIV.TIPOS/CAPAC.INSERV	KG	MATERIAL GERAL	820094.jpeg
820098	FIO E CORDOALHA ACO DIVERSOS TIPOS - SUC	KG	COND.ALUM.NÚ.CAA.SUCATA [C/ALMA]	820098.jpeg
820102	FIO E CABO CU NU - DIV TIPOS - SUCATA	KG	COND.CU.NÚ.SUCATA	820102.jpeg
820103	FIO E CABO, AL NU C/ALMA ACO DIVERSOS TI	KG	COND.ALUM.NÚ.CAA.SUCATA [C/ALMA]	820103.jpeg
820104	FIO E CABO, COBRE ISOLADO-DIVERSOS TIPOS SUCATA	KG	COND.CU.ISOLADO.SUCATA	820104.jpeg
820106	SUCATA DE OUTROS	KG	SUCATA	820106.jpeg
820114	P.RAIOS,POLIM.OX.ZINC,120KV,CL-3,S/CONT.	PC	MATERIAL GERAL	820114.jpeg
820162	CILINDRO DE SEGURANÇA- CONFECC AÇO/COBRE	PC	MATERIAL GERAL	820162.jpeg
820167	PLACA MED 2 POS SMF ENCAP ALUM 776X30	PC	MEDIDOR	820167.jpeg
820485	BATERIA P/SE DIVERSOS TIPOS CAPAC-SUCATA	KG	DIVERSOS	820485.jpeg
820488	REGULADOR TENSAO-DIV TIPOS-SUCATA	PC	DIVERSOS	820488.jpeg
830104	CHAPA,CURVAAZ30X 5X14MMATERRD80020.2	UN	FERRAGEM	830104.jpeg
850008	CJ ATERR TEMP-SELA RD MT, SOLO,ET-HS-189	CJT	FERRAMENTAS	850008.jpeg
850009	CONJUNTO PROT. OPER.MOTOSSERRA,ET-HS-312	PC	FERRAMENTAS	850009.jpeg
850027	CJ ATERR TEMP-SELA,RD MT,ESCAD,ET-HS-189	EA	FERRAMENTAS	850027.jpeg
850028	ATERRAMENTO,RAP.,CUBÍC.,13,8KV,ET-HS-189	CDA	FERRAMENTAS	850028.jpeg
850029	CAPACETE,SEG.,FRO.,CL.B,BRANCO,ET-HS-311	UN	EPI/EPC	850029.jpeg
850030	CAPACETE, AF, CLASSE B, VERDE, ET-HS-311	UN	EPI/EPC	850030.jpeg
850031	CAPACETE, AF., CLASSE B, AZUL, ET-HS-311	UN	EPI/EPC	850031.jpeg
850032	MANGA, PROT, AT, CL4, PRETA, M,ET-HS-216	PAR	EPI/EPC	850032.jpeg
850033	MANGA ISOLANTE CLASSE 4-40KV	PAR	EPI/EPC	850033.jpeg
850034	MANGA PROT, AT, CL2, AMARELA,G,ET-HS-216	PAR	EPI/EPC	850034.jpeg
850035	LUVA SEG AT BOR,12,0" CL4 36KV,ET-HS-216	PAR	EPI/EPC	850035.jpeg
850036	LUVA SEG AT BOR 10,5" CL4 36KV,ET-HS-216	PAR	EPI/EPC	850036.jpeg
850037	LUVA ISOL.BORR,8" CL4 36KV,ET-HS-216	PAR	EPI/EPC	850037.jpeg
850038	LUVA SEG AT BOR,12,0" CL2 20KV,ET-HS-216	PAR	EPI/EPC	850038.jpeg
850039	LUVA SEG AT BOR,11,5" CL2 20KV,ET-HS-216	EA	EPI/EPC	850039.jpeg
850040	LUVA SEG AT BORR,8,5" CL2 20KV,ET-HS-216	PAR	EPI/EPC	850040.jpeg
850041	CONJ TRAB ALTURA LV TAM 2,ET-HS-128,KIT	UN	FERRAMENTAS	850041.jpeg
850042	CONJ TRAB ALTURA LV TAM 1,ET-HS-128,KIT	UN	EPI/EPC	850042.jpeg
850043	CAMISA,RETARDANTE-CHAMA,LONG XG,ET-HS-55	EA	UNIFORME	850043.jpeg
850044	CAMISA,RETARDANTE-CHAMA,LONG PP,ET-HS-55	EA	UNIFORME	850044.jpeg
850045	CALCA,RETARD-CHAMA, TAM XG(60), ET-HS-55	EA	UNIFORME	850045.jpeg
850075	LUVA DE VAQUETA, P, 225X120MM, ET-HS-218	PAR	EPI/EPC	850075.jpeg
850076	LUVA ISOL. BORR.,12", CL0, 1KV,ET-HS-216	PR	PADRÃO	850076.jpeg
850077	LUVA ISOL. BORR.,11,5",CL0,1KV,ET-HS-216	PAR	EPI/EPC	850077.jpeg
850078	LUVA ISOL. BORR.,11", CL0, 1KV,ET-HS-216	PAR	EPI/EPC	850078.jpeg
850079	DESCENSOR,AUTO BLOCANTE,9-13MM,ET-HS-128	EA	FERRAMENTAS	850079.jpeg
850080	LUVA ISOL. BORR.,8,5",CL0,1KV, ET-HS-216	PAR	EPI/EPC	850080.jpeg
850081	LUVA ISOL. BORR.,8", CL0, 1KV, ET-HS-216	PAR	EPI/EPC	850081.jpeg
850084	DETECTOR DE TENSAO USO PESSOAL,ET-HS-317	PC	EPI/EPC	850084.jpeg
850088	LUVA ISOL BORR 10,5" CL00 500V,ET-HS-216	PAR	EPI/EPC	850088.jpeg
850089	LUVA ISOL BORR, 10" CL00, 500V,ET-HS-216	PAR	EPI/EPC	850089.jpeg
850090	LUVA ISOL BORR 9,5" CL00, 500V,ET-HS-216	PAR	EPI/EPC	850090.jpeg
850094	LUVA SEG AT BOR, 8,5" CL4 36KV,ET-HS-216	PAR	EPI/EPC	850094.jpeg
850095	PERNEIRA DE SEGURANCA,C/ FIVELA,ET-HS-65	PAR	EPI/EPC	850095.jpeg
850096	LUVA DE SUEDINE,SEM COST,TAM.P,ET-HS-218	PAR	EPI/EPC	850096.jpeg
850097	CONJ.,CAPACETE+PROT FACIAL,BR, ET-HS-311	UN	EPI/EPC	850097.jpeg
850098	OCULOS,SEGURANCA,LENTE INCOLOR,ET-HS-130	UN	EPI/EPC	850098.jpeg
850099	OCULOS,SEG,LENTE CINZA,TON.3,0,ET-HS-130	UN	EPI/EPC	850099.jpeg
850100	OCULOS,SEG,LENTE CINZA,TON.2,0,ET-HS-130	PC	EPI/EPC	850100.jpeg
850103	DISPOSITIVO,(ICC)-CONJ,3 PEÇAS,ET-HS-128	UN	FERRAMENTAS	850103.jpeg
850104	ATERR,RAP,RD PR,3F,SOLO,SUBCJ1,ET-HS-189	UN	FERRAMENTAS	850104.jpeg
850153	SACOLA,LONA,VERDE, 40X70CM,26L,ET-HS-128	EA	FERRAMENTAS	850153.jpeg
850154	SACOLA, LONA, VERDE,30X48X60CM,ET-HS-128	EA	FERRAMENTAS	850154.jpeg
850156	TALABARTE,SIMPLES,TIPO I,DIEL.,ET-HS-128	PC	EPI/EPC	850156.jpeg
850158	MOSQUETAO,SERV,TP.PERA,3 TRAVA,ET-HS-128	CDA	FERRAMENTAS	850158.jpeg
850159	MOSQUETAO,SERV,TP.OVAL,3 TRAVA,ET-HS-128	EA	FERRAMENTAS	850159.jpeg
850173	BOTA-SEG-BORRACHA-PRETA-45-EMS05	PAR	EPI/EPC	850173.jpeg
850174	BOTA-SEG-BORRACHA-PRETA-44-EMS05	PAR	EPI/EPC	850174.jpeg
850175	BOTA-SEG-BORRACHA-PRETA-43-EMS05	PAR	EPI/EPC	850175.jpeg
850176	BOTA SEG BORRACHA PRETA/MARROM TAM 42	PAR	EPI/EPC	850176.jpeg
850177	BOTA SEG BORRACHA PRETA/MARROM TAM 41	PAR	EPI/EPC	850177.jpeg
850178	BOTA SEG BORRACHA PRETA/MARROM TAM 40	PAR	EPI/EPC	850178.jpeg
850179	BOTA,SEG,BORRACHA,PRETA,36,EMS05	PAR	EPI/EPC	850179.jpeg
850180	BOTA,SEG,BORRACHA,PRETA,37,EMS05	PAR	EPI/EPC	850180.jpeg
850181	BOTA,SEG,BORRACHA,PRETA,38,EMS05	PAR	EPI/EPC	850181.jpeg
850182	BOTA-SEG-BORRACHA-PRETA-39-EMS05	PAR	EPI/EPC	850182.jpeg
850190	LUVA VAQUETA-SEG COURO-PUNH CT-10-EMS28	PAR	EPI/EPC	850190.jpeg
850200	BOTA,SEG,COURO,SOLADO PU,PRETA,45,EMS06	PAR	EPI/EPC	850200.jpeg
850204	DETETOR,TENSAO100V-1KVSON/LUMINEMS-32 I	UN	FERRAMENTAS	850204.jpeg
850209	CAPACETE SEG.II ABA FRONTAL 38MM	PC	EPI/EPC	850209.jpeg
850211	ÓCULOS,SEG.C/LENTES INCOLORES-TAM.48	PC	EPI/EPC	850211.jpeg
850246	CABEÇOTE,ADAPTADORABRIR CHAVE/ICCEMS34	UN	FERRAMENTAS	850246.jpeg
850247	OCULOS,SEG,SOBREPOR,LENTE AMARELA,EMS33	PC	EPI/EPC	850247.jpeg
850253	BOTA,SEG,BORRACHA,PRETA,35,EMS05	PAR	EPI/EPC	850253.jpeg
850274	PROTETOR SOLAR LUVEX FPS 60-120G C/ REP.	UN	EPI/EPC	850274.jpeg
850296	CINTA ANCORAGEM REGULAVEL 30/120CM	UN	FERRAMENTAS	850296.jpeg
850312	CONJ PROT,CHUVA,JAQ+CAL,TAM G	CJT	EPI/EPC	850312.jpeg
850313	CONJ PROT,CHUVA,JA+CAL,TAM GG,HSE-19-129	CJT	EPI/EPC	850313.jpeg
850314	CONJ PROT,CHUVA,JAQ+CAL,TAM M,HSE-19-129	CJT	EPI/EPC	850314.jpeg
850315	CONJ PROT,CHUVA,JAQ+CAL,TAM P,HSE-19-129	CJT	EPI/EPC	850315.jpeg
850316	CONJ PROT,CHUVA,JAQ+CALTAM EG,HSE-19-129	CJT	EPI/EPC	850316.jpeg
850317	BANQUETA,ISOLANTE,FIBRA DE VIDRO ANTI-DE	UN	FERRAMENTAS	850317.jpeg
850318	CAIXA,PRIMEIROS SOCORROS-CONJ,TIPO 1	UN	EPI/EPC	850318.jpeg
850319	CALCA,RET-CHAMA,TAM PP(34-36),HSE-17-055	UN	UNIFORME	850319.jpeg
850320	CALÇA RETARDANTE ANTI CHAMA P	UN	UNIFORME	850320.jpeg
850321	CALÇA RETARDANTE ANTI CHAMA M	UN	UNIFORME	850321.jpeg
850322	CALÇA RETARDANTE ANTI CHAMA G	UN	UNIFORME	850322.jpeg
850323	CALÇA RETARDANTE ANTI CHAMA GG	UN	UNIFORME	850323.jpeg
850330	CAMISA,RET-CHAMA,LONG G(52-54)HSE-17-055	UN	UNIFORME	850330.jpeg
850331	CAMISA RETARDANTE ANTI CHAMA GG - XG	UN	UNIFORME	850331.jpeg
850332	CAMISA RETARDANTE ANTI CHAMA  M	UN	UNIFORME	850332.jpeg
850333	LENCOL, BORRACHA ISOLANTE, BT CLASS(USD)	UN	FERRAMENTAS	850333.jpeg
850336	CAMISA RETARDANTE ANTI CHAMA  P	UN	UNIFORME	850336.jpeg
850360	FURADEIRA,ELETRICA,PORTATIL,220V,40	UN	FERRAMENTAS	850360.jpeg
850377	BOTINA,COURO,C/CAD,N°46,HSE-19-0131-EDGO	UN	EPI/EPC	850377.jpeg
850378	TOUCA PROT BALACLAVA/2OR MALHA CRU TAM U	UN	EPI/EPC	850378.jpeg
850386	HASTE ATERRAMENTO GALVANIZADA, DED-1944	PC	FERRAGEM ESPECIAL	850386.jpeg
850387	HASTE ATERRAMENTO COBREADA, DED-1945 R.3	PC	FERRAGEM	850387.jpeg
850388	ETIQUETA IDENTIFICADORA N°0,DED-1862I1R2	PC	MATERIAL GERAL	850388.jpeg
850389	ETIQUETA IDENTIFICADORA N°1,DED-1862I2R2	PC	MATERIAL GERAL	850389.jpeg
850390	ETIQUETA IDENTIFICADORA N°2,PM-1862I3R3	PC	MATERIAL GERAL	850390.jpeg
850391	ETIQUETA IDENTIFICADORA N°3,DED-1862I4R2	PC	MATERIAL GERAL	850391.jpeg
850392	ETIQUETA IDENTIFICADORA N°4,DED-1862I5R2	PC	MATERIAL GERAL	850392.jpeg
850393	ETIQUETA IDENTIFICADORA N°5,DED-1862I6R2	PC	MATERIAL GERAL	850393.jpeg
850394	ETIQUETA IDENTIFICADORA N°6,DED-1862I7R2	PC	MATERIAL GERAL	850394.jpeg
850395	ETIQUETA IDENTIFICADORA N°7,DED-1862I8R2	PC	MATERIAL GERAL	850395.jpeg
850396	ETIQUETA IDENTIFICADORA N°8,DED-1862I9R2	PC	MATERIAL GERAL	850396.jpeg
850397	ETIQUETA IDENTIFICADORA N°9,DED1862I10R2	PC	MATERIAL GERAL	850397.jpeg
850412	SELO,SEGURTIPO II CINZA PM1992 I7 R7	PC	MATERIAL DE SEGURANÇA	850412.jpeg
850414	SELO-SEGUR-TIPO II- VERDE- PM1992 I9 R6	PC	MATERIAL DE SEGURANÇA	850414.jpeg
850415	PROTETOR FACIAL INCOLOR RISCO ELÉTRICO	PC	EPI/EPC	850415.jpeg
850444	TRAVA-QUEDA,P/CORDAS,TRAB ALT,HSE-19-128	UN	EPI/EPC	850444.jpeg
850445	PICARETA,SEM CABO,MARCA CLUCH	UN	FERRAMENTAS	850445.jpeg
850453	LUVA SEG AT BORR,9,0" CL2 17KV,HSE20-216	PAR	EPI/EPC	850453.jpeg
850454	LUVA SEG AT BORR,9,5" CL2 17KV,HSE20-216	PAR	EPI/EPC	850454.jpeg
850455	LUVA SEG AT BOR,10" CL2 17KV,HSE20-216	PAR	EPI/EPC	850455.jpeg
850459	CARNEIRA, REGULAVEL, P/CAPACETE V-G	UN	EPI/EPC	850459.jpeg
850463	BOLSA, GUARDA-LUVAS ISOLANTE LONA I	UN	FERRAMENTAS	850463.jpeg
850465	BALDE, LONA FIO 10 IMPERMEAVEL ALT	UN	FERRAMENTAS	850465.jpeg
850466	BOTINA,COURO,C/CAD,N°37,HSE-19-0131-EDGO	PAR	EPI/EPC	850466.jpeg
850467	BOTINA,COURO,C/CAD,N°38,HSE-19-0131-EDGO	PAR	EPI/EPC	850467.jpeg
850468	BOTINA,COURO,C/CAD,N°39,HSE-19-0131-EDGO	PAR	EPI/EPC	850468.jpeg
850469	BOTINA,COURO,C/CAD,N°40,HSE-19-0131-EDGO	PAR	EPI/EPC	850469.jpeg
850470	BOTINA,COURO,C/CAD N°42,HSE-19-0131-EDGO	PAR	EPI/EPC	850470.jpeg
850471	BOTINA,COURO,C/CAD,N°43,HSE-19-0131-EDGO	PAR	EPI/EPC	850471.jpeg
850472	CONE, SINALIZACAO, PVC FLEXIVEL LAR	UN	EPI/EPC	850472.jpeg
850473	PRENDEDOR, PARA UTILIZ EM COBERTURA	UN	EPI/EPC	850473.jpeg
850474	LUVA ISOL. BORR.,10",CL0, 1KV, ET-HS-216	PAR	EPI/EPC	850474.jpeg
850476	LUVA ISOL. BORR.,9", CL0, 1KV, ET-HS-216	UN	EPI/EPC	850476.jpeg
850478	LUVA ISOL. BORR.,10,5",CL0,1KV,ET-HS-216	UN	EPI/EPC	850478.jpeg
850485	PLACA, SINALIZACAO, FIBRA DE VIDRO,	UN	EPI/EPC	850485.jpeg
850487	CONE,SINALIZACAO,BORRAC,LJ/BR REFL,750MM	UN	EPI/EPC	850487.jpeg
850488	LUVA,PROTECAO COBERTURA,TAM. P	PAR	EPI/EPC	850488.jpeg
850490	LUVA,PROTECAO COBERTURA,TAM. G	PAR	EPI/EPC	850490.jpeg
850491	LUVA ISOL.BORR,10" CL4 36KV,ET-HS-216	UN	EPI/EPC	850491.jpeg
850492	BOLSA, PARA FERRAMENTAS, LONA VERDE	UN	FERRAMENTAS	850492.jpeg
850497	LUVA,PROTECAO COBERTURA,TAM. M	PAR	EPI/EPC	850497.jpeg
850498	BOTINA,COURO,C/CAD,N°44,HSE-19-0131-EDGO	PAR	EPI/EPC	850498.jpeg
850502	LUVA SEG AT BOR,10,5" CL2 17KV,HSE20-216	PAR	EPI/EPC	850502.jpeg
850508	LUVA ISOL.BORR,12" CL4 36KV,ET-HS-216	UN	EPI/EPC	850508.jpeg
850509	LUVA SEG AT BOR,9,0" CL4 36KV,HSE20-216	PAR	EPI/EPC	850509.jpeg
850510	LUVA SEG AT BOR,9,5" CL4 36KV,HSE20-216	PAR	EPI/EPC	850510.jpeg
850511	MACACAO, SEG. APICULTOR,TAM. G	CJT	EPI/EPC	850511.jpeg
850514	ATERRAMENTO RAPIDO, REDE SECUNDARIA FP	PC	FERRAMENTAS	850514.jpeg
850516	LONA,PLAST 2X2,EQ/FERR SOLO,LA/PR,HSE-19-128	M	EPI/EPC	850516.jpeg
850521	CORDA, SEGURANCA ESTATICA, POLIAMID	M	FERRAMENTAS	850521.jpeg
850522	MOSQUETAO,CINT.PQDT,PERA,3TRAV,ET-HS-128	UN	FERRAMENTAS	850522.jpeg
850523	TALABARTE,SEG,POSICIONAMENTO,HSE-19-128	UN	EPI/EPC	850523.jpeg
850525	CONJ,TRAB ALTURA,P/POSTES,N:1,HSE-19-128	CJT	EPI/EPC	850525.jpeg
850527	CONJ,TRAB ALTURA,P/POSTES,N:2,HSE-19-128	CJT	EPI/EPC	850527.jpeg
850528	LUVA ISOL.BORR,11" CL4 36KV,ET-HS-216	UN	EPI/EPC	850528.jpeg
850532	FITA, SINALIZACAO AREA, REFLETIVA 5	PC	EPI/EPC	850532.jpeg
850533	MANGA ISOLANTE CLASSE 4 - 40KV	PAR	EPI/EPC	850533.jpeg
850537	LUVA ISOL. BORR.,9,5",CL0,1KV, ET-HS-216	UN	EPI/EPC	850537.jpeg
850541	LUVA SEG AT BOR,11" CL2 17KV,HSE20-216	PAR	EPI/EPC	850541.jpeg
850542	LUVA, ISOLANTE, BORRACHA CL 1-AT US	PAR	EPI/EPC	850542.jpeg
850543	MANGA ISOLANTE DE BORRACHA CLASSE 2	UN	EPI/EPC	850543.jpeg
850545	MOSQUETAO,CINTURAO PQDT,TIPO D,ET-HS-128	PC	EPI/EPC	850545.jpeg
850546	MOSQUETAO,CINT.PQDT,PERA,3TRAV,ET-HS-128	EA	FERRAMENTAS	850546.jpeg
850547	GANCHO,P/CARRETILHA DUPLA ACAO,ET-HS-128	PC	EPI/EPC	850547.jpeg
850548	FITA,ANCORAGEM,TRANSPOSIC,1,5M,ET-HS-128	UN	EPI/EPC	850548.jpeg
850549	FITA,ANCORAGEM,TRANSPOSIC,1,2M,ET-HS-128	UN	EPI/EPC	850549.jpeg
850550	FITA,ANCORAGEM,ABSOR,1,2M,25KN,ET-HS-128	UN	EPI/EPC	850550.jpeg
850551	FITA,ANCORAG,ANEL C/OLHAL,2,0M,ET-HS-128	UN	EPI/EPC	850551.jpeg
850552	FITA,ANCORAG,ANEL C/OLHAL,1,5M,ET-HS-128	UN	EPI/EPC	850552.jpeg
850553	DISPOSITIVO,ANCORAGEM,FECH,PEQ,ET-HS-128	EA	FERRAMENTAS	850553.jpeg
850554	DISPOSITIVO,ANCORAG.FECH,MÉDIO,ET-HS-128	EA	FERRAMENTAS	850554.jpeg
850557	CORDA,P/CARRETIL,25M,12MM,ANEL,ET-HS-128	UN	EPI/EPC	850557.jpeg
850559	CINTURAO,SEG,PQDT,LINHAVIVA,N2,ET-HS-128	PC	EPI/EPC	850559.jpeg
850560	CINTURAO,SEG,PQDT,LINHAVIVA,N1,ET-HS-128	PC	EPI/EPC	850560.jpeg
850561	CINTURAO,SEG TIP PARA-QUED,N1, ET-HS-128	PC	EPI/EPC	850561.jpeg
850562	CARRETILHA,DUPLA ACAO,C/ CORDA,ET-HS-128	PC	EPI/EPC	850562.jpeg
850563	AGULHÃO P/ ANCOR.LINHA DE VIDA,ET-HS-128	PC	EPI/EPC	850563.jpeg
850565	LUVA DE TATO, TAMANHO M, 6 KGF,ET-HS-218	PAR	EPI/EPC	850565.jpeg
850566	LUVA DE SUEDINE,SEM COST,TAM.G,ET-HS-218	PAR	EPI/EPC	850566.jpeg
850567	LUVA DE TATO, TAMANHO P, 6 KGF,ET-HS-218	PR	PADRÃO	850567.jpeg
850568	LUVA DE SUEDINE,SEM COST,TAM.M,ET-HS-218	PAR	EPI/EPC	850568.jpeg
850602	ATERRAMENTO,RAPID,RD COMPACT,HSE-19-0189	CJT	FERRAMENTAS	850602.jpeg
850603	ATERRAMENTO,RAPID,RD PR TRIF,HSE-19-0189	CJT	FERRAMENTAS	850603.jpeg
850611	HASTE ATERRAMENTO-ACO CU-5/8POL-PM1945I2	PC	FERRAGEM	850611.jpeg
850632	BOTA SEG. DE COURO SOLADO PU PRETA - 35 SEM	PAR	EPI/EPC	850632.jpeg
850634	AVISO DE RISCO ELETRICODQN-2155 R2	PC	MATERIAL GERAL	850634.jpeg
850635	AVISO DE PERIGO DE VIDA 	PC	MATERIAL GERAL	850635.jpeg
850638	CINTA,ANCORAGEMPOLIESTER 550MMEMS34	UN	FERRAMENTAS	850638.jpeg
850639	CINTA,ANCORAGEMPOLIESTER2000MMEMS34	UN	EPI/EPC	850639.jpeg
850640	CINTA,ANCORAGEMPOLIESTER1500MMEMS34	UN	FERRAMENTAS	850640.jpeg
850646	BANDEIROLA SINAL.VINIL VERMELHA C/ BOTÃO	UN	FERRAMENTAS	850646.jpeg
850659	DESCENSOR CORD BLOC ALUM 9-11MM 150KGF	UN	DIVERSOS	850659.jpeg
850675	SERROTE, PARA MADEIRA, 600 MM-24 PO	UN	FERRAMENTAS	850675.jpeg
850676	LONA,PLASTICA,PARA ACONDICIONAMENTO DE E	UN	FERRAMENTAS	850676.jpeg
850681	DETECTOR TENSAO C/SINAL SON/LUM 1000VAC	UN	FERRAMENTAS	850681.jpeg
850682	FITA SINALIZAÇÃO 220.15.0	M	MATERIAL GERAL	850682.jpeg
850684	SERRA, PODAR GALHOS LINHA VIVA, C/E	UN	FERRAMENTAS	850684.jpeg
850685	BOTINA,COURO,C/CAD,N°41,HSE-19-0131-EDGO	PAR	EPI/EPC	850685.jpeg
850687	BOTINA,COURO,C/CAD,N°36,HSE-19-0131-EDGO	UN	EPI/EPC	850687.jpeg
850696	CINTURAO,SEG TIP PARA-QUED,N2,HSE-19-128	UN	EPI/EPC	850696.jpeg
850697	CONJUNTO,EQUIP. RESGATE AEREO,HSE-19-128	CJT	EPI/EPC	850697.jpeg
850699	PERNEIRA, SEGURANCA, P/USO AREAS RU	PAR	EPI/EPC	850699.jpeg
850700	CORDA,SEMIEST,30M,11MM,LARANJA,ET-HS-128	M	FERRAMENTAS	850700.jpeg
850703	LUVA SEG AT BORR,8,0" CL2 17KV,HSE20-216	PAR	EPI/EPC	850703.jpeg
850714	CONJ ATERRAMENTO PARA VEÍCULO	UN	FERRAMENTAS	850714.jpeg
850716	COBERTURA,ISOL,FLEX,17KV CL 2	UN	FERRAMENTAS	850716.jpeg
850723	SUPER CONE, SINALIZAÇÃO VIÁRIA	UN	EPI/EPC	850723.jpeg
850724	SENSOR FADIGA MOTORISTA I-VUE D10 TENS	CDA	FERRAMENTAS	850724.jpeg
850725	GARRA WALL	UN	FERRAMENTAS	850725.jpeg
850726	GANCHO PARA BOLSA DE FERRAMENTA TIPO CAN	CDA	FERRAMENTAS	850726.jpeg
850732	Lençol de borracha isolante de 15kv inte	UN	FERRAMENTAS	850732.jpeg
850734	PLACA DE SINALIZAÇÃO "ATENÇÃO - HOMENS T	UN	EPI/EPC	850734.jpeg
850737	BOTINA,COURO,C/CAD,N°46	PAR	EPI/EPC	850737.jpeg
850738	CAMISA,RETARDANTE-CHAMA,LONG XGG	EA	UNIFORME	850738.jpeg
850739	CALCA,RETARD-CHAMA, TAM XGG	EA	UNIFORME	850739.jpeg
850740	PLACA DE ADVERTÊNCIA (SINALIZAÇÃO PARA P	UN	EPI/EPC	850740.jpeg
850743	SINALIZADOR LUMINOSO PARA CONE	UN	EPI/EPC	850743.jpeg
850745	DETECTOR AUSENCIA TENSAO 1-40KV	CDA	FERRAMENTAS	850745.jpeg
850750	CALÇO, PARA POSTE TIPO 2, - MAT-OMBR-NOMC	EA	MATERIAL GERAL	850750.jpeg
850751	CALÇO, PARA POSTE TIPO 1, - MAT-OMBR-NOM	EA	DIVERSOS	850751.jpeg
850752	PROT BORR LENÇOL C/ VELCRO CL 0 450X1000	EA	FERRAMENTAS	850752.jpeg
850755	BOTINA MANOBREIRO, TAM 35, ET-HS-131	PAR	EPI/EPC	850755.jpeg
850758	BOTINA MANOBREIRO, TAM 46, ET-HS-131	PAR	EPI/EPC	850758.jpeg
850759	BOTINA MANOBREIRO, TAM 45, ET-HS-131	PAR	EPI/EPC	850759.jpeg
850760	BOTINA MANOBREIRO, TAM 44, ET-HS-131	PAR	EPI/EPC	850760.jpeg
850761	BOTINA MANOBREIRO, TAM 43, ET-HS-131	PAR	EPI/EPC	850761.jpeg
850762	BOTINA MANOBREIRO, TAM 42, ET-HS-131	PAR	EPI/EPC	850762.jpeg
850763	BOTINA MANOBREIRO, TAM 41, ET-HS-131	PAR	EPI/EPC	850763.jpeg
850764	BOTINA MANOBREIRO, TAM 40, ET-HS-131	PAR	EPI/EPC	850764.jpeg
850765	BOTINA MANOBREIRO, TAM 39, ET-HS-131	PAR	EPI/EPC	850765.jpeg
850766	BOTINA MANOBREIRO, TAM 38, ET-HS-131	PAR	EPI/EPC	850766.jpeg
850767	BOTINA MANOBREIRO, TAM 37, ET-HS-131	PAR	EPI/EPC	850767.jpeg
850768	BOTINA MANOBREIRO, TAM 36, ET-HS-131	PAR	EPI/EPC	850768.jpeg
850789	CONJUNTO RESGATE CESTO AÉREO,ET-HS-128	EA	EPI/EPC	850789.jpeg
850792	BALACLAVA FR, ABA,TAM M,ET-HS-113	EA	EPI/EPC	850792.jpeg
850793	BALACLAVA FR, ABA,TAM G,ET-HS-113	PC	EPI/EPC	850793.jpeg
850802	COLETE REFLETIVO COR LARANJA TAM G	EA	EPI/EPC	850802.jpeg
850803	COLETE REFLETIVO COR LARANJA TAM M	EA	EPI/EPC	850803.jpeg
850805	FITA SINALIZAÇÃO IMANTADA ROTA DE FUGA	EA	EPI/EPC	850805.jpeg
850806	FITA SINALIZACAO COM RECOLHEDOR, LARANJA	EA	MATERIAL GERAL	850806.jpeg
850807	PROTETOR AUDITIVO,3 FLANGES,COM CORDAO	UN	EPI/EPC	850807.jpeg
850808	COLETE REFLETIVO COR LARANJA TAM P	EA	EPI/EPC	850808.jpeg
850809	CALÇA MALHA FR, RISCO 2,TAM P, ET-HS-55	EA	EPI/EPC	850809.jpeg
850810	CALÇA MALHA FR, RISCO 2, TAM G, ET-HS-55	EA	EPI/EPC	850810.jpeg
850812	JAQUETA FR, RISCO 2,TAM PET-HS-55	EA	EPI/EPC	850812.jpeg
850813	JAQUETA FR, RISCO 2,TAM M ET-HS-55	EA	EPI/EPC	850813.jpeg
850814	CALÇA MALHA FR, RISCO 2, TAM GG, ET-HS-5	EA	EPI/EPC	850814.jpeg
850815	JAQUETA FR, RISCO 2,TAM G ET-HS-55	EA	EPI/EPC	850815.jpeg
850816	CALÇA MALHA FR, RISCO 2,TAM M, ET-HS-55	EA	EPI/EPC	850816.jpeg
850853	PROTETOR FACIAL,CA 46765,LEDAN,ET-HS-311	EA	PADRÃO	850853.jpeg
850880	JAQUETA FR, RISCO 2,TAM GGET-HS-55	EA	EPI/EPC	850880.jpeg
850886	JAQUETA FR, RISCO 2,TAM XGET-HS-55	EA	EPI/EPC	850886.jpeg
850962	JOGO,CHAVE SOQUETE12-32POL	UN	FERRAMENTAS	850962.jpeg
850968	BANDEIROLA,SINALIZLARANJA FOSF40x30cm	PC	EPI/EPC	850968.jpeg
850979	CHAVE ALLEN (JOGO)	PZ	FERRAMENTAS	850979.jpeg
850998	CARNEIRA CAPAC MAXTGARD MSA PEBD CATR	UN	EPI/EPC	850998.jpeg
851010	CASACO CINZA S/RETARD. P-44-46 EMS 78	UN	EPI/EPC	851010.jpeg
851011	CASACO CINZA S/RETARD. M-48-50 EMS 78	UN	EPI/EPC	851011.jpeg
851012	CASACO CINZA S/RETARD. G-52-54 EMS 78	UN	EPI/EPC	851012.jpeg
851013	CASACO CINZA S/RETARD. GG-56-58 EMS 78	UN	EPI/EPC	851013.jpeg
851014	CAMISA SEM RETARDANTE CHAMAS Nº 03 EMS74	PC	UNIFORME	851014.jpeg
851015	CAMISA SEM RETARDANTE CHAMAS Nº 04 EMS74	PC	UNIFORME	851015.jpeg
851016	CAMISA SEM RETARDANTE CHAMAS Nº 05 EMS74	PC	UNIFORME	851016.jpeg
851017	CAMISETA POLO M/C MASC. GOLA POLO C/ PE E CINZA GG	UN	UNIFORME	851017.jpeg
851018	LUVA DE BOR. ISOLANTE 7500KV TAM. 10,5	PAR	EPI/EPC	851018.jpeg
851023	PROTETOR SOLAR FATOR 60FPS C/REP 120G	UN	EPI/EPC	851023.jpeg
851038	CHAVE SEG,MED.CLIENTES GRUPO A,DQN-2009	PZ	MATERIAL DE SEGURANÇA	851038.jpeg
851045	MARCO,SINALIZAÇÃO,HORIZ,QUAD,RJ,D317.05	PZ	PVC	851045.jpeg
851046	SACOLA,VARA TELESCOPICA,7 EL,HSE-19-128	UN	FERRAMENTAS	851046.jpeg
851092	CINTA,AMARRACAO CARGA,C/CATRAC 50MMX9 4T	UN	EPI/EPC	851092.jpeg
860211	FITA ISOL.ELETRICA AT-0,76MM-19MMX10M	PC	MATERIAL GERAL FEFO	860211.jpeg
860333	FITA, ISOLANTE PLASTICA VINIL 0,18MMX19M	PC	MATERIAL GERAL FEFO	860333.jpeg
860337	SELO,SEGURANÇA,TIPO II,VERMELHO,D19044.0	PC	MATERIAL DE SEGURANÇA	860337.jpeg
860339	SELO,SEGURANÇA,TIPO II,LILÁS,D190.44.0	PC	MATERIAL DE SEGURANÇA	860339.jpeg
860342	FITA,ISOL,ADE,PRETA,19MMX20M,PM-BR220.01	RLL	MATERIAL GERAL	860342.jpeg
860343	FITA,ISOL,ADE,AZUL,19MMX20M,PM-BR220.01	RLL	MATERIAL GERAL	860343.jpeg
860344	FITA,ISOL,AUTOFUS,19MMX10M,PM-BR220.02	PC	MATERIAL GERAL	860344.jpeg
880002	BASTAO ISOL TALHA 32X 407MM	UN	FERRAMENTAS	880002.jpeg
880060	DESENGRIPANTE LUB. SPRAY 300ML	UN	FERRAMENTAS	880060.jpeg
880074	HIPORCLOR DICLORO ESTABILIZADO GRANULADO	KG	DIVERSOS	880074.jpeg
880075	ESTROPO, NYLON 800MM CARGA TRAB 454	UN	EPI/EPC	880075.jpeg
890014	CAMISA SOCIAL MASCULINA M/L AZUL P.:SEM GTIN	UN	UNIFORME	890014.jpeg
890015	CAMISA SOCIAL MASCULINA M/L AZUL M.:SEM GTIN	UN	UNIFORME	890015.jpeg
890016	CAMISA SOCIAL MASCULINA M/L AZUL G.:SEM GTIN	UN	UNIFORME	890016.jpeg
890018	CAMISA SOCIAL MASCULINA M/L AZUL GG.:SEM GTIN	UN	UNIFORME	890018.jpeg
890019	CAMISA SOCIAL MASCULINA M/L AZUL XG.:SEM GTIN	UN	UNIFORME	890019.jpeg
890036	CAMISETA POLO M/C MASC. GOLA POLO C/ PE E CINZA XG	UN	UNIFORME	890036.jpeg
890039	COLETE, FISCALIZACAO, BRIM LEVE, AZ	UN	EPI/EPC	890039.jpeg
890040	BARREIRA DE NEW JERSEY	UN	FERRAMENTAS	890040.jpeg
890041	CINTO OPERACIONAL MASCULINO ET HS 55	EA	FERRAMENTAS	890041.jpeg
890042	CAMISETA MALHA FR R2 ML TAM GG ET HS 55	EA	UNIFORME	890042.jpeg
890043	CAMISETA MALHA FR R2 ML TAM M  ET HS 55	EA	UNIFORME	890043.jpeg
890044	CAMISETA MALHA FR R2 ML TAM P ET HS 55	EA	EPI/EPC	890044.jpeg
890046	CAMISETA MALHA FR R2 ML TAM G ET HS 55	EA	UNIFORME	890046.jpeg
890047	CAMISETA MC ALGODAO TAM GG ET HS 55	EA	UNIFORME	890047.jpeg
890048	CAMISETA MC ALGODAO TAM M ET HS 55	EA	UNIFORME	890048.jpeg
890049	CAMISETA MC ALGODAO TAM P ET HS 55	EA	UNIFORME	890049.jpeg
890050	CAMISETA MC ALGODAO TAM G ET HS 55	EA	UNIFORME	890050.jpeg
890051	CAMISETA MALHA FR R2 ML TAM PP ET HS 55	EA	EPI/EPC	890051.jpeg
890053	JAQUETA MASC MFIBR CZ TAM 52/54	UN	EPI/EPC	890053.jpeg
910001	GARRAFA TÉRMICA _ LITROS 5 _ TRANSPORTE	UN	FERRAMENTAS	910001.jpeg
910003	MAT-HSEQ-HeS-21-0209-EDSP - Câmeras de M	EA	PADRÃO	910003.jpeg
910067	ENVELOPE,SACO ACONDICIONAMENTO MEDIDOR M	UN	MATERIAL DE SEGURANÇA	910067.jpeg
910099	ESCOVA, CABO E ESCOVA DUPLA EM FORM	UN	FERRAMENTAS	910099.jpeg
910109	CAVALETE	UN	FERRAGEM	910109.jpeg
910128	REFRIGERADOR, CAPACIDADE 310 L          	UN	MATERIAL GERAL	910128.jpeg
910180	GARRAFA, TERMICA, REVESTIMENTO PLAS	UN	DIVERSOS	910180.jpeg
910384	BINÓCULO VANGUARD 12X50MM	UN	FERRAMENTAS	910384.jpeg
910400	ENVELOPE SEG PP CRIS TARJA 405X485MM    	PC	MATERIAL DE SEGURANÇA	910400.jpeg
9900000068	PINCEL MARCADOR QUADRO BR AZ INDIV	UN	FERRAMENTAS	9900000068.jpeg
9900000190	APAGADOR QUADRO BRANCO PLASTICO AZ IND	UN	FERRAMENTAS	9900000190.jpeg
9900000194	TINTA, SPRAY COR PRETA	UN	FERRAMENTAS	9900000194.jpeg
9900000225	BATERIAS	UN	BATERIA	9900000225.jpeg
9900000277	PILHAS	UN	PADRÃO	9900000277.jpeg
9900000319	PINCEL MARCADOR QUADRO BR VM INDIV	UN	FERRAMENTAS	9900000319.jpeg
9900000320	PINCEL MARCADOR QUADRO BR PT INDIV	UN	FERRAMENTAS	9900000320.jpeg
9900000337	FILTRO DE PAPELÃO P/ ÓLEO 90MM	UN	FERRAMENTAS	9900000337.jpeg
9900000455	LOGO AMPLA 8,5 CM X 11 CM	PC	MATERIAL GERAL	9900000455.jpeg
9900000492	CARREGADOR PILHA AA-AAA BAT IMPUT 110VCA	UN	PADRÃO	9900000492.jpeg
9900000513	COLHER DE PEDREIRO	UN	FERRAMENTAS	9900000513.jpeg
9900000515	PRANCHETA DE MÃO	UN	FERRAMENTAS	9900000515.jpeg
9900000545	GERADORES DIESEL	UN	DIVERSOS	9900000545.jpeg
9900000658	CONECTOR DB9(LEITURA)	PC	MATERIAL GERAL	9900000658.jpeg
9900000760	VISEIRA PROT FACIAL-CL RISCO II	PC	EPI/EPC	9900000760.jpeg
9900000820	FITA ADESIVA	UN	PADRÃO	9900000820.jpeg
9900000824	ROLDANA LANC DE CONDUTORES DE MT E BT	UN	FERRAMENTAS	9900000824.jpeg
9900001140	BATERIA ESTENDIDA P/IMPRESSORA-FAT. IMED	UN	BATERIA	9900001140.jpeg
9900001510	TINTA SPRAY AMARELO	UN	FERRAMENTAS	9900001510.jpeg
9900001553	OLEO LUB. 15W 40/01LT.MOBIL	UN	FERRAMENTAS	9900001553.jpeg
9900002026	TALHADEIRA,ACO,25 X 150MM (1 X 6") 	PC	FERRAMENTAS	9900002026.jpeg
9900002499	CHAVE COMB JG 15PC PLA ACO CR 6-32MM	UN	FERRAMENTAS	9900002499.jpeg
9900002629	FITA SINALIZAÇÃO C/ CARRETEL 40MT	UN	EPI/EPC	9900002629.jpeg
9900002917	LED CLA60 PROCEL 8W 6500K 850lm BIV E27	PC	MATERIAL GERAL	9900002917.jpeg
9900002926	SISTEMA SCADA ELIPSE MICROREDES	UN	DIVERSOS	9900002926.jpeg
9900003503	TRENA DE FIBRA 20M	UN	FERRAMENTAS	9900003503.jpeg
9900003505	Serra copo 3/4"	PC	FERRAMENTAS	9900003505.jpeg
9900003573	TRIPE	UN	FERRAMENTAS	9900003573.jpeg
9900003878	COLETE REFLET TIPO FAIXA COR VERMELHA-FP	UN	EPI/EPC	9900003878.jpeg
9900004243	PERFURATRIZES HIDRÁULICAS COM BROCAS HEL	UN	FERRAMENTAS	9900004243.jpeg
9900004348	CAMERA,VEIC,P/MONIT,129X50X35MM,XDRIVEN	UN	MATERIAL DE SEGURANÇA	9900004348.jpeg
9900004416	ATERRAMENTO PARA VIATURA COM 7 METROS	UN	EPI/EPC	9900004416.jpeg
9900004417	BASTAO MOV POSTE TIRANTE 1200MM,NTS01-21	UN	FERRAMENTAS	9900004417.jpeg
9900004418	BASTAO TRACAO OLHAL/GANCHO,NTS 001-21HS	UN	FERRAMENTAS	9900004418.jpeg
9900004420	BASTAO GARRA FB VIDRO 38X2670MM,NTS01-21	UN	FERRAMENTAS	9900004420.jpeg
9900004421	BASTAO P/ TALHA E MOITAO C/ OLHAL 32X380MM ISOLANT	UN	FERRAMENTAS	9900004421.jpeg
9900004422	PA BICO ACO CARB 330X290MM,NTE-G-008-17	UN	FERRAMENTAS	9900004422.jpeg
9900004423	CAIXA FERRAM CACAMBA FIBR 500X170X185MM	UN	FERRAMENTAS	9900004423.jpeg
9900004424	ESTROPO POLIAMIDA 1200MM 670KGF	UN	FERRAMENTAS	9900004424.jpeg
9900004425	ESTROPO DE NYLON 500MM	UN	EPI/EPC	9900004425.jpeg
9900004427	DETECTOR DE AUSÊNCIA DE TENSÃO 5 A 40KV	UN	EPI/EPC	9900004427.jpeg
9900004428	COBERTURA FLEXÍVEL DE CONDUTOR DE 15KV, 70MM (MANG	UN	EPI/EPC	9900004428.jpeg
9900004429	COBERTURA BORRACHA TIPO MANGUEIRA CL4 C/CONECTOR 3	PC	FERRAMENTAS	9900004429.jpeg
9900004430	COBERT,ISO,CIR,30KV,CL3,150X300MM,NTS-22	UN	FERRAMENTAS	9900004430.jpeg
9900004432	COBERT,ISO,CIR,30KV,CL3,150X600MM,NTS-21	UN	FERRAMENTAS	9900004432.jpeg
9900004433	COBERT,ISO,RIG,30KV,CL3,150X1200MM,NTS21	UN	MATERIAL GERAL	9900004433.jpeg
9900004434	COBERTURA RIGIDA PARA CONDUTOR 24 KV LEAL (1525x39	PC	FERRAMENTAS	9900004434.jpeg
9900004435	CRUZETA,AUXILIAR,64MM X 2,83M,NTS001-21	UN	FERRAMENTAS	9900004435.jpeg
9900004436	LENCOL,ISOL,36KV,CL4,3ENTRALHES,NTS02-21	UN	EPI/EPC	9900004436.jpeg
9900004439	MOITAO TRIPL ALUM GANCHO 1/2 " 1589 KG	UN	FERRAMENTAS	9900004439.jpeg
9900004440	LENÇOL ISOLANTE	UN	EPI/EPC	9900004440.jpeg
9900004442	JUMPER C/GRAMPO RG3622-1 200A 4,6M	UN	FERRAMENTAS	9900004442.jpeg
9900004444	JUMPER C/GRAMPO RG3622-1 260A 4,6M	UN	DIVERSOS	9900004444.jpeg
9900004445	JUMPER C/GRAMPO RG3622-1 400A 4,6M	UN	FERRAMENTAS	9900004445.jpeg
9900004448	LENÇOL DE BORRACHA ISOLANTE DE 15 KV INTEIRO (CLAS	UN	EPI/EPC	9900004448.jpeg
9900004449	SINALIZ OBSTACULO FLASH AM 3V	UN	EPI/EPC	9900004449.jpeg
9900004450	CINTA AMARR CARGA PES LJ 1,0T	UN	EPI/EPC	9900004450.jpeg
9900004453	PONTEIRO SEXT C/EMPUNH 16X 254MM	UN	FERRAMENTAS	9900004453.jpeg
9900004454	CALCO BORR 400X280X80MM IND	UN	EPI/EPC	9900004454.jpeg
9900004456	TESTADOR FASES VOLT C/ESC 1-16KV,NTS8-21	UN	FERRAMENTAS	9900004456.jpeg
9900004481	SUPORTE DE BY-PASS	UN	EPI/EPC	9900004481.jpeg
9900004482	MASTRO ICAMENTO CARGA 1,83M 100-250DAN	UN	FERRAMENTAS	9900004482.jpeg
9900004483	COBERTURA RIGIDA PARA CONDUTOR 24 KV LEAL (1525x39	PC	FERRAMENTAS	9900004483.jpeg
9900004509	LENCOL ISOL BORR CL0 330X800MM,NTS002-21	UN	FERRAMENTAS	9900004509.jpeg
9900004686	SERRA LONGO ALCANCE HIDRAULICA	PZ	FERRAMENTAS	9900004686.jpeg
9900004815	KIT CONTENCAO EMERG AMBIENTAL ABSORV LIQ	JG	EPI/EPC	9900004815.jpeg
9900004833	MOTOSSERRA BATERIA 18V SABRE 250MM 2 BL1850B 1 DC1	PZ	FERRAMENTAS	9900004833.jpeg
9900004906	LENCOL ISOL BORR CL2 910X910X3MM,NTS2-21	UN	EPI/EPC	9900004906.jpeg
9900004918	LANTERNABATERIAP CAPACETELED	UN	FERRAMENTAS	9900004918.jpeg
9900005004	KIT COMPLETO MOTOSSERA ELÉTRICA 350mm	PZ	FERRAMENTAS	9900005004.jpeg
9900005031	COBERTURA RIGIDA PARA CONDUTOR 24KV C/ PRESILHA LE	PC	MATERIAL GERAL	9900005031.jpeg
9900005506	FERRAMENTA POLUX	UN	FERRAMENTAS	9900005506.jpeg
9900005512	KIT TRIPE ESTABILIZADOR PARA POSTE	UN	FERRAMENTAS	9900005512.jpeg
9900005515	SUPORTE DESCIDA AO SOLO-PONTO DE ANCORAG	PZ	FERRAMENTAS	9900005515.jpeg
9900005517	SUPORTE DESCIDA AO SOLO-PONTO DE SUSPENS	PZ	FERRAMENTAS	9900005517.jpeg
9900005518	SUPORTE COM ANEIS DE ANCORAGEM LE-5831 	PZ	FERRAMENTAS	9900005518.jpeg
9900005519	DINAMÔMETRO 500 DAN	PZ	FERRAMENTAS	9900005519.jpeg
9900005520	PRENSA TENSI CABO AÉREO (3X50 + 1X50MM²)	PZ	FERRAMENTAS	9900005520.jpeg
9900005521	TENSIONADOR PARA CABO DE AÇO LE-9731	PC	FERRAMENTAS	9900005521.jpeg
9900005523	DINAMÔMETRO 1000 DAN	PZ	FERRAMENTAS	9900005523.jpeg
9900005524	DINAMOMETRO DIGITAL 3000 daN LE-0731/3000	PZ	FERRAMENTAS	9900005524.jpeg
9900005525	PRENSA TENSI CABO AÉREO (3X95 + 1X50MM²)	PZ	FERRAMENTAS	9900005525.jpeg
9900005526	PRENSA TENSI CABO AÉREO (3X150 + 1X50MM²	PC	FERRAMENTAS	9900005526.jpeg
9900005527	SUPORTE GUIA PARA PONTO DE ANCORAGEM LE-2831 	PZ	FERRAMENTAS	9900005527.jpeg
9900005528	SUPORTE GUIA PARA PONTO DE SUSPENSAO LE-5731	PZ	FERRAMENTAS	9900005528.jpeg
9900005529	CAVALETE PARA LEVANTAMENTO DE BOBINAS 7 TON	PZ	FERRAMENTAS	9900005529.jpeg
9900005530	KIT PARA SEPARACAO DA ALMA DE ACO LE-0831 	PZ	FERRAMENTAS	9900005530.jpeg
9900005531	CAMISA PUXAMENTO DE CABO AÇO CARBO (35,95,150 MM²)	PC	FERRAMENTAS	9900005531.jpeg
9900005532	GUINCHO HIDRÁULICO	CJT	FERRAMENTAS	9900005532.jpeg
9900005533	GUINCHO MANUAL CORRENTE 1,5M CAP 1470 daN LE-4731 	PZ	FERRAMENTAS	9900005533.jpeg
9900005534	SUPORTE GUIA COM ROLDANAS MULTIPLAS LE-9631/M 	PZ	FERRAMENTAS	9900005534.jpeg
9900005535	SUPORTE GUIA COM ROLDANAS DUPLAS LE-9631/D 	PZ	FERRAMENTAS	9900005535.jpeg
9900005538	KIT PREPARACAO PARA CABOS LE-8631 	PZ	FERRAMENTAS	9900005538.jpeg
9900005541	CORDA PARA MOVIMENTAÇÃO DE CARGA ROLO	PZ	EPI/EPC	9900005541.jpeg
9900005749	KIT TEST/LOCAL CABO MOVEL MONT VEICULO	UN	FERRAMENTAS	9900005749.jpeg
9900007533	MOITAO,3 ROLD,1/2 POL,CAPACIDADE 900KGF	PAR	FERRAMENTAS	9900007533.jpeg
9900007667	LUVA, PROTECAO, TATO SERVICO LEVE,V	PAR	PADRÃO	9900007667.jpeg
9900007842	MULTÍMETRO DIGITAL	PC	FERRAMENTAS	9900007842.jpeg
9900007851	TRANSFORMADOR TOROID NOJA RC10-1135	UN	DIVERSOS	9900007851.jpeg
9900007996	Chave de Impacto 1/2 Pol  20 V DEWALT	UN	FERRAMENTAS	9900007996.jpeg
9900008055	ISOLANTE PARA CABOS BT DE ATE 35mm²	PZ	FERRAMENTAS	9900008055.jpeg
9900008493	PINO DE ATERRAMENTO TEMPORÁRIO	UN	FERRAMENTAS	9900008493.jpeg
9900008523	CARRINHO DE TRANSPORTE A BATERIA	C39	FERRAMENTAS	9900008523.jpeg
9900008524	ESTABILIZADOR TRIPÉ	C39	FERRAMENTAS	9900008524.jpeg
9900008526	FERRAMENTA HIDRAULICA MULTIFUNCIONAL	C39	FERRAMENTAS	9900008526.jpeg
9900008851	KIT DE INSERSOR (HASTE TERRA)	PZ	FERRAMENTAS	9900008851.jpeg
9900008958	PLACA MED 2 POS SMF ENC ALU 77X300MM	UN	MATERIAL GERAL	9900008958.jpeg
9900009307	Abraçadeira Porta Bandeira Simples	UN	FERRAMENTAS	9900009307.jpeg
9900009785	BOLSA PARA CAPACETE	UN	EPI/EPC	9900009785.jpeg
9900010325	TALCO INDUSTRIAL	KG	MATERIAL GERAL	9900010325.jpeg
9900010335	PRUMO	UN	FERRAMENTAS	9900010335.jpeg
9900010338	COBERTURA BORRACHA T MANGUEIRA 25,4x1372	UN	FERRAMENTAS	9900010338.jpeg
9900010470	SENSOR FADIGA I-VUE SE3 12/24V 70-110CM	UN	FERRAMENTAS	9900010470.jpeg
9900010976	OLEO DE MOTOSERRA	UN	MATERIAL GERAL ESPECIAL	9900010976.jpeg
9900011049	DESEMPENADEIRA PLAST LISA 17x30CM	UN	FERRAMENTAS	9900011049.jpeg
9900011270	CORRENTE PARA MOTOSSERRA DUC 254 MAKITA	UN	PADRÃO	9900011270.jpeg
9900011313	BATERIA ADICIONAL  P/ COLETOR TC56	12	BATERIA	9900011313.jpeg
9900011479	CABO,CONC,0.6/1.0,1x10+6 C,GSCC014/2 SUC	M	COND.ALUM.ISOLADO.SUCATA	9900011479.jpeg
9900011645	CHAVE PHILIPS 1/8X4" ISOL C/ PONTA MAG	UN	FERRAMENTAS	9900011645.jpeg
9900011646	CHAVE PHILIPS 3/16X3" ISOL C/ PONTA MAG	UN	FERRAMENTAS	9900011646.jpeg
9900011647	CHAVE PHILIPS 3/16X6" ISOL C/ PONTA MAG	UN	FERRAMENTAS	9900011647.jpeg
9900011648	CHAVE PHILIPS 1/4X4" ISOL C/ PONTA MAG	UN	FERRAMENTAS	9900011648.jpeg
9900011649	CHAVE PHILIPS 1/4X6" ISOL C/ PONTA MAG	UN	FERRAMENTAS	9900011649.jpeg
9900011650	CHAVE PHILIPS 5/16X6" ISOL C/ PONTA MAG	UN	FERRAMENTAS	9900011650.jpeg
9900011909	PINO P/ ISOLADOR 25KV M16X300X100MM	UN	FERRAGEM	9900011909.jpeg
9900011910	PINO P/ ISOLADOR 25KV M16X206X35MM	UN	FERRAGEM	9900011910.jpeg
9900012009	Módulo SIM-01 NOJA	UN	MATERIAL GERAL ESPECIAL	9900012009.jpeg
9900012105	BARRAMENTO DERIV 350MM² 8P	PEÇ	CONECTORES	9900012105.jpeg
9900012376	RECOLHEDOR P FITA DE SINALIZAÇÃO	UN	FERRAMENTAS	9900012376.jpeg
9900012407	CAMISA SOCIAL TAM P MASCULINO	UN	UNIFORME	9900012407.jpeg
9900012410	CONJUNTO RESGATE CESTO AÉREO	CJT	EPI/EPC	9900012410.jpeg
9900012418	CH. FENDA ISOL. 3/16"X6"	UN	FERRAMENTAS	9900012418.jpeg
9900012421	Ch. Fenda Isol. 5/16"X6"	UN	FERRAMENTAS	9900012421.jpeg
9900012422	Ch. Philips Isol. 1/8"X3"	UN	FERRAMENTAS	9900012422.jpeg
9900012423	Ch. Philips Isol. 1/4"X6"	UN	FERRAMENTAS	9900012423.jpeg
9900012425	CAMISA SOCIAL TAM M MASCULINO	UN	UNIFORME	9900012425.jpeg
9900012426	CAMISA SOCIAL TAM G MASCULINO	UN	UNIFORME	9900012426.jpeg
9900012427	CAMISA SOCIAL TAM GG MASCULINO	UN	UNIFORME	9900012427.jpeg
9900012428	CAMISA SOCIAL TAM EXG MASCULINO	UN	UNIFORME	9900012428.jpeg
9900012429	CASACO TAM P MASCULINO	UN	EPI/EPC	9900012429.jpeg
9900012430	CASACO TAM M MASCULINO	UN	EPI/EPC	9900012430.jpeg
9900012431	CASACO TAM G MASCULINO	UN	EPI/EPC	9900012431.jpeg
9900012432	CASACO TAM GG MASCULINO	UN	EPI/EPC	9900012432.jpeg
9900012433	CASACO TAM EXG MASCULINO	UN	EPI/EPC	9900012433.jpeg
9900012436	CAMISA SOCIAL TAM P FEMININO	UN	UNIFORME	9900012436.jpeg
9900012437	CAMISA SOCIAL TAM G FEMININO	UN	UNIFORME	9900012437.jpeg
9900012438	CAMISA SOCIAL TAM GG FEMININO	UN	UNIFORME	9900012438.jpeg
9900012439	CASACO TAM P FEMININO	UN	EPI/EPC	9900012439.jpeg
9900012440	CASACO TAM G FEMININO	UN	EPI/EPC	9900012440.jpeg
9900012518	KIT de calibração completo para detetcor	UN	FERRAMENTAS	9900012518.jpeg
9900012519	BOMBA ELÉTRICA DE AMOSTRAGEM ALTAIR	UN	FERRAMENTAS	9900012519.jpeg
9900012520	LINHA DE AMOSTRAGEM DE 15 METROS PARA UT	UN	FERRAMENTAS	9900012520.jpeg
9900012521	SUPORTE ELETRONICO CILINDRO MSA GALAXY S	PC	FERRAMENTAS	9900012521.jpeg
9900012522	Carregador de Bateria Multiunidades ALTA	PC	FERRAMENTAS	9900012522.jpeg
9900012523	JOGO DE BROCAS DE VIDEA	JG	FERRAMENTAS	9900012523.jpeg
9900012527	CAMISETA MALHA FR, R2, ML, TAM P, ET-HS	PZ	UNIFORME	9900012527.jpeg
9900012531	CALÇA MALHA FR, RISCO 2, TAM P, ET-HS-55	PZ	UNIFORME	9900012531.jpeg
9900012532	CALÇA MALHA FR, RISCO 2, TAM M, ET-HS-55	PZ	UNIFORME	9900012532.jpeg
9900012534	CALÇA MALHA FR, RISCO 2, TAM GG, ET-HS-5	PZ	UNIFORME	9900012534.jpeg
9900012539	COLETE REFLETIVO, LARANJA, TAM P	PZ	EPI/EPC	9900012539.jpeg
9900012540	COLETE REFLETIVO, LARANJA, TAM M	PZ	EPI/EPC	9900012540.jpeg
9900012541	COLETE REFLETIVO, LARANJA, TAM G	PZ	EPI/EPC	9900012541.jpeg
9900012546	DETECTOR PRESEN CONT,20-80KV,ET-HS-81	UN	FERRAMENTAS	9900012546.jpeg
9900012547	BASTÃO SINALIZADOR ELETRÔNICO	UN	EPI/EPC	9900012547.jpeg
9900012548	JAQUETA FR, RISCO 2,TAM PET-HS-55	PZ	EPI/EPC	9900012548.jpeg
9900012549	JAQUETA FR, RISCO 2,TAM M ET-HS-55	PZ	EPI/EPC	9900012549.jpeg
9900012550	JAQUETA FR, RISCO 2,TAM G ET-HS-55	PZ	EPI/EPC	9900012550.jpeg
9900012551	JAQUETA FR, RISCO2,TAM GGET-HS-55	PZ	EPI/EPC	9900012551.jpeg
9900012552	JAQUETA FR, RISCO2,TAM XGET-HS-55	PZ	EPI/EPC	9900012552.jpeg
9900012553	JAQUETA FR, RISCO2,TAM XXGET-HS-55	PZ	EPI/EPC	9900012553.jpeg
9900012576	PLATAFORMAC/2 PRANCHA FIBRA DE VIDRO	UN	FERRAMENTAS	9900012576.jpeg
9900012581	CABO ISOLADO 0,6/1KV 185MM²	M	CABO	9900012581.jpeg
9900012586	FLIP CHART QUADRO BRANCO 90X60 MADEIRA	UN	FERRAMENTAS	9900012586.jpeg
9900012588	BOLSA PARA CINTO PARAQUEDISTA	UN	EPI/EPC	9900012588.jpeg
9900012602	PROTETOR AURICULAR TIPO PLUGUE, 3 FLANGE	UN	EPI/EPC	9900012602.jpeg
9900012603	FITA IMANTADA PARA ROTA DE FUGA	UN	FERRAMENTAS	9900012603.jpeg
9900012604	CALÇA MALHA FR, RISCO 2, TAM G, ET-HS-55	PZ	UNIFORME	9900012604.jpeg
9900012646	CORDA POLIAMIDA 12MM 2500DAN	M	FERRAMENTAS	9900012646.jpeg
9900012647	CORDA POLIAMIDA D(10MM) PR PARA AMARRAÇÃO	M	FERRAMENTAS	9900012647.jpeg
9900012648	CORDA POLIPROPILENO D(10MM) LJ PARA AMARRAÇÃO	M	FERRAMENTAS	9900012648.jpeg
9900012649	CORDA POLIPROPILENO D(12MM) LJ PARA AMAR	M	FERRAMENTAS	9900012649.jpeg
9900012650	CORDA POLIPROPILENO D(16MM) LJ	M	FERRAMENTAS	9900012650.jpeg
9900012651	ESCADA FIBR-VD SINGELA 4,645M 14 DEGRAUS	UN	FERRAMENTAS	9900012651.jpeg
9900012652	PROTET BORR MANGUEIRA C/ TERM 1900MM CL2	UN	FERRAMENTAS	9900012652.jpeg
9900013238	CAMISA SOCIAL TAM XGG BRANCA SUPERVISOR MASCULINA	UN	UNIFORME	9900013238.jpeg
9900013269	GARRA SUPORTE TRAFO ACO-CAR	PZ	FERRAGEM	9900013269.jpeg
9900013341	MARRETA ACO-CAR FACE(2) 120MM 2KG	UN	FERRAMENTAS	9900013341.jpeg
9900013342	BAINHA DE COURO PROTECAO LAMINA SERRA	UN	FERRAMENTAS	9900013342.jpeg
9900013343	ALICATE DE CONECTOR PERFURANTE 4 SA?DAS	UN	FERRAMENTAS	9900013343.jpeg
9900013344	CAIXA DE CARGAS RESISTIVAS	UN	EPI/EPC	9900013344.jpeg
9900013348	COLETE BORRACHA,CLASSE 1,TAM P, NTS-28	UN	EPI/EPC	9900013348.jpeg
9900013349	COLETE BORRACHA,CLASSE 1,TAM M, NTS-28	UN	EPI/EPC	9900013349.jpeg
9900013350	COLETE BORRACHA,CLASSE 1,TAM G, NTS-28	UN	EPI/EPC	9900013350.jpeg
9900013355	Bateria 240A Freedom DF4100	UN	BATERIA	9900013355.jpeg
9900013360	CJT 3 ELEM.TRANSF.MED.MT,20A - RECUPERADO			9900013360.jpeg
9900013361	CJT 3ELEM.TRAN.MED.MT,200-600 - RECUPERADO			9900013361.jpeg
9900013367	FERRAMENTA AV6300	UN	FERRAMENTAS	9900013367.jpeg
9900013368	FERRAMENTA AMX17300	UN	FERRAMENTAS	9900013368.jpeg
9900013369	FERRAMENTA FBS17220	UN	FERRAMENTAS	9900013369.jpeg
9900013411	Cc07-11 – Cabo De Controle - Rc10 NOJA	UN	FERRAMENTAS	9900013411.jpeg
9900013487	CAMISA SOCIAL TAM XG MASCULINO	UN	UNIFORME	9900013487.jpeg
9900013488	CAMISA SOCIAL TAM M FEMININO	UN	UNIFORME	9900013488.jpeg
9900013543	CAMISA SOCIAL TAM EXGG MASCULINO	UN	UNIFORME	9900013543.jpeg
9900013544	CAMISA SOCIAL TAM EXG FEMININO	UN	UNIFORME	9900013544.jpeg
9900013557	REGISTRADOR DE NÍVEL DE TENSÃO PQ-300	UN	FERRAMENTAS	9900013557.jpeg
9900013715	PINO ISOL CURT AC ZC 229MM 35X45MM	UN	FERRAGEM DIVERSOS	9900013715.jpeg
9900013850	CAPACETE CONJUGADO, HUBIX	PZ	EPI/EPC	9900013850.jpeg
9900013852	KIT FERRAMENTA HÍBRIDA, HUBIX	KIT	FERRAMENTAS	9900013852.jpeg
9900013853	SERRA ELÉTRICA, BATERIA, HUBIX	PZ	FERRAMENTAS	9900013853.jpeg
9900013855	TESTADOR TTR2LW, PENTA	PZ	FERRAMENTAS	9900013855.jpeg
9900013856	DETECTOR BT UNITAG, PENTA	PZ	FERRAMENTAS	9900013856.jpeg
9900013860	CAMISA SOCIAL TAM XXG MASCULINO	UN	UNIFORME	9900013860.jpeg
9900013866	Capacete para risco elétrico, ATPV mínim	PZ	EPI/EPC	9900013866.jpeg
9900013869	PINO ROSCA CHUMBO 25/35KV 224MM	UN	FERRAGEM	9900013869.jpeg
9900013885	QUALIMETRO ANALISADOR	UN	FERRAMENTAS	9900013885.jpeg
9900013900	POWERNET LX (L-600 CONTINUIDADE)	UN	DIVERSOS	9900013900.jpeg
9900013916	ISOTONICO	UN	MATERIAL GERAL ESPECIAL	9900013916.jpeg
9900013925	JAQUETA UNISSEX TAM P	UN	UNIFORME	9900013925.jpeg
9900013926	JAQUETA UNISSEX TAM M	UN	UNIFORME	9900013926.jpeg
9900013927	JAQUETA UNISSEX TAM G	UN	UNIFORME	9900013927.jpeg
9900013928	JAQUETA UNISSEX TAM GG	UN	UNIFORME	9900013928.jpeg
9900013929	JAQUETA MASC TAM XG	UN	UNIFORME	9900013929.jpeg
9900013930	JAQUETA UNISSEX TAM EXG	UN	UNIFORME	9900013930.jpeg
9900013931	JAQUETA UNISSEX TAM XGG	UN	UNIFORME	9900013931.jpeg
9900013932	JAQUETA UNISSEX TAM XXG	UN	UNIFORME	9900013932.jpeg
990191	DISJUNTOR,4P,BT,280-350A/C/50,GSCL003/31	PZ	MATERIAL GERAL	990191.jpeg
990222	PAINEL QSA TRANSF CC C/DIODOS P/BLOQ	PC	MATERIAL GERAL	990222.jpeg
990226	QDP FIBRA,BARRAMENT,407A,16-240MM2,ET897	PZ	CAIXAS	990226.jpeg
990243	PARA-RAIOS,DH,T,POL,12KV,E,GSCC016/03	PZ	MATERIAL GERAL	990243.jpeg
990254	EMENDA 12/20KV (24) 95-240MM GSC004/4	PZ	CONECTORES	990254.jpeg
990255	EMENDA 12/20KV (24) 35-95MM GSC004/4	PC	CONECTORES	990255.jpeg
990257	CONEC,PERF,AL-CU,50-150,2,5-35,GSCC020/9	PC	CONECTORES	990257.jpeg
990292	ISOL.ANC,36kV,CS70CT125/1250555,GSCC10/2	PEÇ	ISOLADORES	990292.jpeg
990293	ISOL.ANC,24kV,CS70CT125/900-425,GSCC10/1	PC	ISOLADORES	990293.jpeg
990323	CABO,CONCENTR,0.6/1.0,1x6+6C,GSCC014/01	M	CABO	990323.jpeg
990342	CABO,CONCENTR,0.6/1.0,2x16+10C,GSCC014/6	M	CABO	990342.jpeg
990343	CABO,CONCENTR,0.6/1.0,2x10+6C,GSCC014/5	M	CABO	990343.jpeg
990345	CABO,CONCENTR,0.6/1.0,1x16+10C,GSCC014/3	M	CABO	990345.jpeg
990346	CABO,CONCENTR,0.6/1.0,1x10+6 C,GSCC014/2	MT	CABO	990346.jpeg
990354	CABO,CU,UNIP,12/20(24)KV,240MM2,GSCC023	M	CABO ESPECIAL	990354.jpeg
990362	TP,EXT,13,8-11,4-0,11kV,250VA,GSCT4/31	PEÇ	TRANSFORMADORES DE POTÊNCIA	990362.jpeg
990363	DUTO,LISO,PEAD,63MM,PM-Br 65121	M	PVC	990363.jpeg
990365	DUTO,LISO,PEAD,200MM,PM-Br 65121	M	PVC	990365.jpeg
